step	time	event	mr	n1	trigger_block	top_platen_block	contact_index	block_a	block_b	involves_top_pair	contact_state	previous_contact_state	contact_entry	contact_type	gap	area	normal_force	px	py	pz	nx	ny	nz	shear_dx	shear_dy	shear_dz	shear_norm	status_closed	pair_role
512	0.2560000000000002	retry_displacement	-1	514	171	407	137	145	407	0	2	2	137	2	-6.7665121399210895e-02	1.0000000000000000e+00	-1.6916280349802723e+03	2.5381650247063829	0.7638900754269627	49.5160218798506833	0.0000006104021847	-0.0000010306339059	-0.9999999999992826	4.6898850256593162e-03	2.0168333550746246e-03	7.8409922998901038e-10	5.1051580128381596e-03	1	top_other
512	0.2560000000000002	retry_displacement	-1	514	171	407	138	174	407	0	2	2	138	2	-7.2961676135954293e-02	1.0000000000000000e+00	-1.8240419033988574e+03	0.3743644017817885	-2.6138298763473018	49.5170493914071770	0.0000006104021847	-0.0000010306339059	-0.9999999999992826	1.4381223833269798e-03	-3.5775938799761883e-03	4.5650226099258617e-09	3.8558233828185112e-03	1	top_other
512	0.2560000000000002	retry_displacement	-1	514	171	407	139	181	407	0	2	2	139	2	-7.8219424955355721e-02	1.0000000000000000e+00	-1.9554856238838929e+03	-1.8051085565443870	-2.1398748636155660	49.5180748786171918	0.0000006104021847	-0.0000010306339059	-0.9999999999992826	-2.6016643579405132e-03	-2.6098733251532784e-03	1.1017623480213956e-09	3.6851182077005168e-03	1	top_other
512	0.2560000000000002	retry_displacement	-1	514	171	407	140	181	407	0	2	2	140	2	-6.9819687085388465e-02	1.0000000000000000e+00	-1.7454921771347117e+03	0.3741488820553130	-2.6138106635350540	49.5164190306239647	0.0000006104021847	-0.0000010306339059	-0.9999999999992826	3.5951950948981377e-04	-3.4854412971844603e-03	3.8116654693665097e-09	3.5039342622025915e-03	1	top_other
512	0.2560000000000002	retry_displacement	-1	514	171	407	141	185	407	0	2	2	141	2	-7.7022465364764384e-02	1.0000000000000000e+00	-1.9255616341191096e+03	-2.4613650765161923	0.0302561394472676	49.5178298083296298	0.0000006104021847	-0.0000010306339059	-0.9999999999992826	-3.7159973055671440e-03	-7.4841486760572856e-04	-1.4969111228335663e-09	3.7906148299501250e-03	1	top_other
512	0.2560000000000002	retry_displacement	-1	514	171	407	142	191	407	0	2	2	142	2	-7.3183922743942795e-02	1.0000000000000000e+00	-1.8295980685985699e+03	0.3743009326840209	-2.6137559079357899	49.5170941320442282	0.0000006104021847	-0.0000010306339059	-0.9999999999992826	1.1211140665293026e-03	-3.2082133536260838e-03	3.9908239352071107e-09	3.3984598971549627e-03	1	top_other
512	0.2560000000000002	retry_displacement	-1	514	171	407	143	194	407	0	2	2	143	2	-7.3826013904761803e-02	1.0000000000000000e+00	-1.8456503476190451e+03	0.0354535819683164	-0.0335675314543479	49.5172237399780855	0.0000006104021847	-0.0000010306339059	-0.9999999999992826	7.8810962309872621e-04	-1.5665118315384138e-04	6.4251387543734495e-10	8.0352745516548934e-04	1	top_other
512	0.2560000000000002	retry_displacement	-1	514	171	407	144	195	407	0	2	2	144	2	-7.3758192587490556e-02	1.0000000000000000e+00	-1.8439548146872639e+03	0.0355102425319259	-0.0335239865304601	49.5172080850355627	0.0000006104021847	-0.0000010306339059	-0.9999999999992826	1.0694720727513233e-03	6.0283550885796112e-05	5.9067782609556474e-10	1.0711697442061931e-03	1	top_other
512	0.2560000000000002	retry_displacement	-1	514	171	407	145	212	407	0	2	2	145	2	-7.6917792824667874e-02	1.0000000000000000e+00	-1.9229448206166969e+03	-2.4613239076422375	0.0303149130123913	49.5178082877183954	0.0000006104021847	-0.0000010306339059	-0.9999999999992826	-3.5113907920080378e-03	-4.5558652621811635e-04	-1.6738176955577444e-09	3.5408225565640998e-03	1	top_other
512	0.2560000000000002	retry_displacement	-1	514	171	407	146	216	407	0	2	2	146	2	-7.3351181141795119e-02	1.0000000000000000e+00	-1.8337795285448781e+03	5.0042230039016733	-0.0276511172556582	49.5171897247324324	0.0000006104021847	-0.0000010306339059	-0.9999999999992826	9.1019669160849297e-03	7.3628645059167059e-04	4.7970187128099084e-09	9.1316986086298589e-03	1	top_other
512	0.2560000000000002	retry_displacement	-1	514	171	407	147	216	407	0	2	2	147	2	-6.3827897272941178e-02	1.0000000000000000e+00	-1.5956974318235295e+03	2.5384167538529638	0.7638630257865117	49.5152497390396391	0.0000006104021847	-0.0000010306339059	-0.9999999999992826	5.9355607804782752e-03	1.8766073363492342e-03	1.6889841331080291e-09	6.2251535622500501e-03	1	top_other
512	0.2560000000000002	retry_displacement	-1	514	171	407	148	224	407	0	2	2	148	2	-7.0542791131745525e-02	1.0000000000000000e+00	-1.7635697782936381e+03	0.3743426019814066	-2.6138125705527786	49.5165661265508987	0.0000006104021847	-0.0000010306339059	-0.9999999999992826	1.3268562194009926e-03	-3.4914470161492772e-03	4.4083196260036317e-09	3.7350702394413171e-03	1	top_other
512	0.2560000000000002	retry_displacement	-1	514	171	407	149	224	407	0	2	2	149	2	-7.1273963520896738e-02	1.0000000000000000e+00	-1.7818490880224185e+03	0.0354673529015500	-0.0335505377588149	49.5167087190495110	0.0000006104021847	-0.0000010306339059	-0.9999999999992826	8.4704955174510794e-04	-7.0606042619752760e-05	5.8980989536827622e-10	8.4998715070662011e-04	1	top_other
512	0.2560000000000002	retry_displacement	-1	514	171	407	150	225	407	0	2	2	150	2	-6.6394423010619999e-02	1.0000000000000000e+00	-1.6598605752655001e+03	2.5382147819619134	0.7639005290093450	49.5157643182119784	0.0000006104021847	-0.0000010306339059	-0.9999999999992826	4.9365724006739707e-03	2.0669305749698055e-03	8.8304584477949533e-10	5.3518173613121139e-03	1	top_other
512	0.2560000000000002	retry_displacement	-1	514	171	407	151	225	407	0	2	2	151	2	-7.1250791279708500e-02	1.0000000000000000e+00	-1.7812697819927125e+03	0.0355056036393094	-0.0335412646041334	49.5167082429124292	0.0000006104021847	-0.0000010306339059	-0.9999999999992826	1.0447978354114500e-03	-2.6456825151867507e-05	6.6501418261033507e-10	1.0451327573461709e-03	1	top_other
512	0.2560000000000002	retry_displacement	-1	514	171	407	152	227	407	0	2	2	152	2	-7.7765487443715600e-02	1.0000000000000000e+00	-1.9441371860928900e+03	-1.8051017333190900	-2.1399378651653791	49.5179852802653215	0.0000006104021847	-0.0000010306339059	-0.9999999999992826	-2.5668982659258119e-03	-2.9235228526778537e-03	1.4462414738014573e-09	3.8904951584270977e-03	1	top_other
512	0.2560000000000002	retry_displacement	-1	514	171	407	153	227	407	0	2	2	153	2	-7.0098073475498485e-02	1.0000000000000000e+00	-1.7524518368874622e+03	0.0354184261704646	-0.0335392947828922	49.5164719185355438	0.0000006104021847	-0.0000010306339059	-0.9999999999992826	6.0386149092378342e-04	-1.6881193538131556e-05	3.8599670681982445e-10	6.0409740515591972e-04	1	top_other
512	0.2560000000000002	retry_displacement	-1	514	171	407	154	227	407	0	2	2	154	2	-6.8190428333926481e-02	1.0000000000000000e+00	-1.7047607083481621e+03	0.3741903917643284	-2.6138125919546895	49.5160937090689544	0.0000006104021847	-0.0000010306339059	-0.9999999999992826	5.6618318693697116e-04	-3.4949771655401712e-03	3.9476414220862566e-09	3.5405407480825438e-03	1	top_other
512	0.2560000000000002	retry_displacement	-1	514	171	407	155	228	407	0	2	2	155	2	-6.7021606657961419e-02	1.0000000000000000e+00	-1.6755401664490355e+03	2.5381606937147865	0.7638021757060656	49.5158941181033043	0.0000006104021847	-0.0000010306339059	-0.9999999999992826	4.6700811283047310e-03	1.5780122324798636e-03	1.2242748204105425e-09	4.9294807384556811e-03	1	top_other
512	0.2560000000000002	retry_displacement	-1	514	171	407	156	232	407	0	2	2	156	2	-7.5313835580548924e-02	1.0000000000000000e+00	-1.8828458895137230e+03	-2.4613707369908653	0.0303095533267836	49.5174892577704071	0.0000006104021847	-0.0000010306339059	-0.9999999999992826	-3.7459210146536218e-03	-4.8012701352649406e-04	-1.7916832045772324e-09	3.7765653969108891e-03	1	top_other
512	0.2560000000000002	retry_displacement	-1	514	171	407	157	232	407	0	2	2	157	2	-7.0841869652720116e-02	1.0000000000000000e+00	-1.7710467413180029e+03	0.0353988567542714	-0.0335301448566383	49.5166221532973907	0.0000006104021847	-0.0000010306339059	-0.9999999999992826	5.1119841336816493e-04	2.4025796354142675e-05	2.8727482892509926e-10	5.1176269571028964e-04	1	top_other
512	0.2560000000000002	retry_displacement	-1	514	171	407	158	238	407	0	2	2	158	2	-7.9213047247526328e-02	1.0000000000000000e+00	-1.9803261811881582e+03	-1.6886595664450355	2.1341625072802670	49.5182792070304316	0.0000006104021847	-0.0000010306339059	-0.9999999999992826	-1.3295493293238702e-03	2.5628454647899468e-03	-3.4529152453943723e-09	2.8871921126783153e-03	1	top_other
512	0.2560000000000002	retry_displacement	-1	514	171	407	159	238	407	0	2	2	159	2	-7.3759962825833247e-02	1.0000000000000000e+00	-1.8439990706458311e+03	-2.4612895130172503	0.0304268417462495	49.5171773580999428	0.0000006104021847	-0.0000010306339059	-0.9999999999992826	-3.3424420611042902e-03	1.0511738079442486e-04	-2.1485714735147710e-09	3.3440945853233264e-03	1	top_other
512	0.2560000000000002	retry_displacement	-1	514	171	407	160	239	407	0	2	2	160	2	-7.1704675203615995e-02	1.0000000000000000e+00	-1.7926168800903999e+03	2.3695427686008288	-1.5485595840994932	49.5168289478370696	0.0000006104021847	-0.0000010306339059	-0.9999999999992826	4.9805649166083056e-03	-5.9950053718371807e-04	3.6580132950492228e-09	5.0165155020837366e-03	1	top_other
512	0.2560000000000002	retry_displacement	-1	514	171	407	161	239	407	0	2	2	161	2	-7.2702459891304250e-02	1.0000000000000000e+00	-1.8175614972826063e+03	5.0041763269418551	-0.0276555383948320	49.5170577896909805	0.0000006104021847	-0.0000010306339059	-0.9999999999992826	8.8705199897470693e-03	7.1747836955876891e-04	4.6751272436695857e-09	8.8994887549403035e-03	1	top_other
512	0.2560000000000002	retry_displacement	-1	514	171	407	162	239	407	0	2	2	162	2	-6.2259143144357251e-02	1.0000000000000000e+00	-1.5564785786089312e+03	2.5383805932212811	0.7637442752896263	49.5149329312037096	0.0000006104021847	-0.0000010306339059	-0.9999999999992826	5.7513691903620561e-03	1.2885644598042941e-03	2.1826100995991915e-09	5.8939499430281372e-03	1	top_other
512	0.2560000000000002	retry_displacement	-1	514	171	407	163	241	407	0	2	2	163	2	-6.5919970417103319e-02	1.0000000000000000e+00	-1.6479992604275831e+03	2.5381719174917721	0.7637120183222137	49.5156730772848022	0.0000006104021847	-0.0000010306339059	-0.9999999999992826	4.7254627313935791e-03	1.1276912565398830e-03	1.7221959414115418e-09	4.8581566047081201e-03	1	top_other
512	0.2560000000000002	retry_displacement	-1	514	171	407	164	248	407	0	2	2	164	2	-6.4095549199651880e-02	1.0000000000000000e+00	-1.6023887299912969e+03	2.5381786189144249	0.7637733680892396	49.5153014881937068	0.0000006104021847	-0.0000010306339059	-0.9999999999992826	4.7521155061659194e-03	1.4352988644617474e-03	1.4214339982832058e-09	4.9641398665095822e-03	1	top_other
512	0.2560000000000002	retry_displacement	-1	514	171	407	165	248	407	0	2	2	165	2	-7.3142699906967312e-02	1.0000000000000000e+00	-1.8285674976741827e+03	2.3694011850357852	-1.5486051469564444	49.5171142907570214	0.0000006104021847	-0.0000010306339059	-0.9999999999992826	4.2779955469498809e-03	-8.2939514032600420e-04	3.4661005732239403e-09	4.3576532903079170e-03	1	top_other
512	0.2560000000000002	retry_displacement	-1	514	171	407	166	248	407	0	2	2	166	2	-7.0570574690673182e-02	1.0000000000000000e+00	-1.7642643672668296e+03	0.0354788662847554	-0.0335234186519628	49.5165711068696339	0.0000006104021847	-0.0000010306339059	-0.9999999999992826	9.0575814835926476e-04	6.2754538503392976e-05	4.8819980003056429e-10	9.0792948813342108e-04	1	top_other
512	0.2560000000000002	retry_displacement	-1	514	171	407	167	250	407	0	2	2	167	2	-7.2504020574911454e-02	1.0000000000000000e+00	-1.8126005143727864e+03	1.0777614579170560	2.4974539419090815	49.5169751447360369	0.0000006104021847	-0.0000010306339059	-0.9999999999992826	2.9345654805694029e-03	3.2837893867685448e-03	-1.5931194974339036e-09	4.4039694931284207e-03	1	top_other
512	0.2560000000000002	retry_displacement	-1	514	171	407	168	250	407	0	2	2	168	2	-7.1205181251243116e-02	1.0000000000000000e+00	-1.7801295312810778e+03	0.0354819530181103	-0.0335193777111087	49.5166988124841367	0.0000006104021847	-0.0000010306339059	-0.9999999999992826	9.2744286988444540e-04	8.2263923385021435e-05	4.8132917096488370e-10	9.3108411542160076e-04	1	top_other
512	0.2560000000000002	retry_displacement	-1	514	171	407	169	254	407	0	2	2	169	2	-6.4834713525627488e-02	1.0000000000000000e+00	-1.6208678381406871e+03	2.5381822696005161	0.7636833056786898	49.5154537758381963	0.0000006104021847	-0.0000010306339059	-0.9999999999992826	4.7766466701762676e-03	9.8077937761104810e-04	1.9048510963015630e-09	4.8762979399598599e-03	1	top_other
512	0.2560000000000002	retry_displacement	-1	514	171	407	170	254	407	0	2	2	170	2	-7.0713616093156628e-02	1.0000000000000000e+00	-1.7678404023289156e+03	1.0777443446170551	2.4974463317939084	49.5166191032605596	0.0000006104021847	-0.0000010306339059	-0.9999999999992826	2.8477113103573424e-03	3.2436843735973160e-03	-1.6048018747216730e-09	4.3163581898006467e-03	1	top_other
512	0.2560000000000002	retry_displacement	-1	514	171	407	171	258	407	0	2	2	171	2	-7.4780396469688454e-02	1.0000000000000000e+00	-1.8695099117422114e+03	1.0777856944914632	2.4974463629979100	49.5174340019737258	0.0000006104021847	-0.0000010306339059	-0.9999999999992826	3.0617001358051220e-03	3.2437842585439805e-03	-1.4742855825033985e-09	4.4605093921624020e-03	1	top_other
512	0.2560000000000002	retry_displacement	-1	514	171	407	172	259	407	0	2	2	172	2	-7.2421706925086676e-02	1.0000000000000000e+00	-1.8105426731271668e+03	1.0777675951929055	2.4974647268923404	49.5169590696359307	0.0000006104021847	-0.0000010306339059	-0.9999999999992826	2.9702602666481200e-03	3.3308653821957327e-03	-1.6198494351415960e-09	4.4628589767032861e-03	1	top_other
512	0.2560000000000002	retry_displacement	-1	514	171	407	173	264	407	0	2	2	173	2	-6.9679137071439690e-02	1.0000000000000000e+00	-1.7419784267859923e+03	1.0776520062733326	2.4973872332951230	49.5164074438382116	0.0000006104021847	-0.0000010306339059	-0.9999999999992826	2.3923385160107423e-03	2.9452242409407216e-03	-1.5751593085422400e-09	3.7944208259780322e-03	1	top_other
512	0.2560000000000002	retry_displacement	-1	514	171	407	174	264	407	0	2	2	174	2	-7.9166551179184141e-02	1.0000000000000000e+00	-1.9791637794796036e+03	-1.6886898180296313	2.1341160007272846	49.5182727297506204	0.0000006104021847	-0.0000010306339059	-0.9999999999992826	-1.4791620771292017e-03	2.3332465801632033e-03	-3.3076067856852021e-09	2.7626002342487771e-03	1	top_other
512	0.2560000000000002	retry_displacement	-1	514	171	407	175	266	407	0	2	2	175	2	-7.9532323800901805e-02	1.0000000000000000e+00	-1.9883080950225451e+03	4.2100826872126405	2.6760279157543607	49.5184273374274042	0.0000006104021847	-0.0000010306339059	-0.9999999999992826	7.0698249099853307e-03	3.0015885726823038e-03	1.2218976386257907e-09	7.6806222545772662e-03	1	top_other
512	0.2560000000000002	retry_displacement	-1	514	171	407	176	266	407	0	2	2	176	2	-6.3082426594034915e-02	1.0000000000000000e+00	-1.5770606648508729e+03	2.5383524031295877	0.7638347260367155	49.5151022433082204	0.0000006104021847	-0.0000010306339059	-0.9999999999992826	5.6188227835509289e-03	1.7347672752649466e-03	1.6418317261290838e-09	5.8805260795513755e-03	1	top_other
512	0.2560000000000002	retry_displacement	-1	514	171	407	177	270	407	0	2	2	177	2	-8.2032032924796619e-02	1.0000000000000000e+00	-2.0508008231199155e+03	-4.7971086081144403	-1.4369195325523194	49.5188034243318782	0.0000006104021847	-0.0000010306339059	-0.9999999999992826	-9.9667694934725791e-03	-2.4350613433367675e-03	-3.5740810727658001e-09	1.0259922898435518e-02	1	top_other
512	0.2560000000000002	retry_displacement	-1	514	171	407	178	273	407	0	2	2	178	2	-6.9202916731067848e-02	1.0000000000000000e+00	-1.7300729182766961e+03	0.3741815655206026	-2.6140317456642137	49.5162955991535654	0.0000006104021847	-0.0000010306339059	-0.9999999999992826	5.1571130321583457e-04	-4.5845006018481972e-03	5.0397330891849279e-09	4.6134156453365932e-03	1	top_other
512	0.2560000000000002	retry_displacement	-1	514	171	407	179	273	407	0	2	2	179	2	-8.4753077165620638e-02	1.0000000000000000e+00	-2.1188269291405159e+03	-0.7094031091026395	-4.9783548561816104	49.5193926801567130	0.0000006104021847	-0.0000010306339059	-0.9999999999992826	-8.8584202198446738e-04	-7.2479077576674353e-03	6.9292195731263106e-09	7.3018410658968287e-03	1	top_other
512	0.2560000000000002	retry_displacement	-1	514	171	407	180	275	407	0	2	2	180	2	-7.4871381385164526e-02	1.0000000000000000e+00	-1.8717845346291131e+03	-2.4613790860068647	0.0303103236915135	49.5173990330277292	0.0000006104021847	-0.0000010306339059	-0.9999999999992826	-3.7937666305614278e-03	-4.7843815160961216e-04	-1.8226288395206680e-09	3.8238159359572153e-03	1	top_other
512	0.2560000000000002	retry_displacement	-1	514	171	407	181	275	407	0	2	2	181	2	-8.0800206614121864e-02	1.0000000000000000e+00	-2.0200051653530466e+03	-4.7970575772745985	-1.4369161583377661	49.5185574101426766	0.0000006104021847	-0.0000010306339059	-0.9999999999992826	-9.7133999038212775e-03	-2.4187654447286782e-03	-3.4362188372494273e-09	1.0010023175206965e-02	1	top_other
512	0.2560000000000002	retry_displacement	-1	514	171	407	182	281	407	0	2	2	182	2	-6.9246393614877250e-02	1.0000000000000000e+00	-1.7311598403719313e+03	1.0778040819628061	2.4975129130941580	49.5163247487209830	0.0000006104021847	-0.0000010306339059	-0.9999999999992826	3.1421802265343291e-03	3.5753194889073226e-03	-1.7668518037528003e-09	4.7598535716749700e-03	1	top_other
512	0.2560000000000002	retry_displacement	-1	514	171	407	183	281	407	0	2	2	183	2	-7.9108046397151521e-02	1.0000000000000000e+00	-1.9777011599287880e+03	4.2100665719160428	2.6760280221684254	49.5183410115605582	0.0000006104021847	-0.0000010306339059	-0.9999999999992826	6.9911496276986495e-03	2.9990412346506960e-03	1.1764994395369044e-09	7.6072611000285459e-03	1	top_other
512	0.2560000000000002	retry_displacement	-1	514	171	407	184	281	407	0	2	2	184	2	-6.2147229574328007e-02	1.0000000000000000e+00	-1.5536807393582001e+03	2.5383249994065138	0.7638424516659498	49.5149133402847568	0.0000006104021847	-0.0000010306339059	-0.9999999999992826	5.4829758726663552e-03	1.7697843801778598e-03	1.5228206751149997e-09	5.7615242056738101e-03	1	top_other
512	0.2560000000000002	retry_displacement	-1	514	171	407	185	283	407	0	2	2	185	2	-7.3067694936037875e-02	1.0000000000000000e+00	-1.8266923734009470e+03	-2.4613318890433407	0.0304262061582776	49.5170398676907837	0.0000006104021847	-0.0000010306339059	-0.9999999999992826	-3.5534421988168184e-03	1.0277135112263681e-04	-2.2749485212303355e-09	3.5549280458187691e-03	1	top_other
512	0.2560000000000002	retry_displacement	-1	514	171	407	186	283	407	0	2	2	186	2	-8.0035287444352815e-02	1.0000000000000000e+00	-2.0008821861088204e+03	-1.6887224721026470	2.1342017483622344	49.5184456338087031	0.0000006104021847	-0.0000010306339059	-0.9999999999992826	-1.6437687749796049e-03	2.7597320188085563e-03	-3.8476334202064422e-09	3.2121794161051940e-03	1	top_other
512	0.2560000000000002	retry_displacement	-1	514	171	407	187	283	407	0	2	2	187	2	-6.9607225729469396e-02	1.0000000000000000e+00	-1.7401806432367348e+03	0.0354267443195923	-0.0335068975421208	49.5163751967212278	0.0000006104021847	-0.0000010306339059	-0.9999999999992826	6.4826770105570167e-04	1.3930013664213581e-04	2.5213657550704482e-10	6.6306526096654005e-04	1	top_other
512	0.2560000000000002	retry_displacement	-1	514	171	407	188	284	407	0	2	2	188	2	-8.7929337226761065e-02	1.0000000000000000e+00	-2.1982334306690268e+03	-0.7091234834043476	4.9228207705308833	49.5200429907813628	0.0000006104021847	-0.0000010306339059	-0.9999999999992826	4.0311805635769027e-04	7.3365227249766246e-03	-7.3152049140379205e-09	7.3475893911890281e-03	1	top_other
512	0.2560000000000002	retry_displacement	-1	514	171	407	189	284	407	0	2	2	189	2	-6.9481051420579407e-02	1.0000000000000000e+00	-1.7370262855144852e+03	1.0777512987341153	2.4976532307671659	49.5163687479243819	0.0000006104021847	-0.0000010306339059	-0.9999999999992826	2.8823798015735827e-03	4.2683906007448908e-03	-2.6397371372111067e-09	5.1504632452871327e-03	1	top_other
512	0.2560000000000002	retry_displacement	-1	514	171	407	190	285	407	0	2	2	190	2	-7.2613364693508375e-02	1.0000000000000000e+00	-1.8153341173377094e+03	5.0042198745844031	-0.0277100228762976	49.5170427542749110	0.0000006104021847	-0.0000010306339059	-0.9999999999992826	9.0856195486130921e-03	4.4197975811848054e-04	5.0903627007992114e-09	9.0963634870618905e-03	1	top_other
512	0.2560000000000002	retry_displacement	-1	514	171	407	191	285	407	0	2	2	191	2	-6.3501593182485647e-02	1.0000000000000000e+00	-1.5875398295621412e+03	2.5383946440945619	0.7638140108886347	49.5151859029485735	0.0000006104021847	-0.0000010306339059	-0.9999999999992826	5.8273766215092646e-03	1.6324727158298774e-03	1.8745617003101955e-09	6.0517175625474477e-03	1	top_other
512	0.2560000000000002	retry_displacement	-1	514	171	407	192	288	407	0	2	2	192	2	-7.7293178177619506e-02	1.0000000000000000e+00	-1.9323294544404876e+03	-1.6886675525755137	2.1342750995370721	49.5178972094640955	0.0000006104021847	-0.0000010306339059	-0.9999999999992826	-1.3720763365883937e-03	3.1265982760430100e-03	-4.0598965717064672e-09	3.4144121387432763e-03	1	top_other
512	0.2560000000000002	retry_displacement	-1	514	171	407	193	288	407	0	2	2	193	2	-8.7570203779513661e-02	1.0000000000000000e+00	-2.1892550944878417e+03	-0.7091074912773436	4.9227673593124353	49.5199692632271606	0.0000006104021847	-0.0000010306339059	-0.9999999999992826	4.8283492056730535e-04	7.0712849906540863e-03	-6.9931825746882836e-09	7.0877500646973936e-03	1	top_other
512	0.2560000000000002	retry_displacement	-1	514	171	407	194	288	407	0	2	2	194	2	-6.7605635513281581e-02	1.0000000000000000e+00	-1.6901408878320394e+03	1.0776366630874563	2.4975789605946885	49.5159913988919058	0.0000006104021847	-0.0000010306339059	-0.9999999999992826	2.3115983037741632e-03	3.8986183850081178e-03	-2.6070436365266403e-09	4.5324068694173620e-03	1	top_other
512	0.2560000000000002	retry_displacement	-1	514	171	407	195	291	407	0	2	2	195	2	-7.1627748643902339e-02	1.0000000000000000e+00	-1.7906937160975585e+03	0.3742229779972789	-2.6137337075659572	49.5167833804395912	0.0000006104021847	-0.0000010306339059	-0.9999999999992826	7.3087378943951955e-04	-3.1014651060568641e-03	3.6426020671997961e-09	3.1864184126054866e-03	1	top_other
512	0.2560000000000002	retry_displacement	-1	514	171	407	196	292	407	0	2	2	196	2	-8.8859927114382953e-02	1.0000000000000000e+00	-2.2214981778595738e+03	-4.7966555868519789	1.3813885376245665	49.5201699274688423	0.0000006104021847	-0.0000010306339059	-0.9999999999992826	-7.7312388586005835e-03	2.4397083079187314e-03	-7.2336111822668414e-09	8.1070482246324189e-03	1	top_other
512	0.2560000000000002	retry_displacement	-1	514	171	407	197	292	407	0	2	2	197	2	-7.3924510521790165e-02	1.0000000000000000e+00	-1.8481127630447540e+03	-2.4615082392015650	0.0303589976290539	49.5172091659835090	0.0000006104021847	-0.0000010306339059	-0.9999999999992826	-4.4372362300894135e-03	-2.3860245178823917e-04	-2.4625868982885990e-09	4.4436467559453383e-03	1	top_other
512	0.2560000000000002	retry_displacement	-1	514	171	407	198	295	407	0	2	2	198	2	-7.5446019863316921e-02	1.0000000000000000e+00	-1.8861504965829231e+03	-1.8051157524694488	-2.1400709325871459	49.5175193039372914	0.0000006104021847	-0.0000010306339059	-0.9999999999992826	-2.6436615278898181e-03	-3.5900749451778791e-03	2.0863561850381629e-09	4.4584284659555809e-03	1	top_other
512	0.2560000000000002	retry_displacement	-1	514	171	407	199	295	407	0	2	2	199	2	-8.4046122033104229e-02	1.0000000000000000e+00	-2.1011530508276055e+03	-0.7094115821888110	-4.9783362606888684	49.5192494211704286	0.0000006104021847	-0.0000010306339059	-0.9999999999992826	-9.2981840298046205e-04	-7.1581857532066672e-03	6.8099057642934113e-09	7.2183229035544267e-03	1	top_other
512	0.2560000000000002	retry_displacement	-1	514	171	407	200	295	407	0	2	2	200	2	-6.7350861943834481e-02	1.0000000000000000e+00	-1.6837715485958620e+03	0.3740935394851974	-2.6139939907799006	49.5159240192517558	0.0000006104021847	-0.0000010306339059	-0.9999999999992826	7.5517729860361156e-05	-4.3993568668766418e-03	4.5802225484559145e-09	4.4000049738243370e-03	1	top_other
512	0.2560000000000002	retry_displacement	-1	514	171	407	201	298	407	0	2	2	201	2	-8.0078193953161403e-02	1.0000000000000000e+00	-2.0019548488290350e+03	-1.6887332381730729	2.1341779127950091	49.5184554599163604	0.0000006104021847	-0.0000010306339059	-0.9999999999992826	-1.6972232580190403e-03	2.6420915430012933e-03	-3.7590179025048798e-09	3.1402570769244117e-03	1	top_other
512	0.2560000000000002	retry_displacement	-1	514	171	407	202	298	407	0	2	2	202	2	-7.0521338095284644e-02	1.0000000000000000e+00	-1.7630334523821161e+03	1.0776720084077156	2.4974683530278114	49.5165757625750729	0.0000006104021847	-0.0000010306339059	-0.9999999999992826	2.4896892124927367e-03	3.3508128134315238e-03	-1.9337495493765289e-09	4.1745058252999631e-03	1	top_other
512	0.2560000000000002	retry_displacement	-1	514	171	407	203	298	407	0	2	2	203	2	-6.9611393739380356e-02	1.0000000000000000e+00	-1.7402848434845089e+03	0.0354108209287844	-0.0335459743451722	49.5163779046755437	0.0000006104021847	-0.0000010306339059	-0.9999999999992826	5.7108337840285398e-04	-5.6208367845847235e-05	4.0652080313119399e-10	5.7384284059668869e-04	1	top_other
512	0.2560000000000002	retry_displacement	-1	514	171	407	204	300	407	0	2	2	204	2	-7.7265469464461112e-02	1.0000000000000000e+00	-1.9316367366115278e+03	-1.8050908088022894	-2.1398839842247739	49.5178824510621283	0.0000006104021847	-0.0000010306339059	-0.9999999999992826	-2.5138711909976530e-03	-2.6545493152881567e-03	1.2013960520862454e-09	3.6559787242578727e-03	1	top_other
512	0.2560000000000002	retry_displacement	-1	514	171	407	205	305	407	0	2	2	205	2	-6.6433364822858332e-02	1.0000000000000000e+00	-1.6608341205714582e+03	2.5382459141274025	0.7637945632134304	49.5157727087939037	0.0000006104021847	-0.0000010306339059	-0.9999999999992826	5.0927579431774327e-03	1.5374534760539311e-03	1.5240788908688074e-09	5.3197694178253136e-03	1	top_other
512	0.2560000000000002	retry_displacement	-1	514	171	407	206	305	407	0	2	2	206	2	-6.9879306602203678e-02	1.0000000000000000e+00	-1.7469826650550920e+03	0.0354838841670116	-0.0335566850055301	49.5164337876488645	0.0000006104021847	-0.0000010306339059	-0.9999999999992826	9.3640247719915489e-04	-1.0332127619054996e-04	6.7806851800078505e-10	9.4208539178718684e-04	1	top_other
512	0.2560000000000002	retry_displacement	-1	514	171	407	207	305	407	0	2	2	207	2	-7.1063135511455613e-02	1.0000000000000000e+00	-1.7765783877863903e+03	1.0777794516127486	2.4975041156163145	49.5166866510708843	0.0000006104021847	-0.0000010306339059	-0.9999999999992826	3.0221920628477894e-03	3.5328109201727092e-03	-1.7962820675343494e-09	4.6491287207857503e-03	1	top_other
512	0.2560000000000002	retry_displacement	-1	514	171	407	208	306	407	0	2	2	208	2	-6.9675564589207747e-02	1.0000000000000000e+00	-1.7418891147301938e+03	0.3742481098671462	-2.6137067765858459	49.5163932927220714	0.0000006104021847	-0.0000010306339059	-0.9999999999992826	8.5536922374114207e-04	-2.9678663001275261e-03	3.5809028797739728e-09	3.0886707309729531e-03	1	top_other
512	0.2560000000000002	retry_displacement	-1	514	171	407	209	306	407	0	2	2	209	2	-7.1038763086139767e-02	1.0000000000000000e+00	-1.7759690771534943e+03	2.3693467498666210	-1.5485742874082973	49.5166902407088543	0.0000006104021847	-0.0000010306339059	-0.9999999999992826	4.0013143564878650e-03	-6.6959967244992473e-04	3.1325231436563072e-09	4.0569545598627002e-03	1	top_other
512	0.2560000000000002	retry_displacement	-1	514	171	407	210	308	407	0	2	2	210	2	-6.8574966883116248e-02	1.0000000000000000e+00	-1.7143741720779062e+03	0.3743315260573056	-2.6139445372940115	49.5161708473536635	0.0000006104021847	-0.0000010306339059	-0.9999999999992826	1.2628816365013913e-03	-4.1563079748968270e-03	5.0544976398780861e-09	4.3439343929241089e-03	1	top_other
512	0.2560000000000002	retry_displacement	-1	514	171	407	211	308	407	0	2	2	211	2	-8.2656518878833657e-02	1.0000000000000000e+00	-2.0664129719708412e+03	2.0800767060970218	-4.5771408813189138	49.5190148825319767	0.0000006104021847	-0.0000010306339059	-0.9999999999992826	3.1976312426450345e-03	-5.8356788846957580e-03	7.9662896279586448e-09	6.6543214236529794e-03	1	top_other
512	0.2560000000000002	retry_displacement	-1	514	171	407	212	318	407	0	2	2	212	2	-7.2438366664960202e-02	1.0000000000000000e+00	-1.8109591666240051e+03	1.0777313211722899	2.4974491119673332	49.5169653040619124	0.0000006104021847	-0.0000010306339059	-0.9999999999992826	2.7879384703872025e-03	3.2584291750620592e-03	-1.6564838389854231e-09	4.2883518516515515e-03	1	top_other
512	0.2560000000000002	retry_displacement	-1	514	171	407	213	320	407	0	2	2	213	2	-7.6438890049284752e-02	1.0000000000000000e+00	-1.9109722512321189e+03	-1.8051467131922139	-2.1399651004475944	49.5177192399205950	0.0000006104021847	-0.0000010306339059	-0.9999999999992826	-2.7937488641931545e-03	-3.0619302664717128e-03	1.4504187573205485e-09	4.1449305992885066e-03	1	top_other
512	0.2560000000000002	retry_displacement	-1	514	171	407	214	320	407	0	2	2	214	2	-7.4729827952525821e-02	1.0000000000000000e+00	-1.8682456988131455e+03	-2.4614157990833134	0.0303611695209568	49.5173720462794762	0.0000006104021847	-0.0000010306339059	-0.9999999999992826	-3.9782495757934881e-03	-2.2203398016360312e-04	-2.1994964877203316e-09	3.9844408360086361e-03	1	top_other
512	0.2560000000000002	retry_displacement	-1	514	171	407	215	320	407	0	2	2	215	2	-6.9237623560253578e-02	1.0000000000000000e+00	-1.7309405890063395e+03	0.0354154219352850	-0.0335461768622366	49.5162991586818251	0.0000006104021847	-0.0000010306339059	-0.9999999999992826	5.8806378828278713e-04	-5.3797851418602207e-05	4.1440130493786143e-10	5.9051945599356199e-04	1	top_other
512	0.2560000000000002	retry_displacement	-1	514	171	407	216	322	407	0	2	2	216	2	-6.7145154946315053e-02	1.0000000000000000e+00	-1.6786288736578763e+03	0.3743714888099092	-2.6138832361152025	49.5158851884297135	0.0000006104021847	-0.0000010306339059	-0.9999999999992826	1.4634276686303815e-03	-3.8500941239167212e-03	4.8613169878475304e-09	4.1188402863372416e-03	1	top_other
512	0.2560000000000002	retry_displacement	-1	514	171	407	217	322	407	0	2	2	217	2	-6.9330436160632766e-02	1.0000000000000000e+00	-1.7332609040158191e+03	2.3693842262387066	-1.5487087363209171	49.5163466612503242	0.0000006104021847	-0.0000010306339059	-0.9999999999992826	4.1802864209179507e-03	-1.3399767405411923e-03	3.9326814305074009e-09	4.3897986543938294e-03	1	top_other
512	0.2560000000000002	retry_displacement	-1	514	171	407	218	322	407	0	2	2	218	2	-8.2184834266993759e-02	1.0000000000000000e+00	-2.0546208566748442e+03	2.0800658622658061	-4.5771092510806284	49.5189223213696010	0.0000006104021847	-0.0000010306339059	-0.9999999999992826	3.1431050712518410e-03	-5.6762918917599072e-03	7.7687370980683568e-09	6.4884049757585769e-03	1	top_other
512	0.2560000000000002	retry_displacement	-1	514	171	407	219	325	407	0	2	2	219	2	-8.8327410700020412e-02	1.0000000000000000e+00	-2.2081852675005102e+03	-4.7965954380520044	1.3813525453146567	49.5200637786350200	0.0000006104021847	-0.0000010306339059	-0.9999999999992826	-7.4301164868491951e-03	2.2610896387140664e-03	-6.8657149826512054e-09	7.7665408878403175e-03	1	top_other
512	0.2560000000000002	retry_displacement	-1	514	171	407	220	325	407	0	2	2	220	2	-7.6694903580002804e-02	1.0000000000000000e+00	-1.9173725895000700e+03	-1.6888702034226910	2.1341966233349496	49.5177738618704026	0.0000006104021847	-0.0000010306339059	-0.9999999999992826	-2.3823985983080441e-03	2.7311232946385065e-03	-4.2690095625186331e-09	3.6242043998311476e-03	1	top_other
512	0.2560000000000002	retry_displacement	-1	514	171	407	221	325	407	0	2	2	221	2	-7.1498036991832492e-02	1.0000000000000000e+00	-1.7874509247958124e+03	-2.4614606358757967	0.0304745535331946	49.5167245102209819	0.0000006104021847	-0.0000010306339059	-0.9999999999992826	-4.2011101006919314e-03	3.3997658541471315e-04	-2.9147581848132376e-09	4.2148440252012306e-03	1	top_other
512	0.2560000000000002	retry_displacement	-1	514	171	407	222	327	407	0	2	2	222	2	-7.0146689787529776e-02	1.0000000000000000e+00	-1.7536672446882444e+03	0.3742837885972605	-2.6138003294066166	49.5164883432225196	0.0000006104021847	-0.0000010306339059	-0.9999999999992826	1.0338149347746662e-03	-3.4324898742605328e-03	4.1686833429643855e-09	3.5847956784566697e-03	1	top_other
512	0.2560000000000002	retry_displacement	-1	514	171	407	223	327	407	0	2	2	223	2	-6.9874933238719517e-02	1.0000000000000000e+00	-1.7468733309679878e+03	0.0354547516969930	-0.0334993185436446	49.5164300745925203	0.0000006104021847	-0.0000010306339059	-0.9999999999992826	7.8452534597630110e-04	1.8477253270561702e-04	2.8844314436948792e-10	8.0599063724200073e-04	1	top_other
512	0.2560000000000002	retry_displacement	-1	514	171	407	224	327	407	0	2	2	224	2	-7.1575381885103359e-02	1.0000000000000000e+00	-1.7893845471275840e+03	2.3693939025279223	-1.5486354807309808	49.5167979983237245	0.0000006104021847	-0.0000010306339059	-0.9999999999992826	4.2384303315543019e-03	-9.7710449478559760e-04	3.5941841586284440e-09	4.3496005413351064e-03	1	top_other
512	0.2560000000000002	retry_displacement	-1	514	171	407	225	328	407	0	2	2	225	2	-7.2612242485830383e-02	1.0000000000000000e+00	-1.8153060621457596e+03	2.3693715559638933	-1.5485236413768717	49.5170082348951652	0.0000006104021847	-0.0000010306339059	-0.9999999999992826	4.1255212144675141e-03	-4.1880426703764086e-04	2.9498610498723821e-09	4.1467242861226196e-03	1	top_other
512	0.2560000000000002	retry_displacement	-1	514	171	407	226	330	407	0	2	2	226	2	-7.2911865616273941e-02	1.0000000000000000e+00	-1.8227966404068486e+03	-2.4614664090564746	0.0303133028450318	49.5170064087046242	0.0000006104021847	-0.0000010306339059	-0.9999999999992826	-4.2316690899134972e-03	-4.6550572032974497e-04	-2.1032540847842895e-09	4.2571961268179160e-03	1	top_other
512	0.2560000000000002	retry_displacement	-1	514	171	407	227	330	407	0	2	2	227	2	-8.1956724898429256e-02	1.0000000000000000e+00	-2.0489181224607314e+03	-4.7970120803816325	-1.4369935468347237	49.5187885357071167	0.0000006104021847	-0.0000010306339059	-0.9999999999992826	-9.4866785106460464e-03	-2.8055563954830832e-03	-2.8991877371042918e-09	9.8928365928381695e-03	1	top_other
512	0.2560000000000002	retry_displacement	-1	514	171	407	228	330	407	0	2	2	228	2	-8.7199030787650192e-02	1.0000000000000000e+00	-2.1799757696912548e+03	-4.7967315505955082	1.3813225713522441	49.5198381376826120	0.0000006104021847	-0.0000010306339059	-0.9999999999992826	-8.1136371907731923e-03	2.1094706090808383e-03	-7.1266737927677681e-09	8.3833749000104107e-03	1	top_other
512	0.2560000000000002	retry_displacement	-1	514	171	407	229	340	407	0	2	2	229	2	-6.7719594151568488e-02	1.0000000000000000e+00	-1.6929898537892122e+03	1.0778025675897638	2.4975883228975322	49.5160178924968193	0.0000006104021847	-0.0000010306339059	-0.9999999999992826	3.1337196938824043e-03	3.9494371192649227e-03	-2.1575944503249289e-09	5.0416517808014759e-03	1	top_other
512	0.2560000000000002	retry_displacement	-1	514	171	407	230	340	407	0	2	2	230	2	-8.0352932287490270e-02	1.0000000000000000e+00	-2.0088233071872567e+03	2.0803509054276335	4.5218011667523559	49.5185648746369864	0.0000006104021847	-0.0000010306339059	-0.9999999999992826	4.4369574475605026e-03	6.9931306720310248e-03	-4.4990290520852128e-09	8.2819362462883007e-03	1	top_other
512	0.2560000000000002	retry_displacement	-1	514	171	407	231	340	407	0	2	2	231	2	-7.8279207785121846e-02	1.0000000000000000e+00	-1.9569801946280461e+03	4.2100695465777402	2.6760673448101882	49.5181740440017677	0.0000006104021847	-0.0000010306339059	-0.9999999999992826	7.0061408460979149e-03	3.1931260995063729e-03	9.8561966921373312e-10	7.6994846478651647e-03	1	top_other
512	0.2560000000000002	retry_displacement	-1	514	171	407	232	341	407	0	2	2	232	2	-7.9079681947444899e-02	1.0000000000000000e+00	-1.9769920486861224e+03	-1.6886557261648094	2.1341187640583881	49.5182533410297623	0.0000006104021847	-0.0000010306339059	-0.9999999999992826	-1.3084461639678233e-03	2.3447806055853109e-03	-3.2152887852188172e-09	2.6851494283077555e-03	1	top_other
512	0.2560000000000002	retry_displacement	-1	514	171	407	233	343	407	0	2	2	233	2	-8.4655402392180168e-02	1.0000000000000000e+00	-2.1163850598045042e+03	-3.2731612216186603	-3.8077812602235896	49.5193459449099294	0.0000006104021847	-0.0000010306339059	-0.9999999999992826	-6.0281671772235449e-03	-6.2549892304183639e-03	2.7669975616317899e-09	8.6869839293746056e-03	1	top_other
512	0.2560000000000002	retry_displacement	-1	514	171	407	234	343	407	0	2	2	234	2	-7.4108719284545821e-02	1.0000000000000000e+00	-1.8527179821136456e+03	-1.8052166153885238	-2.1400826210026720	49.5172503559737009	0.0000006104021847	-0.0000010306339059	-0.9999999999992826	-3.1478281084591272e-03	-3.6469243071344851e-03	1.8372026955315590e-09	4.8175594134766088e-03	1	top_other
512	0.2560000000000002	retry_displacement	-1	514	171	407	235	350	407	0	2	2	235	2	-8.7151856673281958e-02	1.0000000000000000e+00	-2.1787964168320491e+03	-3.2729667618774458	3.7522275199879558	49.5198515497725751	0.0000006104021847	-0.0000010306339059	-0.9999999999992826	-5.1143739108631412e-03	6.1848822638703614e-03	-9.4961743746235783e-09	8.0255584926001190e-03	1	top_other
512	0.2560000000000002	retry_displacement	-1	514	171	407	236	350	407	0	2	2	236	2	-7.5960069746690617e-02	1.0000000000000000e+00	-1.8990017436672654e+03	-1.6888497717332414	2.1342853880372203	49.5176281490832650	0.0000006104021847	-0.0000010306339059	-0.9999999999992826	-2.2820851863397801e-03	3.1732174670469357e-03	-4.6634152928159978e-09	3.9086086899183178e-03	1	top_other
512	0.2560000000000002	retry_displacement	-1	514	171	407	237	353	407	0	2	2	237	2	-8.3799660200174389e-02	1.0000000000000000e+00	-2.0949915050043596e+03	-3.2731263675928188	-3.8078029456101703	49.5191758587424999	0.0000006104021847	-0.0000010306339059	-0.9999999999992826	-5.8525431582073682e-03	-6.3642566822096494e-03	2.9868135881239155e-09	8.6461566337731229e-03	1	top_other
512	0.2560000000000002	retry_displacement	-1	514	171	407	238	353	407	0	2	2	238	2	-8.3131501578106337e-02	1.0000000000000000e+00	-2.0782875394526586e+03	-0.7094494748382758	-4.9783649822535718	49.5190654622956643	0.0000006104021847	-0.0000010306339059	-0.9999999999992826	-1.1202538378845210e-03	-7.3003920360369167e-03	6.8402261910183171e-09	7.3858440642334865e-03	1	top_other
512	0.2560000000000002	retry_displacement	-1	514	171	407	239	353	407	0	2	2	239	2	-7.3272713593249730e-02	1.0000000000000000e+00	-1.8318178398312432e+03	-1.8052073730866922	-2.1400943495098006	49.5170837091301195	0.0000006104021847	-0.0000010306339059	-0.9999999999992826	-3.1022861244710551e-03	-3.7073269999027309e-03	1.9272546891713205e-09	4.8340927465551518e-03	1	top_other
512	0.2560000000000002	retry_displacement	-1	514	171	407	240	355	407	0	2	2	240	2	-6.9565820110670445e-02	1.0000000000000000e+00	-1.7391455027667612e+03	2.3695805237667500	-1.5487055883799883	49.5163984883820092	0.0000006104021847	-0.0000010306339059	-0.9999999999992826	5.1624938170044647e-03	-1.3275886458543901e-03	4.5194553655036884e-09	5.3304628338664223e-03	1	top_other
512	0.2560000000000002	retry_displacement	-1	514	171	407	241	355	407	0	2	2	241	2	-7.1658420177370660e-02	1.0000000000000000e+00	-1.7914605044342666e+03	5.0042160321046696	-0.0277078473708912	49.5168469179070456	0.0000006104021847	-0.0000010306339059	-0.9999999999992826	9.0645864771585240e-03	4.5773659970813974e-04	5.0612845164943465e-09	9.0761363363836244e-03	1	top_other
512	0.2560000000000002	retry_displacement	-1	514	171	407	242	355	407	0	2	2	242	2	-7.7813715268044439e-02	1.0000000000000000e+00	-1.9453428817011111e+03	4.2102262311464429	-2.7316080773674685	49.5180747828041206	0.0000006104021847	-0.0000010306339059	-0.9999999999992826	7.8653515606259827e-03	-2.9514131015379564e-03	7.8428541994135514e-09	8.4008686734309210e-03	1	top_other
512	0.2560000000000002	retry_displacement	-1	514	171	407	243	357	407	0	2	2	243	2	-8.5954704970571019e-02	1.0000000000000000e+00	-2.1488676242642755e+03	-3.2730032967763192	3.7521831386515627	49.5196109096356452	0.0000006104021847	-0.0000010306339059	-0.9999999999992826	-5.2989241902528178e-03	5.9644540762134575e-03	-9.3816434898474910e-09	7.9783024511103761e-03	1	top_other
512	0.2560000000000002	retry_displacement	-1	514	171	407	244	357	407	0	2	2	244	2	-8.7534706422093198e-02	1.0000000000000000e+00	-2.1883676605523301e+03	-4.7966022933583234	1.3813784504194886	49.5199054996334382	0.0000006104021847	-0.0000010306339059	-0.9999999999992826	-7.4650209826081703e-03	2.3912783392413396e-03	-7.0211976510581309e-09	7.8386701912093720e-03	1	top_other
512	0.2560000000000002	retry_displacement	-1	514	171	407	245	357	407	0	2	2	245	2	-7.4753103739223795e-02	1.0000000000000000e+00	-1.8688275934805949e+03	-1.6888976818151704	2.1342637120291599	49.5173854456400662	0.0000006104021847	-0.0000010306339059	-0.9999999999992826	-2.5217245630443589e-03	3.0659568869704696e-03	-4.6991453089839652e-09	3.9697841760787190e-03	1	top_other
512	0.2560000000000002	retry_displacement	-1	514	171	407	246	359	407	0	2	2	246	2	-8.1002763264402672e-02	1.0000000000000000e+00	-2.0250690816100669e+03	2.0803851449692914	4.5217844750800493	49.5186939646660704	0.0000006104021847	-0.0000010306339059	-0.9999999999992826	4.6120517574537454e-03	6.9082984196777919e-03	-4.3047200942725183e-09	8.3063595195954163e-03	1	top_other
512	0.2560000000000002	retry_displacement	-1	514	171	407	247	359	407	0	2	2	247	2	-8.6032571936589183e-02	1.0000000000000000e+00	-2.1508142984147294e+03	-0.7090367563942962	4.9228948183417627	49.5196635706459318	0.0000006104021847	-0.0000010306339059	-0.9999999999992826	8.3533836768165707e-04	7.7061344915640862e-03	-7.4323111137752917e-09	7.7512772489861295e-03	1	top_other
512	0.2560000000000002	retry_displacement	-1	514	171	407	248	359	407	0	2	2	248	2	-6.7928085867868013e-02	1.0000000000000000e+00	-1.6982021466967003e+03	1.0778145440950524	2.4976802092601686	49.5160575280275310	0.0000006104021847	-0.0000010306339059	-0.9999999999992826	3.1953830844612279e-03	4.4041413466538769e-03	-2.5885885657217500e-09	5.4412254187612809e-03	1	top_other
512	0.2560000000000002	retry_displacement	-1	514	171	407	249	360	407	0	2	2	249	2	-6.8818896424997181e-02	1.0000000000000000e+00	-1.7204724106249296e+03	1.0778117627170716	2.4976688848614885	49.5162381162281875	0.0000006104021847	-0.0000010306339059	-0.9999999999992826	3.1811023433188377e-03	4.3509373245199552e-03	-2.5424716915134482e-09	5.3898114735652794e-03	1	top_other
512	0.2560000000000002	retry_displacement	-1	514	171	407	250	360	407	0	2	2	250	2	-8.0933468633892891e-02	1.0000000000000000e+00	-2.0233367158473222e+03	2.0803435909417134	4.5218114632769870	49.5186812873212219	0.0000006104021847	-0.0000010306339059	-0.9999999999992826	4.4024636631314132e-03	7.0439614497184860e-03	-4.5724720537654306e-09	8.3065684377084097e-03	1	top_other
512	0.2560000000000002	retry_displacement	-1	514	171	407	251	363	407	0	2	2	251	2	-7.9099151918119767e-02	1.0000000000000000e+00	-1.9774787979529942e+03	-4.7969799581742381	-1.4369825218542573	49.5182185567606012	0.0000006104021847	-0.0000010306339059	-0.9999999999992826	-9.3292402223767376e-03	-2.7525635653697137e-03	-2.8577032684662385e-09	9.7268355238598007e-03	1	top_other
512	0.2560000000000002	retry_displacement	-1	514	171	407	252	363	407	0	2	2	252	2	-8.3804007092581498e-02	1.0000000000000000e+00	-2.0951001773145376e+03	-3.2731883864483691	-3.8077397691908716	49.5191751062253687	0.0000006104021847	-0.0000010306339059	-0.9999999999992826	-6.1654889819979094e-03	-6.0487853514126560e-03	2.4706553192199721e-09	8.6371904352403883e-03	1	top_other
512	0.2560000000000002	retry_displacement	-1	514	171	407	253	363	407	0	2	2	253	2	-7.2992274097535614e-02	1.0000000000000000e+00	-1.8248068524383903e+03	-1.8052214435047502	-2.1400343047886166	49.5170267036183276	0.0000006104021847	-0.0000010306339059	-0.9999999999992826	-3.1731136466334495e-03	-3.4070643209924934e-03	1.5745604958761206e-09	4.6558283368090311e-03	1	top_other
512	0.2560000000000002	retry_displacement	-1	514	171	407	254	369	407	0	2	2	254	2	-7.1333587514325544e-02	1.0000000000000000e+00	-1.7833396878581386e+03	5.0042439883262331	-0.0276391606151449	49.5167851719154868	0.0000006104021847	-0.0000010306339059	-0.9999999999992826	9.2041715432261504e-03	7.9132683199945942e-04	4.8026781718224498e-09	9.2381259978525643e-03	1	top_other
512	0.2560000000000002	retry_displacement	-1	514	171	407	255	369	407	0	2	2	255	2	-7.9260314686732211e-02	1.0000000000000000e+00	-1.9815078671683052e+03	4.2100710869133948	2.6760579540328324	49.5183727258427595	0.0000006104021847	-0.0000010306339059	-0.9999999999992826	7.0100829519285368e-03	3.1525359596124773e-03	1.0298594893543012e-09	7.6863350154394092e-03	1	top_other
512	0.2560000000000002	retry_displacement	-1	514	171	407	256	369	407	0	2	2	256	2	-6.2206368758941859e-02	1.0000000000000000e+00	-1.5551592189735466e+03	2.5383763724616286	0.7638666360594399	49.5149256559531352	0.0000006104021847	-0.0000010306339059	-0.9999999999992826	5.7353831716903244e-03	1.8932846932571291e-03	1.5496070260301309e-09	6.0397969382945905e-03	1	top_other
512	0.2560000000000002	retry_displacement	-1	514	171	407	257	370	407	0	2	2	257	2	-7.6639587198219866e-02	1.0000000000000000e+00	-1.9159896799554967e+03	4.2101783918798459	-2.7316208538518838	49.5178343469602993	0.0000006104021847	-0.0000010306339059	-0.9999999999992826	7.6296726924558042e-03	-3.0146893263904837e-03	7.7642099277630550e-09	8.2036733923723949e-03	1	top_other
512	0.2560000000000002	retry_displacement	-1	514	171	407	258	370	407	0	2	2	258	2	-8.1365540169208495e-02	1.0000000000000000e+00	-2.0341385042302124e+03	2.0801042954512368	-4.5771063406807944	49.5187589295612085	0.0000006104021847	-0.0000010306339059	-0.9999999999992826	3.3348149971421073e-03	-5.6643965768959133e-03	7.8734975206273816e-09	6.5731559882278804e-03	1	top_other
512	0.2560000000000002	retry_displacement	-1	514	171	407	259	370	407	0	2	2	259	2	-6.7783277072243464e-02	1.0000000000000000e+00	-1.6945819268060866e+03	2.3694592109709305	-1.5487173416372300	49.5160366998224433	0.0000006104021847	-0.0000010306339059	-0.9999999999992826	4.5533292669680658e-03	-1.3846799133082600e-03	4.2064601940561275e-09	4.7592169393467455e-03	1	top_other
512	0.2560000000000002	retry_displacement	-1	514	171	407	260	371	407	0	2	2	260	2	-6.9346504103505166e-02	1.0000000000000000e+00	-1.7336626025876292e+03	2.3695612664849364	-1.5486699961079324	49.5163520897478833	0.0000006104021847	-0.0000010306339059	-0.9999999999992826	5.0630103889034613e-03	-1.1519812240768331e-03	4.2777435205199055e-09	5.1924112836704527e-03	1	top_other
512	0.2560000000000002	retry_displacement	-1	514	171	407	261	371	407	0	2	2	261	2	-7.7606625373100327e-02	1.0000000000000000e+00	-1.9401656343275081e+03	4.2102325034907171	-2.7315723171557025	49.5180307777354471	0.0000006104021847	-0.0000010306339059	-0.9999999999992826	7.8967768041543537e-03	-2.7744899261077415e-03	7.6796932146905306e-09	8.3699987004038755e-03	1	top_other
512	0.2560000000000002	retry_displacement	-1	514	171	407	262	372	407	0	2	2	262	2	-8.1293310398035820e-02	1.0000000000000000e+00	-2.0323327599508955e+03	2.0800264537229807	-4.5771994578249675	49.5187393506394571	0.0000006104021847	-0.0000010306339059	-0.9999999999992826	2.9490500893129489e-03	-6.1270714766409077e-03	8.1148742447911815e-09	6.7998456827496577e-03	1	top_other
512	0.2560000000000002	retry_displacement	-1	514	171	407	263	372	407	0	2	2	263	2	-8.3330596275807176e-02	1.0000000000000000e+00	-2.0832649068951796e+03	-0.7093333914316829	-4.9783696639522335	49.5191096944979066	0.0000006104021847	-0.0000010306339059	-0.9999999999992826	-5.3539920012748109e-04	-7.3226027246847698e-03	7.2201138123784148e-09	7.3421497510681496e-03	1	top_other
512	0.2560000000000002	retry_displacement	-1	514	171	407	264	372	407	0	2	2	264	2	-6.7167793271178555e-02	1.0000000000000000e+00	-1.6791948317794638e+03	0.3742883676804880	-2.6140128569250836	49.5158878388013051	0.0000006104021847	-0.0000010306339059	-0.9999999999992826	1.0452207603574078e-03	-4.4943718065053907e-03	5.2700570019048598e-09	4.6143108231913050e-03	1	top_other
512	0.2560000000000002	retry_displacement	-1	514	171	407	265	375	407	0	2	2	265	2	-8.6212603700040955e-02	1.0000000000000000e+00	-2.1553150925010241e+03	-0.7091963620007007	4.9227855881298224	49.5196963894884163	0.0000006104021847	-0.0000010306339059	-0.9999999999992826	3.8672536538061862e-05	7.1589323616278438e-03	-7.3546326112561289e-09	7.1590368153473544e-03	1	top_other
512	0.2560000000000002	retry_displacement	-1	514	171	407	266	375	407	0	2	2	266	2	-8.5925123113533300e-02	1.0000000000000000e+00	-2.1481280778383325e+03	-3.2728966772492027	3.7522562232524264	49.5196076220060775	0.0000006104021847	-0.0000010306339059	-0.9999999999992826	-4.7620237855294867e-03	6.3287795109680514e-03	-9.4294044655773845e-09	7.9202475108096533e-03	1	top_other
512	0.2560000000000002	retry_displacement	-1	514	171	407	267	375	407	0	2	2	267	2	-7.4647700249443741e-02	1.0000000000000000e+00	-1.8661925062360935e+03	-1.6888099616608330	2.1343284718403650	49.5173664865794052	0.0000006104021847	-0.0000010306339059	-0.9999999999992826	-2.0838340295067834e-03	3.3909905697385467e-03	-4.7668466951478194e-09	3.9800981528863022e-03	1	top_other
512	0.2560000000000002	retry_displacement	-1	514	171	407	268	394	407	0	2	2	268	2	-7.8750980130716713e-02	1.0000000000000000e+00	-1.9687745032679179e+03	-4.7969693090170908	-1.4369583678080176	49.5181487971058516	0.0000006104021847	-0.0000010306339059	-0.9999999999992826	-9.2723613790540622e-03	-2.6306911372814216e-03	-2.9485901636983058e-09	9.6383204659086265e-03	1	top_other
512	0.2560000000000002	retry_displacement	-1	514	171	407	269	394	407	0	2	2	269	2	-7.5778010489957692e-02	1.0000000000000000e+00	-1.8944502622489424e+03	-1.8051268287338005	-2.1399449632387642	49.5175853031124191	0.0000006104021847	-0.0000010306339059	-0.9999999999992826	-2.6961108204565497e-03	-2.9607390254084019e-03	1.4057260772082358e-09	4.0043712531134222e-03	1	top_other
512	0.2560000000000002	retry_displacement	-1	514	171	407	270	394	407	0	2	2	270	2	-7.4968851630848224e-02	1.0000000000000000e+00	-1.8742212907712055e+03	-2.4613946820301846	0.0303777406920958	49.5174186221666730	0.0000006104021847	-0.0000010306339059	-0.9999999999992826	-3.8740644527727485e-03	-1.4165498704825258e-04	-2.2187429532527503e-09	3.8766533917282283e-03	1	top_other
512	0.2560000000000002	retry_displacement	-1	514	171	407	271	395	407	0	2	2	271	2	-7.5641445933000193e-02	1.0000000000000000e+00	-1.8910361483250049e+03	-1.8051429417119622	-2.1398894991385449	49.5175572714943826	0.0000006104021847	-0.0000010306339059	-0.9999999999992826	-2.7772496460280083e-03	-2.6835127289718680e-03	1.0704799546790156e-09	3.8619109470465376e-03	1	top_other
512	0.2560000000000002	retry_displacement	-1	514	171	407	272	395	407	0	2	2	272	2	-7.9742564163443830e-02	1.0000000000000000e+00	-1.9935641040860958e+03	-4.7969813268878072	-1.4369763526037560	49.5183467950814773	0.0000006104021847	-0.0000010306339059	-0.9999999999992826	-9.3320767159072743e-03	-2.7212004950773676e-03	-2.8917585270793467e-09	9.7207298062437861e-03	1	top_other
512	0.2560000000000002	retry_displacement	-1	514	171	407	273	398	407	0	2	2	273	2	-6.8017104964795252e-02	1.0000000000000000e+00	-1.7004276241198813e+03	2.5382098176858561	0.7639767518411716	49.5160914595022916	0.0000006104021847	-0.0000010306339059	-0.9999999999992826	4.9123752466060395e-03	2.4499984241861082e-03	4.7347313569812144e-10	5.4894373884745587e-03	1	top_other
512	0.2560000000000002	retry_displacement	-1	514	171	407	274	399	407	0	2	2	274	2	-6.5122340787800631e-02	1.0000000000000000e+00	-1.6280585196950158e+03	2.5381516520415746	0.7637775793888707	49.5155087556201607	0.0000006104021847	-0.0000010306339059	-0.9999999999992826	4.6165187031572278e-03	1.4598415221755386e-03	1.3133709536594651e-09	4.8418366563185511e-03	1	top_other
512	0.2560000000000002	retry_displacement	-1	514	171	407	275	399	407	0	2	2	275	2	-7.4132025359624834e-02	1.0000000000000000e+00	-1.8533006339906208e+03	2.3693866751907633	-1.5485605247203638	49.5173153943468876	0.0000006104021847	-0.0000010306339059	-0.9999999999992826	4.2051319337710015e-03	-6.0336698258270556e-04	3.1886721874041513e-09	4.2481980057551194e-03	1	top_other
512	0.2557780319562593	retry_displacement	-1	515	369	407	254	369	407	1	2	2	254	2	-1.5446589614584516e-01	1.0000000000000000e+00	-3.8616474036461291e+03	5.0042439883262331	-0.0276391606151449	49.5167851719154868	0.0000006104021847	-0.0000010306339059	-0.9999999999992826	4.2057019291876375e-03	8.0362420770756010e-04	1.7389273077039746e-09	4.2817917493018316e-03	1	trigger_top
512	0.2557780319562593	retry_displacement	-1	515	369	407	255	369	407	1	2	2	255	2	-1.5668104943149552e-01	1.0000000000000000e+00	-3.9170262357873880e+03	4.2100710869133948	2.6760579540328324	49.5183727258427595	0.0000006104021847	-0.0000010306339059	-0.9999999999992826	3.7757555207599217e-03	1.6567838122442738e-03	5.9719185152573573e-10	4.1232587055706378e-03	1	trigger_top
512	0.2557780319562593	retry_displacement	-1	515	369	407	256	369	407	1	2	2	256	2	-1.5296282949838697e-01	1.0000000000000000e+00	-3.8240707374596741e+03	2.5383763724616286	0.7638666360594399	49.5149256559531352	0.0000006104021847	-0.0000010306339059	-0.9999999999992826	3.5975190934055220e-03	1.4230555135492065e-03	7.2928427186091938e-10	3.8687505246604642e-03	1	trigger_top
512	0.2557780319562593	retry_displacement	-1	515	369	407	137	145	407	0	2	2	137	2	-1.5372868638113957e-01	1.0000000000000000e+00	-3.8432171595284890e+03	2.5381650247063829	0.7638900754269627	49.5160218798506833	0.0000006104021847	-0.0000010306339059	-0.9999999999992826	3.4204476172788449e-03	1.4694214130788607e-03	5.7341320580661659e-10	3.7227222823846976e-03	1	top_other
512	0.2557780319562593	retry_displacement	-1	515	369	407	138	174	407	0	2	2	138	2	-1.5754385919829089e-01	1.0000000000000000e+00	-3.9385964799572721e+03	0.3743644017817885	-2.6138298763473018	49.5170493914071770	0.0000006104021847	-0.0000010306339059	-0.9999999999992826	1.0454339228697946e-03	-1.0667068546107311e-03	1.7375194061308719e-09	1.4935848153899616e-03	1	top_other
512	0.2557780319562593	retry_displacement	-1	515	369	407	139	181	407	0	2	2	139	2	-1.6096690229665730e-01	1.0000000000000000e+00	-4.0241725574164325e+03	-1.8051085565443870	-2.1398748636155660	49.5180748786171918	0.0000006104021847	-0.0000010306339059	-0.9999999999992826	-7.1563466913444505e-04	-5.9738391146578603e-04	1.7885917746873758e-10	9.3220197239941556e-04	1	top_other
512	0.2557780319562593	retry_displacement	-1	515	369	407	140	181	407	0	2	2	140	2	-1.5685381436116264e-01	1.0000000000000000e+00	-3.9213453590290660e+03	0.3741488820553130	-2.6138106635350540	49.5164190306239647	0.0000006104021847	-0.0000010306339059	-0.9999999999992826	7.0316239572633355e-04	-1.0750199629108372e-03	1.5371638684147371e-09	1.2845642356156337e-03	1	top_other
512	0.2557780319562593	retry_displacement	-1	515	369	407	141	185	407	0	2	2	141	2	-1.6036876571961786e-01	1.0000000000000000e+00	-4.0092191429904465e+03	-2.4613650765161923	0.0302561394472676	49.5178298083296298	0.0000006104021847	-0.0000010306339059	-0.9999999999992826	-1.1229246904727519e-03	5.6209708557524579e-04	-1.2647519975761412e-09	1.2557519636007385e-03	1	top_other
512	0.2557780319562593	retry_displacement	-1	515	369	407	142	191	407	0	2	2	142	2	-1.5776833041400856e-01	1.0000000000000000e+00	-3.9442082603502140e+03	0.3743009326840209	-2.6137559079357899	49.5170941320442282	0.0000006104021847	-0.0000010306339059	-0.9999999999992826	1.1001293759770197e-03	-1.0277192479069860e-03	1.7307236754859900e-09	1.5054871292738052e-03	1	top_other
512	0.2557780319562593	retry_displacement	-1	515	369	407	143	194	407	0	2	2	143	2	-1.5625216530423477e-01	1.0000000000000000e+00	-3.9063041326058692e+03	0.0354535819683164	-0.0335675314543479	49.5172237399780855	0.0000006104021847	-0.0000010306339059	-0.9999999999992826	1.1044884206684077e-03	6.3449946170254692e-04	2.0245499721127658e-11	1.2737677332588606e-03	1	top_other
512	0.2557780319562593	retry_displacement	-1	515	369	407	144	195	407	0	2	2	144	2	-1.5624984001511813e-01	1.0000000000000000e+00	-3.9062460003779534e+03	0.0355102425319259	-0.0335239865304601	49.5172080850355627	0.0000006104021847	-0.0000010306339059	-0.9999999999992826	1.0307374487861379e-03	6.2969686896955973e-04	-1.9822532504321089e-11	1.2078649904356958e-03	1	top_other
512	0.2557780319562593	retry_displacement	-1	515	369	407	145	212	407	0	2	2	145	2	-1.6036075105029685e-01	1.0000000000000000e+00	-4.0090187762574210e+03	-2.4613239076422375	0.0303149130123913	49.5178082877183954	0.0000006104021847	-0.0000010306339059	-0.9999999999992826	-1.1293215336666796e-03	5.7037769117902271e-04	-1.2771909085884658e-09	1.2651868782909525e-03	1	top_other
512	0.2557780319562593	retry_displacement	-1	515	369	407	146	216	407	0	2	2	146	2	-1.5469218811632340e-01	1.0000000000000000e+00	-3.8673047029080849e+03	5.0042230039016733	-0.0276511172556582	49.5171897247324324	0.0000006104021847	-0.0000010306339059	-0.9999999999992826	4.2590636497416004e-03	7.5334887586360499e-04	1.8233148879609473e-09	4.3251771872743570e-03	1	top_other
512	0.2557780319562593	retry_displacement	-1	515	369	407	147	216	407	0	2	2	147	2	-1.5307616637532787e-01	1.0000000000000000e+00	-3.8269041593831967e+03	2.5384167538529638	0.7638630257865117	49.5152497390396391	0.0000006104021847	-0.0000010306339059	-0.9999999999992826	3.6770265521516138e-03	1.4144504824326783e-03	7.8668443981300129e-10	3.9396947131069230e-03	1	top_other
512	0.2557780319562593	retry_displacement	-1	515	369	407	148	224	407	0	2	2	148	2	-1.5690736496163757e-01	1.0000000000000000e+00	-3.9226841240409394e+03	0.3743426019814066	-2.6138125705527786	49.5165661265508987	0.0000006104021847	-0.0000010306339059	-0.9999999999992826	1.1188417806673335e-03	-9.1873155687884425e-04	1.6298193905583958e-09	1.4477135779478380e-03	1	top_other
512	0.2557780319562593	retry_displacement	-1	515	369	407	149	224	407	0	2	2	149	2	-1.5561981640172134e-01	1.0000000000000000e+00	-3.8904954100430336e+03	0.0354673529015500	-0.0335505377588149	49.5167087190495110	0.0000006104021847	-0.0000010306339059	-0.9999999999992826	9.5008893373160850e-04	4.8878652274998572e-04	7.6176370766845025e-11	1.0684480552751701e-03	1	top_other
512	0.2557780319562593	retry_displacement	-1	515	369	407	150	225	407	0	2	2	150	2	-1.5310833145149505e-01	1.0000000000000000e+00	-3.8277082862873763e+03	2.5382147819619134	0.7639005290093450	49.5157643182119784	0.0000006104021847	-0.0000010306339059	-0.9999999999992826	3.2209793890444929e-03	1.4838804432651489e-03	4.3675538186072060e-10	3.5463515610489609e-03	1	top_other
512	0.2557780319562593	retry_displacement	-1	515	369	407	151	225	407	0	2	2	151	2	-1.5562325518588918e-01	1.0000000000000000e+00	-3.8905813796472294e+03	0.0355056036393094	-0.0335412646041334	49.5167082429124292	0.0000006104021847	-0.0000010306339059	-0.9999999999992826	1.3032175470566601e-03	6.3857572971670671e-04	1.3734907655660322e-10	1.4512597760358487e-03	1	top_other
512	0.2557780319562593	retry_displacement	-1	515	369	407	152	227	407	0	2	2	152	2	-1.6083186611248254e-01	1.0000000000000000e+00	-4.0207966528120637e+03	-1.8051017333190900	-2.1399378651653791	49.5179852802653215	0.0000006104021847	-0.0000010306339059	-0.9999999999992826	-6.6120690865499490e-04	-5.4364744995604700e-04	1.5669934794182439e-10	8.5600649874684480e-04	1	top_other
512	0.2557780319562593	retry_displacement	-1	515	369	407	153	227	407	0	2	2	153	2	-1.5541869343251494e-01	1.0000000000000000e+00	-3.8854673358128734e+03	0.0354184261704646	-0.0335392947828922	49.5164719185355438	0.0000006104021847	-0.0000010306339059	-0.9999999999992826	8.0524467015279046e-04	4.6418136255379334e-04	1.3122058994952113e-11	9.2945323505369147e-04	1	top_other
512	0.2557780319562593	retry_displacement	-1	515	369	407	154	227	407	0	2	2	154	2	-1.5644875401030928e-01	1.0000000000000000e+00	-3.9112188502577319e+03	0.3741903917643284	-2.6138125919546895	49.5160937090689544	0.0000006104021847	-0.0000010306339059	-0.9999999999992826	8.3714155518645314e-04	-9.7216641575098941e-04	1.5129407171521336e-09	1.2829316128837140e-03	1	top_other
512	0.2557780319562593	retry_displacement	-1	515	369	407	155	228	407	0	2	2	155	2	-1.5369601848112782e-01	1.0000000000000000e+00	-3.8424004620281958e+03	2.5381606937147865	0.7638021757060656	49.5158941181033043	0.0000006104021847	-0.0000010306339059	-0.9999999999992826	3.4419297868285132e-03	1.4588490372194883e-03	5.9742219504776983e-10	3.7383313350817311e-03	1	top_other
512	0.2557780319562593	retry_displacement	-1	515	369	407	156	232	407	0	2	2	156	2	-1.5993744608221017e-01	1.0000000000000000e+00	-3.9984361520552543e+03	-2.4613707369908653	0.0303095533267836	49.5174892577704071	0.0000006104021847	-0.0000010306339059	-0.9999999999992826	-9.9099640615560531e-04	5.8109107770845452e-04	-1.2037985330781709e-09	1.1487996855880261e-03	1	top_other
512	0.2557780319562593	retry_displacement	-1	515	369	407	157	232	407	0	2	2	157	2	-1.5543293607690176e-01	1.0000000000000000e+00	-3.8858234019225438e+03	0.0353988567542714	-0.0335301448566383	49.5166221532973907	0.0000006104021847	-0.0000010306339059	-0.9999999999992826	7.3053735358704188e-04	6.4284288325206743e-04	-2.1661406002237982e-10	9.7310420692433381e-04	1	top_other
512	0.2557780319562593	retry_displacement	-1	515	369	407	158	238	407	0	2	2	158	2	-1.6055430222278053e-01	1.0000000000000000e+00	-4.0138575555695134e+03	-1.6886595664450355	2.1341625072802670	49.5182792070304316	0.0000006104021847	-0.0000010306339059	-0.9999999999992826	-1.5084427055083455e-04	1.8647336395612268e-03	-2.0139333811730609e-09	1.8708248289119238e-03	1	top_other
512	0.2557780319562593	retry_displacement	-1	515	369	407	159	238	407	0	2	2	159	2	-1.5969661487227205e-01	1.0000000000000000e+00	-3.9924153718068010e+03	-2.4612895130172503	0.0304268417462495	49.5171773580999428	0.0000006104021847	-0.0000010306339059	-0.9999999999992826	-1.0128598982628253e-03	8.1507882189882927e-04	-1.4582997587275770e-09	1.3000917888438073e-03	1	top_other
512	0.2557780319562593	retry_displacement	-1	515	369	407	160	239	407	0	2	2	160	2	-1.5544988938640106e-01	1.0000000000000000e+00	-3.8862472346600266e+03	2.3695427686008288	-1.5485595840994932	49.5168289478370696	0.0000006104021847	-0.0000010306339059	-0.9999999999992826	3.1485058701544635e-03	2.5585049014981398e-04	1.6581666872905743e-09	3.1588840889956323e-03	1	top_other
512	0.2557780319562593	retry_displacement	-1	515	369	407	161	239	407	0	2	2	161	2	-1.5462333720999494e-01	1.0000000000000000e+00	-3.8655834302498733e+03	5.0041763269418551	-0.0276555383948320	49.5170577896909805	0.0000006104021847	-0.0000010306339059	-0.9999999999992826	4.1548016235021653e-03	7.9600853894438604e-04	1.7157066323214565e-09	4.2303671382909009e-03	1	top_other
512	0.2557780319562593	retry_displacement	-1	515	369	407	162	239	407	0	2	2	162	2	-1.5284984255285911e-01	1.0000000000000000e+00	-3.8212460638214775e+03	2.5383805932212811	0.7637442752896263	49.5149329312037096	0.0000006104021847	-0.0000010306339059	-0.9999999999992826	3.5385419053699445e-03	1.3099307530341799e-03	8.0987466732906910e-10	3.7732210899713401e-03	1	top_other
512	0.2557780319562593	retry_displacement	-1	515	369	407	163	241	407	0	2	2	163	2	-1.5346679272087826e-01	1.0000000000000000e+00	-3.8366698180219564e+03	2.5381719174917721	0.7637120183222137	49.5156730772848022	0.0000006104021847	-0.0000010306339059	-0.9999999999992826	3.4193510429734865e-03	1.4108845517578007e-03	6.3307389885913778e-10	3.6989940218217546e-03	1	top_other
512	0.2557780319562593	retry_displacement	-1	515	369	407	164	248	407	0	2	2	164	2	-1.5271658472330035e-01	1.0000000000000000e+00	-3.8179146180825087e+03	2.5381786189144249	0.7637733680892396	49.5153014881937068	0.0000006104021847	-0.0000010306339059	-0.9999999999992826	3.2086919635827302e-03	1.2843548732358425e-03	6.3489288826268364e-10	3.4561932176262159e-03	1	top_other
512	0.2557780319562593	retry_displacement	-1	515	369	407	165	248	407	0	2	2	165	2	-1.5558075997871962e-01	1.0000000000000000e+00	-3.8895189994679904e+03	2.3694011850357852	-1.5486051469564444	49.5171142907570214	0.0000006104021847	-0.0000010306339059	-0.9999999999992826	2.8177085975134727e-03	6.0990663272855507e-05	1.6570764205248167e-09	2.8183686063945842e-03	1	top_other
512	0.2557780319562593	retry_displacement	-1	515	369	407	166	248	407	0	2	2	166	2	-1.5563265149360384e-01	1.0000000000000000e+00	-3.8908162873400961e+03	0.0354788662847554	-0.0335234186519628	49.5165711068696339	0.0000006104021847	-0.0000010306339059	-0.9999999999992826	1.2679672799369296e-03	6.3539583413360363e-04	1.1910952779636830e-10	1.4182626304831583e-03	1	top_other
512	0.2557780319562593	retry_displacement	-1	515	369	407	167	250	407	0	2	2	167	2	-1.5612696139926582e-01	1.0000000000000000e+00	-3.9031740349816455e+03	1.0777614579170560	2.4974539419090815	49.5169751447360369	0.0000006104021847	-0.0000010306339059	-0.9999999999992826	2.1893536883182334e-03	2.1207477424048053e-03	-8.4932821886596344e-10	3.0480880170146748e-03	1	top_other
512	0.2557780319562593	retry_displacement	-1	515	369	407	168	250	407	0	2	2	168	2	-1.5551520025816440e-01	1.0000000000000000e+00	-3.8878800064541101e+03	0.0354819530181103	-0.0335193777111087	49.5166988124841367	0.0000006104021847	-0.0000010306339059	-0.9999999999992826	1.1754605363003886e-03	8.2353299372036736e-04	-1.3125733833163622e-10	1.4352400719550875e-03	1	top_other
512	0.2557780319562593	retry_displacement	-1	515	369	407	169	254	407	0	2	2	169	2	-1.5313779516964762e-01	1.0000000000000000e+00	-3.8284448792411904e+03	2.5381822696005161	0.7636833056786898	49.5154537758381963	0.0000006104021847	-0.0000010306339059	-0.9999999999992826	3.3275735369022817e-03	1.3775635697175644e-03	6.1139443507940427e-10	3.6014479077317967e-03	1	top_other
512	0.2557780319562593	retry_displacement	-1	515	369	407	170	254	407	0	2	2	170	2	-1.5600933207467657e-01	1.0000000000000000e+00	-3.9002333018669142e+03	1.0777443446170551	2.4974463317939084	49.5166191032605596	0.0000006104021847	-0.0000010306339059	-0.9999999999992826	2.4632294313255703e-03	2.2390819722127144e-03	-8.0411313718720123e-10	3.3288116963320585e-03	1	top_other
512	0.2557780319562593	retry_displacement	-1	515	369	407	171	258	407	0	2	2	171	2	-1.5693176370734299e-01	1.0000000000000000e+00	-3.9232940926835749e+03	1.0777856944914632	2.4974463629979100	49.5174340019737258	0.0000006104021847	-0.0000010306339059	-0.9999999999992826	2.2965777899575349e-03	2.2857086714386811e-03	-9.5389277032786879e-10	3.2401749452795176e-03	1	top_other
512	0.2557780319562593	retry_displacement	-1	515	369	407	172	259	407	0	2	2	172	2	-1.5634817899045680e-01	1.0000000000000000e+00	-3.9087044747614200e+03	1.0777675951929055	2.4974647268923404	49.5169590696359307	0.0000006104021847	-0.0000010306339059	-0.9999999999992826	2.0999455211812169e-03	2.3549489304113629e-03	-1.1452788994947838e-09	3.1552425670265016e-03	1	top_other
512	0.2557780319562593	retry_displacement	-1	515	369	407	173	264	407	0	2	2	173	2	-1.5561190251943322e-01	1.0000000000000000e+00	-3.8902975629858302e+03	1.0776520062733326	2.4973872332951230	49.5164074438382116	0.0000006104021847	-0.0000010306339059	-0.9999999999992826	1.8506489254268052e-03	2.1915342165374787e-03	-1.1290293422394626e-09	2.8684008902939637e-03	1	top_other
512	0.2557780319562593	retry_displacement	-1	515	369	407	174	264	407	0	2	2	174	2	-1.6045713205166709e-01	1.0000000000000000e+00	-4.0114283012916771e+03	-1.6886898180296313	2.1341160007272846	49.5182727297506204	0.0000006104021847	-0.0000010306339059	-0.9999999999992826	3.8818119588241416e-05	1.9825492389000496e-03	-2.0195877747930524e-09	1.9829292299715618e-03	1	top_other
512	0.2557780319562593	retry_displacement	-1	515	369	407	175	266	407	0	2	2	175	2	-1.5674140035005749e-01	1.0000000000000000e+00	-3.9185350087514371e+03	4.2100826872126405	2.6760279157543607	49.5184273374274042	0.0000006104021847	-0.0000010306339059	-0.9999999999992826	3.7899339580220333e-03	1.6686689349710018e-03	5.9359717141660440e-10	4.1410210601621148e-03	1	top_other
512	0.2557780319562593	retry_displacement	-1	515	369	407	176	266	407	0	2	2	176	2	-1.5308638483909293e-01	1.0000000000000000e+00	-3.8271596209773234e+03	2.5383524031295877	0.7638347260367155	49.5151022433082204	0.0000006104021847	-0.0000010306339059	-0.9999999999992826	3.5420268558735710e-03	1.4471005182364735e-03	6.7063007924694773e-10	3.8262323710943555e-03	1	top_other
512	0.2557780319562593	retry_displacement	-1	515	369	407	177	270	407	0	2	2	177	2	-1.6629404226276040e-01	1.0000000000000000e+00	-4.1573510565690103e+03	-4.7971086081144403	-1.4369195325523194	49.5188034243318782	0.0000006104021847	-0.0000010306339059	-0.9999999999992826	-3.1172380739932217e-03	-1.1876253634083229e-04	-1.7803682417216748e-09	3.1194995992938112e-03	1	top_other
512	0.2557780319562593	retry_displacement	-1	515	369	407	178	273	407	0	2	2	178	2	-1.5708044822843870e-01	1.0000000000000000e+00	-3.9270112057109673e+03	0.3741815655206026	-2.6140317456642137	49.5162955991535654	0.0000006104021847	-0.0000010306339059	-0.9999999999992826	8.9769937545971991e-04	-1.2764858108684847e-03	1.8635472054384650e-09	1.5605384308157288e-03	1	top_other
512	0.2557780319562593	retry_displacement	-1	515	369	407	179	273	407	0	2	2	179	2	-1.6424690247277779e-01	1.0000000000000000e+00	-4.1061725618194450e+03	-0.7094031091026395	-4.9783548561816104	49.5193926801567130	0.0000006104021847	-0.0000010306339059	-0.9999999999992826	2.0089737153395102e-04	-1.6433086497337714e-03	1.8162777948305120e-09	1.6555431351017043e-03	1	top_other
512	0.2557780319562593	retry_displacement	-1	515	369	407	180	275	407	0	2	2	180	2	-1.5992772101902950e-01	1.0000000000000000e+00	-3.9981930254757372e+03	-2.4613790860068647	0.0303103236915135	49.5173990330277292	0.0000006104021847	-0.0000010306339059	-0.9999999999992826	-1.1825069554745906e-03	4.5201155983393094e-04	-1.1876632455276592e-09	1.2659530599397038e-03	1	top_other
512	0.2557780319562593	retry_displacement	-1	515	369	407	181	275	407	0	2	2	181	2	-1.6597769333433632e-01	1.0000000000000000e+00	-4.1494423333584082e+03	-4.7970575772745985	-1.4369161583377661	49.5185574101426766	0.0000006104021847	-0.0000010306339059	-0.9999999999992826	-3.0920956580546299e-03	-3.8185644634346690e-05	-1.8480665331388479e-09	3.0923314346977507e-03	1	top_other
512	0.2557780319562593	retry_displacement	-1	515	369	407	182	281	407	0	2	2	182	2	-1.5595705799055426e-01	1.0000000000000000e+00	-3.8989264497638565e+03	1.0778040819628061	2.4975129130941580	49.5163247487209830	0.0000006104021847	-0.0000010306339059	-0.9999999999992826	2.5213073379359513e-03	2.2102607989770450e-03	-7.3895822794156629e-10	3.3529454949081509e-03	1	top_other
512	0.2557780319562593	retry_displacement	-1	515	369	407	183	281	407	0	2	2	183	2	-1.5667777062297136e-01	1.0000000000000000e+00	-3.9169442655742841e+03	4.2100665719160428	2.6760280221684254	49.5183410115605582	0.0000006104021847	-0.0000010306339059	-0.9999999999992826	3.7673412627430387e-03	1.6995253972965679e-03	5.4800486370965018e-10	4.1329464992935338e-03	1	top_other
512	0.2557780319562593	retry_displacement	-1	515	369	407	184	281	407	0	2	2	184	2	-1.5288478347017948e-01	1.0000000000000000e+00	-3.8221195867544870e+03	2.5383249994065138	0.7638424516659498	49.5149133402847568	0.0000006104021847	-0.0000010306339059	-0.9999999999992826	3.4364769414987162e-03	1.4428384607642142e-03	6.1059482470149362e-10	3.7270841945565426e-03	1	top_other
512	0.2557780319562593	retry_displacement	-1	515	369	407	185	283	407	0	2	2	185	2	-1.5954454949269498e-01	1.0000000000000000e+00	-3.9886137373173742e+03	-2.4613318890433407	0.0304262061582776	49.5170398676907837	0.0000006104021847	-0.0000010306339059	-0.9999999999992826	-9.3297666833148908e-04	7.8136836656187445e-04	-1.3747957217091766e-09	1.2169560336825597e-03	1	top_other
512	0.2557780319562593	retry_displacement	-1	515	369	407	186	283	407	0	2	2	186	2	-1.6067591780594839e-01	1.0000000000000000e+00	-4.0168979451487098e+03	-1.6887224721026470	2.1342017483622344	49.5184456338087031	0.0000006104021847	-0.0000010306339059	-0.9999999999992826	-8.4108864269608871e-05	1.8871681800100471e-03	-1.9963197483985340e-09	1.8890415666933172e-03	1	top_other
512	0.2557780319562593	retry_displacement	-1	515	369	407	187	283	407	0	2	2	187	2	-1.5520488373512406e-01	1.0000000000000000e+00	-3.8801220933781015e+03	0.0354267443195923	-0.0335068975421208	49.5163751967212278	0.0000006104021847	-0.0000010306339059	-0.9999999999992826	8.1971872359891385e-04	7.6171225975612503e-04	-2.8468835622241784e-10	1.1189925614057924e-03	1	top_other
512	0.2557780319562593	retry_displacement	-1	515	369	407	188	284	407	0	2	2	188	2	-1.6373575575969282e-01	1.0000000000000000e+00	-4.0933938939923205e+03	-0.7091234834043476	4.9228207705308833	49.5200429907813628	0.0000006104021847	-0.0000010306339059	-0.9999999999992826	7.3331451610113361e-04	2.8037817540053013e-03	-2.4420557520610231e-09	2.8980928735331530e-03	1	top_other
512	0.2557780319562593	retry_displacement	-1	515	369	407	189	284	407	0	2	2	189	2	-1.5579977964428832e-01	1.0000000000000000e+00	-3.8949944911072080e+03	1.0777512987341153	2.4976532307671659	49.5163687479243819	0.0000006104021847	-0.0000010306339059	-0.9999999999992826	2.1267652949118472e-03	2.5176319623104503e-03	-1.2965746809534551e-09	3.2956943604178961e-03	1	top_other
512	0.2557780319562593	retry_displacement	-1	515	369	407	190	285	407	0	2	2	190	2	-1.5461433780303169e-01	1.0000000000000000e+00	-3.8653584450757921e+03	5.0042198745844031	-0.0277100228762976	49.5170427542749110	0.0000006104021847	-0.0000010306339059	-0.9999999999992826	4.2652438355525761e-03	7.7658081807671349e-04	1.8031436621601671e-09	4.3353641996638761e-03	1	top_other
512	0.2557780319562593	retry_displacement	-1	515	369	407	191	285	407	0	2	2	191	2	-1.5306320767071857e-01	1.0000000000000000e+00	-3.8265801917679642e+03	2.5383946440945619	0.7638140108886347	49.5151859029485735	0.0000006104021847	-0.0000010306339059	-0.9999999999992826	3.6751441751702633e-03	1.4390055176882344e-03	7.6022813044751558e-10	3.9468242408581709e-03	1	top_other
512	0.2557780319562593	retry_displacement	-1	515	369	407	192	288	407	0	2	2	192	2	-1.6023673024862442e-01	1.0000000000000000e+00	-4.0059182562156107e+03	-1.6886675525755137	2.1342750995370721	49.5178972094640955	0.0000006104021847	-0.0000010306339059	-0.9999999999992826	1.3344578871574679e-04	2.1273508671684096e-03	-2.1110643233512860e-09	2.1315321931823145e-03	1	top_other
512	0.2557780319562593	retry_displacement	-1	515	369	407	193	288	407	0	2	2	193	2	-1.6366765340464870e-01	1.0000000000000000e+00	-4.0916913351162175e+03	-0.7091074912773436	4.9227673593124353	49.5199692632271606	0.0000006104021847	-0.0000010306339059	-0.9999999999992826	7.4761580856353728e-04	2.7391411035569790e-03	-2.3667053317133480e-09	2.8393350246871283e-03	1	top_other
512	0.2557780319562593	retry_displacement	-1	515	369	407	194	288	407	0	2	2	194	2	-1.5541842914859302e-01	1.0000000000000000e+00	-3.8854607287148256e+03	1.0776366630874563	2.4975789605946885	49.5159913988919058	0.0000006104021847	-0.0000010306339059	-0.9999999999992826	1.8891182563823767e-03	2.3652760122329654e-03	-1.2846117503073629e-09	3.0270940521634803e-03	1	top_other
512	0.2557780319562593	retry_displacement	-1	515	369	407	195	291	407	0	2	2	195	2	-1.5753273243438323e-01	1.0000000000000000e+00	-3.9383183108595808e+03	0.3742229779972789	-2.6137337075659572	49.5167833804395912	0.0000006104021847	-0.0000010306339059	-0.9999999999992826	1.1596390151167723e-03	-9.6118298431871496e-04	1.6984739725778297e-09	1.5061989824481073e-03	1	top_other
512	0.2557780319562593	retry_displacement	-1	515	369	407	196	292	407	0	2	2	196	2	-1.6742898179951460e-01	1.0000000000000000e+00	-4.1857245449878646e+03	-4.7966555868519789	1.3813885376245665	49.5201699274688423	0.0000006104021847	-0.0000010306339059	-0.9999999999992826	-1.8599639989492817e-03	1.7857287138664459e-03	-2.9757586117451496e-09	2.5784284199727881e-03	1	top_other
512	0.2557780319562593	retry_displacement	-1	515	369	407	197	292	407	0	2	2	197	2	-1.5980559627303062e-01	1.0000000000000000e+00	-3.9951399068257656e+03	-2.4615082392015650	0.0303589976290539	49.5172091659835090	0.0000006104021847	-0.0000010306339059	-0.9999999999992826	-1.3561913806996574e-03	6.3866933626240162e-04	-1.4860564168106549e-09	1.4990508937885024e-03	1	top_other
512	0.2557780319562593	retry_displacement	-1	515	369	407	198	295	407	0	2	2	198	2	-1.6059087759581356e-01	1.0000000000000000e+00	-4.0147719398953391e+03	-1.8051157524694488	-2.1400709325871459	49.5175193039372914	0.0000006104021847	-0.0000010306339059	-0.9999999999992826	-6.6200607547230476e-04	-8.1825915058040535e-04	4.3923567560888443e-10	1.0525208223455735e-03	1	top_other
512	0.2557780319562593	retry_displacement	-1	515	369	407	199	295	407	0	2	2	199	2	-1.6413471750782596e-01	1.0000000000000000e+00	-4.1033679376956488e+03	-0.7094115821888110	-4.9783362606888684	49.5192494211704286	0.0000006104021847	-0.0000010306339059	-0.9999999999992826	1.1702587254547959e-04	-1.6603863190255295e-03	1.7826833065281988e-09	1.6645052668151448e-03	1	top_other
512	0.2557780319562593	retry_displacement	-1	515	369	407	200	295	407	0	2	2	200	2	-1.5667744171237014e-01	1.0000000000000000e+00	-3.9169360428092532e+03	0.3740935394851974	-2.6139939907799006	49.5159240192517558	0.0000006104021847	-0.0000010306339059	-0.9999999999992826	6.8594945861277931e-04	-1.2226948413336023e-03	1.6788558321323421e-09	1.4019662388223856e-03	1	top_other
512	0.2557780319562593	retry_displacement	-1	515	369	407	201	298	407	0	2	2	201	2	-1.6058405191063985e-01	1.0000000000000000e+00	-4.0146012977659962e+03	-1.6887332381730729	2.1341779127950091	49.5184554599163604	0.0000006104021847	-0.0000010306339059	-0.9999999999992826	9.1152543315450787e-06	1.9291672318207311e-03	-1.9827011699113939e-09	1.9291887663461867e-03	1	top_other
512	0.2557780319562593	retry_displacement	-1	515	369	407	202	298	407	0	2	2	202	2	-1.5563819253672595e-01	1.0000000000000000e+00	-3.8909548134181487e+03	1.0776720084077156	2.4974683530278114	49.5165757625750729	0.0000006104021847	-0.0000010306339059	-0.9999999999992826	1.9280627605938903e-03	2.1551850227911084e-03	-1.0443130249448984e-09	2.8917552612994645e-03	1	top_other
512	0.2557780319562593	retry_displacement	-1	515	369	407	203	298	407	0	2	2	203	2	-1.5512293384872516e-01	1.0000000000000000e+00	-3.8780733462181292e+03	0.0354108209287844	-0.0335459743451722	49.5163779046755437	0.0000006104021847	-0.0000010306339059	-0.9999999999992826	9.4160242329074451e-04	7.8990744472890774e-04	-2.3934917936507816e-10	1.2290520309511767e-03	1	top_other
512	0.2557780319562593	retry_displacement	-1	515	369	407	204	300	407	0	2	2	204	2	-1.6078468232014145e-01	1.0000000000000000e+00	-4.0196170580035364e+03	-1.8050908088022894	-2.1398839842247739	49.5178824510621283	0.0000006104021847	-0.0000010306339059	-0.9999999999992826	-8.3961659395701037e-04	-6.0241837451857443e-04	1.0836900821153961e-10	1.0333750155706225e-03	1	top_other
512	0.2557780319562593	retry_displacement	-1	515	369	407	205	305	407	0	2	2	205	2	-1.5324253458113607e-01	1.0000000000000000e+00	-3.8310633645284020e+03	2.5382459141274025	0.7637945632134304	49.5157727087939037	0.0000006104021847	-0.0000010306339059	-0.9999999999992826	3.2430808947633907e-03	1.4313696345344257e-03	5.0436560483646531e-10	3.5449108198439610e-03	1	top_other
512	0.2557780319562593	retry_displacement	-1	515	369	407	206	305	407	0	2	2	206	2	-1.5525689475468846e-01	1.0000000000000000e+00	-3.8814223688672114e+03	0.0354838841670116	-0.0335566850055301	49.5164337876488645	0.0000006104021847	-0.0000010306339059	-0.9999999999992826	1.2781394703287425e-03	7.4415605669645986e-04	1.3226669759447418e-11	1.4789890947299995e-03	1	top_other
512	0.2557780319562593	retry_displacement	-1	515	369	407	207	305	407	0	2	2	207	2	-1.5586346666238188e-01	1.0000000000000000e+00	-3.8965866665595468e+03	1.0777794516127486	2.4975041156163145	49.5166866510708843	0.0000006104021847	-0.0000010306339059	-0.9999999999992826	2.3421031789960735e-03	2.2254576350485399e-03	-8.6400717136392302e-10	3.2308062440295150e-03	1	top_other
512	0.2557780319562593	retry_displacement	-1	515	369	407	208	306	407	0	2	2	208	2	-1.5704960314455049e-01	1.0000000000000000e+00	-3.9262400786137623e+03	0.3742481098671462	-2.6137067765858459	49.5163932927220714	0.0000006104021847	-0.0000010306339059	-0.9999999999992826	1.2800552795259130e-03	-8.6322383201348435e-04	1.6710162697997077e-09	1.5439225702090762e-03	1	top_other
512	0.2557780319562593	retry_displacement	-1	515	369	407	209	306	407	0	2	2	209	2	-1.5503038616018497e-01	1.0000000000000000e+00	-3.8757596540046243e+03	2.3693467498666210	-1.5485742874082973	49.5166902407088543	0.0000006104021847	-0.0000010306339059	-0.9999999999992826	2.7441006909734891e-03	-9.0517738409053657e-05	1.7682957043074765e-09	2.7455932078825876e-03	1	top_other
512	0.2557780319562593	retry_displacement	-1	515	369	407	210	308	407	0	2	2	210	2	-1.5709482830648488e-01	1.0000000000000000e+00	-3.9273707076621222e+03	0.3743315260573056	-2.6139445372940115	49.5161708473536635	0.0000006104021847	-0.0000010306339059	-0.9999999999992826	1.2213673778550065e-03	-1.1159309519091947e-03	1.8956416159010558e-09	1.6544002421182635e-03	1	top_other
512	0.2557780319562593	retry_displacement	-1	515	369	407	211	308	407	0	2	2	211	2	-1.6052892869475002e-01	1.0000000000000000e+00	-4.0132232173687507e+03	2.0800767060970218	-4.5771408813189138	49.5190148825319767	0.0000006104021847	-0.0000010306339059	-0.9999999999992826	1.8016744645847241e-03	-1.2400200119721742e-03	2.3777526891866074e-09	2.1871626611740099e-03	1	top_other
512	0.2557780319562593	retry_displacement	-1	515	369	407	212	318	407	0	2	2	212	2	-1.5657675483099256e-01	1.0000000000000000e+00	-3.9144188707748140e+03	1.0777313211722899	2.4974491119673332	49.5169653040619124	0.0000006104021847	-0.0000010306339059	-0.9999999999992826	2.3626815623491704e-03	2.2864088211973564e-03	-9.1426446968689845e-10	3.2878457175960427e-03	1	top_other
512	0.2557780319562593	retry_displacement	-1	515	369	407	213	320	407	0	2	2	213	2	-1.6042522198128267e-01	1.0000000000000000e+00	-4.0106305495320667e+03	-1.8051467131922139	-2.1399651004475944	49.5177192399205950	0.0000006104021847	-0.0000010306339059	-0.9999999999992826	-8.2782910504632578e-04	-5.2526580124850073e-04	3.6048081186734748e-11	9.8041072470828852e-04	1	top_other
512	0.2557780319562593	retry_displacement	-1	515	369	407	214	320	407	0	2	2	214	2	-1.5988819011122460e-01	1.0000000000000000e+00	-3.9972047527806149e+03	-2.4614157990833134	0.0303611695209568	49.5173720462794762	0.0000006104021847	-0.0000010306339059	-0.9999999999992826	-1.0573875780006427e-03	5.5038444567261427e-04	-1.2126765425168884e-09	1.1920534921512067e-03	1	top_other
512	0.2557780319562593	retry_displacement	-1	515	369	407	215	320	407	0	2	2	215	2	-1.5512827163645906e-01	1.0000000000000000e+00	-3.8782067909114767e+03	0.0354154219352850	-0.0335461768622366	49.5162991586818251	0.0000006104021847	-0.0000010306339059	-0.9999999999992826	6.9620114339811903e-04	5.1793239495875128e-04	-1.0883596801569695e-10	8.6772691430920135e-04	1	top_other
512	0.2557780319562593	retry_displacement	-1	515	369	407	216	322	407	0	2	2	216	2	-1.5684180234724857e-01	1.0000000000000000e+00	-3.9210450586812140e+03	0.3743714888099092	-2.6138832361152025	49.5158851884297135	0.0000006104021847	-0.0000010306339059	-0.9999999999992826	1.3388072898845766e-03	-9.9227274150439932e-04	1.8398808310227110e-09	1.6664363633166813e-03	1	top_other
512	0.2557780319562593	retry_displacement	-1	515	369	407	217	322	407	0	2	2	217	2	-1.5490729886934504e-01	1.0000000000000000e+00	-3.8726824717336258e+03	2.3693842262387066	-1.5487087363209171	49.5163466612503242	0.0000006104021847	-0.0000010306339059	-0.9999999999992826	2.6810188623304725e-03	-2.1777240663290126e-04	1.8609433993788116e-09	2.6898488733135047e-03	1	top_other
512	0.2557780319562593	retry_displacement	-1	515	369	407	218	322	407	0	2	2	218	2	-1.6042261984154710e-01	1.0000000000000000e+00	-4.0105654960386773e+03	2.0800658622658061	-4.5771092510806284	49.5189223213696010	0.0000006104021847	-0.0000010306339059	-0.9999999999992826	1.8536872693985574e-03	-1.1931180533204624e-03	2.3611627097963606e-09	2.2044698187761759e-03	1	top_other
512	0.2557780319562593	retry_displacement	-1	515	369	407	219	325	407	0	2	2	219	2	-1.6744684420183337e-01	1.0000000000000000e+00	-4.1861711050458343e+03	-4.7965954380520044	1.3813525453146567	49.5200637786350200	0.0000006104021847	-0.0000010306339059	-0.9999999999992826	-1.7903277357650450e-03	1.7171503662689696e-03	-2.8625733450304836e-09	2.4807012681569386e-03	1	top_other
512	0.2557780319562593	retry_displacement	-1	515	369	407	220	325	407	0	2	2	220	2	-1.6016316081797169e-01	1.0000000000000000e+00	-4.0040790204492923e+03	-1.6888702034226910	2.1341966233349496	49.5177738618704026	0.0000006104021847	-0.0000010306339059	-0.9999999999992826	-4.2641316520739995e-04	1.8295745254114336e-03	-2.1459050647543165e-09	1.8786088287616638e-03	1	top_other
512	0.2557780319562593	retry_displacement	-1	515	369	407	221	325	407	0	2	2	221	2	-1.5941677711112789e-01	1.0000000000000000e+00	-3.9854194277781971e+03	-2.4614606358757967	0.0304745535331946	49.5167245102209819	0.0000006104021847	-0.0000010306339059	-0.9999999999992826	-1.2321809356246848e-03	8.3622046115077679e-04	-1.6139630742983968e-09	1.4891388510702237e-03	1	top_other
512	0.2557780319562593	retry_displacement	-1	515	369	407	222	327	407	0	2	2	222	2	-1.5694047840171479e-01	1.0000000000000000e+00	-3.9235119600428698e+03	0.3742837885972605	-2.6138003294066166	49.5164883432225196	0.0000006104021847	-0.0000010306339059	-0.9999999999992826	1.1912324088584839e-03	-8.6494394626698563e-04	1.6185714435401621e-09	1.4721286228116454e-03	1	top_other
512	0.2557780319562593	retry_displacement	-1	515	369	407	223	327	407	0	2	2	223	2	-1.5535397438803591e-01	1.0000000000000000e+00	-3.8838493597008978e+03	0.0354547516969930	-0.0334993185436446	49.5164300745925203	0.0000006104021847	-0.0000010306339059	-0.9999999999992826	1.1012036302663892e-03	5.7835199128523245e-04	7.6107953272952500e-11	1.2438410111969590e-03	1	top_other
512	0.2557780319562593	retry_displacement	-1	515	369	407	224	327	407	0	2	2	224	2	-1.5511629745887712e-01	1.0000000000000000e+00	-3.8779074364719281e+03	2.3693939025279223	-1.5486354807309808	49.5167979983237245	0.0000006104021847	-0.0000010306339059	-0.9999999999992826	2.7133962697378634e-03	-6.7952679143880405e-05	1.7262973273091120e-09	2.7142470195678880e-03	1	top_other
512	0.2557780319562593	retry_displacement	-1	515	369	407	225	328	407	0	2	2	225	2	-1.5552240592186409e-01	1.0000000000000000e+00	-3.8880601480466021e+03	2.3693715559638933	-1.5485236413768717	49.5170082348951652	0.0000006104021847	-0.0000010306339059	-0.9999999999992826	2.8876286882989102e-03	6.2430397624184633e-05	1.6982719952540748e-09	2.8883034805984777e-03	1	top_other
512	0.2557780319562593	retry_displacement	-1	515	369	407	226	330	407	0	2	2	226	2	-1.5953027569906378e-01	1.0000000000000000e+00	-3.9882568924765947e+03	-2.4614664090564746	0.0303133028450318	49.5170064087046242	0.0000006104021847	-0.0000010306339059	-0.9999999999992826	-1.3386492004455073e-03	5.0130680569609911e-04	-1.3337781434863416e-09	1.4294370204008294e-03	1	top_other
512	0.2557780319562593	retry_displacement	-1	515	369	407	227	330	407	0	2	2	227	2	-1.6621533448972239e-01	1.0000000000000000e+00	-4.1553833622430602e+03	-4.7970120803816325	-1.4369935468347237	49.5187885357071167	0.0000006104021847	-0.0000010306339059	-0.9999999999992826	-2.9763146832448386e-03	-1.7550585055581065e-05	-1.7986607758757600e-09	2.9763664285060490e-03	1	top_other
512	0.2557780319562593	retry_displacement	-1	515	369	407	228	330	407	0	2	2	228	2	-1.6702348140162840e-01	1.0000000000000000e+00	-4.1755870350407104e+03	-4.7967315505955082	1.3813225713522441	49.5198381376826120	0.0000006104021847	-0.0000010306339059	-0.9999999999992826	-1.9753285105560182e-03	1.6553809292457480e-03	-2.9118365496572096e-09	2.5772482894619317e-03	1	top_other
512	0.2557780319562593	retry_displacement	-1	515	369	407	229	340	407	0	2	2	229	2	-1.5562786123636640e-01	1.0000000000000000e+00	-3.8906965309091602e+03	1.0778025675897638	2.4975883228975322	49.5160178924968193	0.0000006104021847	-0.0000010306339059	-0.9999999999992826	2.4776034774829999e-03	2.3562384304953022e-03	-9.1608462482462016e-10	3.4191195552334313e-03	1	top_other
512	0.2557780319562593	retry_displacement	-1	515	369	407	230	340	407	0	2	2	230	2	-1.5995830205895079e-01	1.0000000000000000e+00	-3.9989575514737699e+03	2.0803509054276335	4.5218011667523559	49.5185648746369864	0.0000006104021847	-0.0000010306339059	-0.9999999999992826	2.7622008748936578e-03	2.6841793339233912e-03	-1.0803527517033729e-09	3.8515675211432910e-03	1	top_other
512	0.2557780319562593	retry_displacement	-1	515	369	407	231	340	407	0	2	2	231	2	-1.5641070999155038e-01	1.0000000000000000e+00	-3.9102677497887594e+03	4.2100695465777402	2.6760673448101882	49.5181740440017677	0.0000006104021847	-0.0000010306339059	-0.9999999999992826	3.7049195083934290e-03	1.8058685236003911e-03	4.0030165293636344e-10	4.1216003794891402e-03	1	top_other
512	0.2557780319562593	retry_displacement	-1	515	369	407	232	341	407	0	2	2	232	2	-1.6057672652481217e-01	1.0000000000000000e+00	-4.0144181631203041e+03	-1.6886557261648094	2.1341187640583881	49.5182533410297623	0.0000006104021847	-0.0000010306339059	-0.9999999999992826	-7.3566043148486689e-05	1.9306405166662540e-03	-2.0346884177513402e-09	1.9320416059966218e-03	1	top_other
512	0.2557780319562593	retry_displacement	-1	515	369	407	233	343	407	0	2	2	233	2	-1.6632851126117507e-01	1.0000000000000000e+00	-4.1582127815293770e+03	-3.2731612216186603	-3.8077812602235896	49.5193459449099294	0.0000006104021847	-0.0000010306339059	-0.9999999999992826	-1.6739910510806791e-03	-1.0148813905670611e-03	2.4163365752727373e-11	1.9576083050542896e-03	1	top_other
512	0.2557780319562593	retry_displacement	-1	515	369	407	234	343	407	0	2	2	234	2	-1.6028753246749750e-01	1.0000000000000000e+00	-4.0071883116874374e+03	-1.8052166153885238	-2.1400826210026720	49.5172503559737009	0.0000006104021847	-0.0000010306339059	-0.9999999999992826	-9.7428778253088645e-04	-7.9144360088208732e-04	2.2098123331204533e-10	1.2552368926088038e-03	1	top_other
512	0.2557780319562593	retry_displacement	-1	515	369	407	235	350	407	0	2	2	235	2	-1.6603806878475505e-01	1.0000000000000000e+00	-4.1509517196188763e+03	-3.2729667618774458	3.7522275199879558	49.5198515497725751	0.0000006104021847	-0.0000010306339059	-0.9999999999992826	-6.7184614085575721e-04	2.6539719642026498e-03	-3.1453698257077889e-09	2.7376896142123812e-03	1	top_other
512	0.2557780319562593	retry_displacement	-1	515	369	407	236	350	407	0	2	2	236	2	-1.5998127795313816e-01	1.0000000000000000e+00	-3.9995319488284540e+03	-1.6888497717332414	2.1342853880372203	49.5176281490832650	0.0000006104021847	-0.0000010306339059	-0.9999999999992826	-3.0227493923152258e-04	2.0874337217735087e-03	-2.3358892597968861e-09	2.1092059362921582e-03	1	top_other
512	0.2557780319562593	retry_displacement	-1	515	369	407	237	353	407	0	2	2	237	2	-1.6619567321495207e-01	1.0000000000000000e+00	-4.1548918303738019e+03	-3.2731263675928188	-3.8078029456101703	49.5191758587424999	0.0000006104021847	-0.0000010306339059	-0.9999999999992826	-1.5682058343005493e-03	-1.0740149080832216e-03	1.4967993511305622e-10	1.9007307966988156e-03	1	top_other
512	0.2557780319562593	retry_displacement	-1	515	369	407	238	353	407	0	2	2	238	2	-1.6383461199495383e-01	1.0000000000000000e+00	-4.0958652998738457e+03	-0.7094494748382758	-4.9783649822535718	49.5190654622956643	0.0000006104021847	-0.0000010306339059	-0.9999999999992826	-4.0200225301399188e-05	-1.6649874335743302e-03	1.6914542266821542e-09	1.6654726692676702e-03	1	top_other
512	0.2557780319562593	retry_displacement	-1	515	369	407	239	353	407	0	2	2	239	2	-1.6010534691959380e-01	1.0000000000000000e+00	-4.0026336729898449e+03	-1.8052073730866922	-2.1400943495098006	49.5170837091301195	0.0000006104021847	-0.0000010306339059	-0.9999999999992826	-8.5543995721849744e-04	-8.3877233722895841e-04	3.4230476786412112e-10	1.1980469749165226e-03	1	top_other
512	0.2557780319562593	retry_displacement	-1	515	369	407	240	355	407	0	2	2	240	2	-1.5502073650752424e-01	1.0000000000000000e+00	-3.8755184126881059e+03	2.3695805237667500	-1.5487055883799883	49.5163984883820092	0.0000006104021847	-0.0000010306339059	-0.9999999999992826	3.1760084787677261e-03	2.4084412003603931e-05	1.9138203244395413e-09	3.1760997963083131e-03	1	top_other
512	0.2557780319562593	retry_displacement	-1	515	369	407	241	355	407	0	2	2	241	2	-1.5434280029036171e-01	1.0000000000000000e+00	-3.8585700072590425e+03	5.0042160321046696	-0.0277078473708912	49.5168469179070456	0.0000006104021847	-0.0000010306339059	-0.9999999999992826	4.1843798703255202e-03	6.4495508355585365e-04	1.8894420195092465e-09	4.2337928573553908e-03	1	top_other
512	0.2557780319562593	retry_displacement	-1	515	369	407	242	355	407	0	2	2	242	2	-1.5673555504074324e-01	1.0000000000000000e+00	-3.9183888760185810e+03	4.2102262311464429	-2.7316080773674685	49.5180747828041206	0.0000006104021847	-0.0000010306339059	-0.9999999999992826	3.5208448740591289e-03	-3.1759454553042751e-04	2.4764550965450383e-09	3.5351400145602796e-03	1	top_other
512	0.2557780319562593	retry_displacement	-1	515	369	407	243	357	407	0	2	2	243	2	-1.6584545759917649e-01	1.0000000000000000e+00	-4.1461364399794120e+03	-3.2730032967763192	3.7521831386515627	49.5196109096356452	0.0000006104021847	-0.0000010306339059	-0.9999999999992826	-7.6112563774039779e-04	2.5794744625150250e-03	-3.1230865671361130e-09	2.6894238675230532e-03	1	top_other
512	0.2557780319562593	retry_displacement	-1	515	369	407	244	357	407	0	2	2	244	2	-1.6725924919441146e-01	1.0000000000000000e+00	-4.1814812298602865e+03	-4.7966022933583234	1.3813784504194886	49.5199054996334382	0.0000006104021847	-0.0000010306339059	-0.9999999999992826	-1.7791346721814259e-03	1.7967611343073129e-03	-2.9377906496375061e-09	2.5285708919316544e-03	1	top_other
512	0.2557780319562593	retry_displacement	-1	515	369	407	245	357	407	0	2	2	245	2	-1.5976167069404404e-01	1.0000000000000000e+00	-3.9940417673511010e+03	-1.6888976818151704	2.1342637120291599	49.5173854456400662	0.0000006104021847	-0.0000010306339059	-0.9999999999992826	-4.2818361035679002e-04	1.9783285595034840e-03	-2.3002966753615794e-09	2.0241356410899435e-03	1	top_other
512	0.2557780319562593	retry_displacement	-1	515	369	407	246	359	407	0	2	2	246	2	-1.6028471560700588e-01	1.0000000000000000e+00	-4.0071178901751473e+03	2.0803851449692914	4.5217844750800493	49.5186939646660704	0.0000006104021847	-0.0000010306339059	-0.9999999999992826	2.6618470986180861e-03	2.7628769895278915e-03	-1.2227174273071739e-09	3.8365243692287066e-03	1	top_other
512	0.2557780319562593	retry_displacement	-1	515	369	407	247	359	407	0	2	2	247	2	-1.6350960299432435e-01	1.0000000000000000e+00	-4.0877400748581085e+03	-0.7090367563942962	4.9228948183417627	49.5196635706459318	0.0000006104021847	-0.0000010306339059	-0.9999999999992826	8.5780451106347842e-04	2.8499607187885282e-03	-2.4136604104274539e-09	2.9762568232335569e-03	1	top_other
512	0.2557780319562593	retry_displacement	-1	515	369	407	248	359	407	0	2	2	248	2	-1.5562668218381706e-01	1.0000000000000000e+00	-3.8906670545954266e+03	1.0778145440950524	2.4976802092601686	49.5160575280275310	0.0000006104021847	-0.0000010306339059	-0.9999999999992826	2.2636877732028732e-03	2.4985495356691714e-03	-1.1933298793564973e-09	3.3715029462751830e-03	1	top_other
512	0.2557780319562593	retry_displacement	-1	515	369	407	249	360	407	0	2	2	249	2	-1.5589786982078346e-01	1.0000000000000000e+00	-3.8974467455195868e+03	1.0778117627170716	2.4976688848614885	49.5162381162281875	0.0000006104021847	-0.0000010306339059	-0.9999999999992826	2.4055248624760741e-03	2.5032096637536069e-03	-1.1115550979656774e-09	3.4716866916098890e-03	1	top_other
512	0.2557780319562593	retry_displacement	-1	515	369	407	250	360	407	0	2	2	250	2	-1.6019638067405745e-01	1.0000000000000000e+00	-4.0049095168514364e+03	2.0803435909417134	4.5218114632769870	49.5186812873212219	0.0000006104021847	-0.0000010306339059	-0.9999999999992826	2.6995250308564527e-03	2.7656442813527439e-03	-1.2025707651908135e-09	3.8647410887666348e-03	1	top_other
512	0.2557780319562593	retry_displacement	-1	515	369	407	251	363	407	0	2	2	251	2	-1.6572882121442226e-01	1.0000000000000000e+00	-4.1432205303605560e+03	-4.7969799581742381	-1.4369825218542573	49.5182185567606012	0.0000006104021847	-0.0000010306339059	-0.9999999999992826	-2.8310466376519554e-03	-2.5043420419928894e-04	-1.4699710615406758e-09	2.8421017496204344e-03	1	top_other
512	0.2557780319562593	retry_displacement	-1	515	369	407	252	363	407	0	2	2	252	2	-1.6610259633850089e-01	1.0000000000000000e+00	-4.1525649084625220e+03	-3.2731883864483691	-3.8077397691908716	49.5191751062253687	0.0000006104021847	-0.0000010306339059	-0.9999999999992826	-1.7509348361569722e-03	-9.3544036608539133e-04	-1.0467790523271958e-10	1.9851502409062205e-03	1	top_other
512	0.2557780319562593	retry_displacement	-1	515	369	407	253	363	407	0	2	2	253	2	-1.6005648220415977e-01	1.0000000000000000e+00	-4.0014120551039941e+03	-1.8052214435047502	-2.1400343047886166	49.5170267036183276	0.0000006104021847	-0.0000010306339059	-0.9999999999992826	-1.0741662059567671e-03	-6.7254220382290380e-04	3.7471387104304199e-11	1.2673381766294763e-03	1	top_other
512	0.2557780319562593	retry_displacement	-1	515	369	407	257	370	407	0	2	2	257	2	-1.5651139205506032e-01	1.0000000000000000e+00	-3.9127848013765079e+03	4.2101783918798459	-2.7316208538518838	49.5178343469602993	0.0000006104021847	-0.0000010306339059	-0.9999999999992826	3.3497899617999801e-03	-4.1050036029933106e-04	2.4677947463302985e-09	3.3748486386781678e-03	1	top_other
512	0.2557780319562593	retry_displacement	-1	515	369	407	258	370	407	0	2	2	258	2	-1.6017996354123934e-01	1.0000000000000000e+00	-4.0044990885309835e+03	2.0801042954512368	-4.5771063406807944	49.5187589295612085	0.0000006104021847	-0.0000010306339059	-0.9999999999992826	1.9806490273807944e-03	-1.1425689397302379e-03	2.3865627807317935e-09	2.2865769944846515e-03	1	top_other
512	0.2557780319562593	retry_displacement	-1	515	369	407	259	370	407	0	2	2	259	2	-1.5461302404951338e-01	1.0000000000000000e+00	-3.8653256012378347e+03	2.3694592109709305	-1.5487173416372300	49.5160366998224433	0.0000006104021847	-0.0000010306339059	-0.9999999999992826	2.8476277864608809e-03	-1.7577152148855174e-04	1.9193542866169366e-09	2.8530474300288424e-03	1	top_other
512	0.2557780319562593	retry_displacement	-1	515	369	407	260	371	407	0	2	2	260	2	-1.5499838189726817e-01	1.0000000000000000e+00	-3.8749595474317043e+03	2.3695612664849364	-1.5486699961079324	49.5163520897478833	0.0000006104021847	-0.0000010306339059	-0.9999999999992826	3.0763993398879893e-03	-5.3413870360057834e-05	1.9328910139115862e-09	3.0768630031273465e-03	1	top_other
512	0.2557780319562593	retry_displacement	-1	515	369	407	261	371	407	0	2	2	261	2	-1.5672245701260745e-01	1.0000000000000000e+00	-3.9180614253151862e+03	4.2102325034907171	-2.7315723171557025	49.5180307777354471	0.0000006104021847	-0.0000010306339059	-0.9999999999992826	3.4846385830398690e-03	-3.2323694797709550e-04	2.4601699843973535e-09	3.4995982882259080e-03	1	top_other
512	0.2557780319562593	retry_displacement	-1	515	369	407	262	372	407	0	2	2	262	2	-1.6040128887667662e-01	1.0000000000000000e+00	-4.0100322219169157e+03	2.0800264537229807	-4.5771994578249675	49.5187393506394571	0.0000006104021847	-0.0000010306339059	-0.9999999999992826	1.7027767343579061e-03	-1.2586300135891432e-03	2.3365654133744584e-09	2.1174508537823117e-03	1	top_other
512	0.2557780319562593	retry_displacement	-1	515	369	407	263	372	407	0	2	2	263	2	-1.6413907022711313e-01	1.0000000000000000e+00	-4.1034767556778279e+03	-0.7093333914316829	-4.9783696639522335	49.5191096944979066	0.0000006104021847	-0.0000010306339059	-0.9999999999992826	2.9984293206558273e-04	-1.5707755530596109e-03	1.8019193637197617e-09	1.5991377745531055e-03	1	top_other
512	0.2557780319562593	retry_displacement	-1	515	369	407	264	372	407	0	2	2	264	2	-1.5688118510013621e-01	1.0000000000000000e+00	-3.9220296275034052e+03	0.3742883676804880	-2.6140128569250836	49.5158878388013051	0.0000006104021847	-0.0000010306339059	-0.9999999999992826	1.0589130385703807e-03	-1.1702482401893942e-03	1.8524603517811045e-09	1.5782198094448576e-03	1	top_other
512	0.2557780319562593	retry_displacement	-1	515	369	407	265	375	407	0	2	2	265	2	-1.6336333621009658e-01	1.0000000000000000e+00	-4.0840834052524142e+03	-0.7091963620007007	4.9227855881298224	49.5196963894884163	0.0000006104021847	-0.0000010306339059	-0.9999999999992826	5.8685741904816030e-04	2.7402486463374517e-03	-2.4659740915922157e-09	2.8023854613618356e-03	1	top_other
512	0.2557780319562593	retry_displacement	-1	515	369	407	266	375	407	0	2	2	266	2	-1.6590562914767115e-01	1.0000000000000000e+00	-4.1476407286917783e+03	-3.2728966772492027	3.7522562232524264	49.5196076220060775	0.0000006104021847	-0.0000010306339059	-0.9999999999992826	-5.4267531416322577e-04	2.6493151314618290e-03	-3.0617242074981732e-09	2.7043237902300344e-03	1	top_other
512	0.2557780319562593	retry_displacement	-1	515	369	407	267	375	407	0	2	2	267	2	-1.5976802793264636e-01	1.0000000000000000e+00	-3.9942006983161591e+03	-1.6888099616608330	2.1343284718403650	49.5173664865794052	0.0000006104021847	-0.0000010306339059	-0.9999999999992826	-1.1560091728064648e-04	2.1449284824976156e-03	-2.2811990352256117e-09	2.1480413792827305e-03	1	top_other
512	0.2557780319562593	retry_displacement	-1	515	369	407	268	394	407	0	2	2	268	2	-1.6556438740256463e-01	1.0000000000000000e+00	-4.1391096850641161e+03	-4.7969693090170908	-1.4369583678080176	49.5181487971058516	0.0000006104021847	-0.0000010306339059	-0.9999999999992826	-2.9762645407484046e-03	-1.5918756863040159e-04	-1.6526542356842810e-09	2.9805186291190166e-03	1	top_other
512	0.2557780319562593	retry_displacement	-1	515	369	407	269	394	407	0	2	2	269	2	-1.6032485586990228e-01	1.0000000000000000e+00	-4.0081213967475569e+03	-1.8051268287338005	-2.1399449632387642	49.5175853031124191	0.0000006104021847	-0.0000010306339059	-0.9999999999992826	-9.4314151202338451e-04	-5.3507309796838162e-04	-2.4231172623956354e-11	1.0843519409634668e-03	1	top_other
512	0.2557780319562593	retry_displacement	-1	515	369	407	270	394	407	0	2	2	270	2	-1.5998430887168130e-01	1.0000000000000000e+00	-3.9996077217920324e+03	-2.4613946820301846	0.0303777406920958	49.5174186221666730	0.0000006104021847	-0.0000010306339059	-0.9999999999992826	-1.1574468044105986e-03	5.0388297713940431e-04	-1.2258269399545441e-09	1.2623712447979313e-03	1	top_other
512	0.2557780319562593	retry_displacement	-1	515	369	407	271	395	407	0	2	2	271	2	-1.6035284313842305e-01	1.0000000000000000e+00	-4.0088210784605762e+03	-1.8051429417119622	-2.1398894991385449	49.5175572714943826	0.0000006104021847	-0.0000010306339059	-0.9999999999992826	-9.9783171207697683e-04	-5.4263591075722547e-04	-4.9819676162243809e-11	1.1358353125650730e-03	1	top_other
512	0.2557780319562593	retry_displacement	-1	515	369	407	272	395	407	0	2	2	272	2	-1.6573714544063453e-01	1.0000000000000000e+00	-4.1434286360158630e+03	-4.7969813268878072	-1.4369763526037560	49.5183467950814773	0.0000006104021847	-0.0000010306339059	-0.9999999999992826	-2.9324896770668660e-03	-2.3938073471157004e-04	-1.5432841948825882e-09	2.9422438447989259e-03	1	top_other
512	0.2557780319562593	retry_displacement	-1	515	369	407	273	398	407	0	2	2	273	2	-1.5359341974848187e-01	1.0000000000000000e+00	-3.8398354937120466e+03	2.5382098176858561	0.7639767518411716	49.5160914595022916	0.0000006104021847	-0.0000010306339059	-0.9999999999992826	3.4014240907053730e-03	1.5197375819909007e-03	5.0994361511236264e-10	3.7254916672765067e-03	1	top_other
512	0.2557780319562593	retry_displacement	-1	515	369	407	274	399	407	0	2	2	274	2	-1.5305139294456666e-01	1.0000000000000000e+00	-3.8262848236141663e+03	2.5381516520415746	0.7637775793888707	49.5155087556201607	0.0000006104021847	-0.0000010306339059	-0.9999999999992826	3.3240532941697940e-03	1.2852768370694326e-03	7.0435951515790407e-10	3.5638836752044474e-03	1	top_other
512	0.2557780319562593	retry_displacement	-1	515	369	407	275	399	407	0	2	2	275	2	-1.5580973956627697e-01	1.0000000000000000e+00	-3.8952434891569242e+03	2.3693866751907633	-1.5485605247203638	49.5173153943468876	0.0000006104021847	-0.0000010306339059	-0.9999999999992826	2.9556227960866339e-03	1.4552758541113881e-04	1.6541329417307793e-09	2.9592033371948780e-03	1	top_other
512	0.2556275385362396	retry_displacement	-1	516	369	407	254	369	407	1	2	2	254	2	-1.0812490790083165e-01	1.0000000000000000e+00	-2.7031226975207915e+03	5.0042439883262331	-0.0276391606151449	49.5167851719154868	0.0000006104021847	-0.0000010306339059	-0.9999999999992826	7.1184429062600462e-03	7.7761879200927099e-04	3.5436728273996465e-09	7.1607904867676785e-03	1	trigger_top
512	0.2556275385362396	retry_displacement	-1	516	369	407	255	369	407	1	2	2	255	2	-1.1152187050298822e-01	1.0000000000000000e+00	-2.7880467625747056e+03	4.2100710869133948	2.6760579540328324	49.5183727258427595	0.0000006104021847	-0.0000010306339059	-0.9999999999992826	6.0349409411127371e-03	2.5431113949572030e-03	1.0627242974514672e-09	6.5488875184935794e-03	1	trigger_top
512	0.2556275385362396	retry_displacement	-1	516	369	407	256	369	407	1	2	2	256	2	-1.0391736218747094e-01	1.0000000000000000e+00	-2.5979340546867734e+03	2.5383763724616286	0.7638666360594399	49.5149256559531352	0.0000006104021847	-0.0000010306339059	-0.9999999999992826	5.7820973661618733e-03	1.8244723367806274e-03	1.6490418197623313e-09	6.0631138253752553e-03	1	trigger_top
512	0.2556275385362396	retry_displacement	-1	516	369	407	137	145	407	0	2	2	137	2	-1.0599127353619038e-01	1.0000000000000000e+00	-2.6497818384047596e+03	2.5381650247063829	0.7638900754269627	49.5160218798506833	0.0000006104021847	-0.0000010306339059	-0.9999999999992826	5.2492757087078843e-03	1.6516501613519682e-03	1.5019226973222999e-09	5.5029849828549327e-03	1	top_other
512	0.2556275385362396	retry_displacement	-1	516	369	407	138	174	407	0	2	2	138	2	-1.0968836555726308e-01	1.0000000000000000e+00	-2.7422091389315769e+03	0.3743644017817885	-2.6138298763473018	49.5170493914071770	0.0000006104021847	-0.0000010306339059	-0.9999999999992826	9.3225051285993087e-04	-3.6153361144496024e-03	4.2951357193121709e-09	3.7335969572504209e-03	1	top_other
512	0.2556275385362396	retry_displacement	-1	516	369	407	139	181	407	0	2	2	139	2	-1.1336236671423665e-01	1.0000000000000000e+00	-2.8340591678559163e+03	-1.8051085565443870	-2.1398748636155660	49.5180748786171918	0.0000006104021847	-0.0000010306339059	-0.9999999999992826	-2.4549300470047405e-03	-2.7745143851073974e-03	1.3610139265596288e-09	3.7046742918718819e-03	1	top_other
512	0.2556275385362396	retry_displacement	-1	516	369	407	140	181	407	0	2	2	140	2	-1.0826014105564208e-01	1.0000000000000000e+00	-2.7065035263910518e+03	0.3741488820553130	-2.6138106635350540	49.5164190306239647	0.0000006104021847	-0.0000010306339059	-0.9999999999992826	2.1502760412215198e-04	-3.5791074212511115e-03	3.8200028001922348e-09	3.5855608771019195e-03	1	top_other
512	0.2556275385362396	retry_displacement	-1	516	369	407	141	185	407	0	2	2	141	2	-1.1270188875589368e-01	1.0000000000000000e+00	-2.8175472188973422e+03	-2.4613650765161923	0.0302561394472676	49.5178298083296298	0.0000006104021847	-0.0000010306339059	-0.9999999999992826	-3.4655501982397375e-03	-1.5204181084522057e-05	-2.0997094757335688e-09	3.4655835502331121e-03	1	top_other
512	0.2556275385362396	retry_displacement	-1	516	369	407	142	191	407	0	2	2	142	2	-1.1005352457412398e-01	1.0000000000000000e+00	-2.7513381143530996e+03	0.3743009326840209	-2.6137559079357899	49.5170941320442282	0.0000006104021847	-0.0000010306339059	-0.9999999999992826	1.0267673975337904e-03	-3.5847278558960379e-03	4.3212831368766302e-09	3.7288771888457244e-03	1	top_other
512	0.2556275385362396	retry_displacement	-1	516	369	407	143	194	407	0	2	2	143	2	-1.0850489109163720e-01	1.0000000000000000e+00	-2.7126222772909300e+03	0.0354535819683164	-0.0335675314543479	49.5172237399780855	0.0000006104021847	-0.0000010306339059	-0.9999999999992826	8.6865065739148131e-04	2.7402361344110340e-05	5.0198445400440050e-10	8.6908276590560573e-04	1	top_other
512	0.2556275385362396	retry_displacement	-1	516	369	407	144	195	407	0	2	2	144	2	-1.0849398134994861e-01	1.0000000000000000e+00	-2.7123495337487152e+03	0.0355102425319259	-0.0335239865304601	49.5172080850355627	0.0000006104021847	-0.0000010306339059	-0.9999999999992826	7.5919322511556662e-04	1.7693139390578477e-06	4.6158969702059238e-10	7.5919528682243771e-04	1	top_other
512	0.2556275385362396	retry_displacement	-1	516	369	407	145	212	407	0	2	2	145	2	-1.1263720928986573e-01	1.0000000000000000e+00	-2.8159302322466433e+03	-2.4613239076422375	0.0303149130123913	49.5178082877183954	0.0000006104021847	-0.0000010306339059	-0.9999999999992826	-3.5080443298837636e-03	-1.1977944062487707e-05	-2.1289730395279705e-09	3.5080647787032269e-03	1	top_other
512	0.2556275385362396	retry_displacement	-1	516	369	407	146	216	407	0	2	2	146	2	-1.0878523569882187e-01	1.0000000000000000e+00	-2.7196308924705468e+03	5.0042230039016733	-0.0276511172556582	49.5171897247324324	0.0000006104021847	-0.0000010306339059	-0.9999999999992826	7.1525007198981411e-03	4.6853320971019472e-04	3.8830158671787629e-09	7.1678302098166250e-03	1	top_other
512	0.2556275385362396	retry_displacement	-1	516	369	407	147	216	407	0	2	2	147	2	-1.0447727713330665e-01	1.0000000000000000e+00	-2.6119319283326663e+03	2.5384167538529638	0.7638630257865117	49.5152497390396391	0.0000006104021847	-0.0000010306339059	-0.9999999999992826	5.8757108939776750e-03	1.5453185056770759e-03	1.9938891232529343e-09	6.0755236641461567e-03	1	top_other
512	0.2556275385362396	retry_displacement	-1	516	369	407	148	224	407	0	2	2	148	2	-1.0838241108054641e-01	1.0000000000000000e+00	-2.7095602770136602e+03	0.3743426019814066	-2.6138125705527786	49.5165661265508987	0.0000006104021847	-0.0000010306339059	-0.9999999999992826	1.0415169481292959e-03	-3.2398867476113279e-03	3.9748813546180983e-09	3.4031784688146860e-03	1	top_other
512	0.2556275385362396	retry_displacement	-1	516	369	407	149	224	407	0	2	2	149	2	-1.0718452538008885e-01	1.0000000000000000e+00	-2.6796131345022213e+03	0.0354673529015500	-0.0335505377588149	49.5167087190495110	0.0000006104021847	-0.0000010306339059	-0.9999999999992826	6.4346774996929467e-04	-3.6076099443679876e-04	7.6458664399758902e-10	7.3769861078773848e-04	1	top_other
512	0.2556275385362396	retry_displacement	-1	516	369	407	150	225	407	0	2	2	150	2	-1.0476523730981183e-01	1.0000000000000000e+00	-2.6191309327452955e+03	2.5382147819619134	0.7639005290093450	49.5157643182119784	0.0000006104021847	-0.0000010306339059	-0.9999999999992826	4.8347322871669695e-03	1.6542638403508505e-03	1.2461907478167333e-09	5.1099143967456686e-03	1	top_other
512	0.2556275385362396	retry_displacement	-1	516	369	407	151	225	407	0	2	2	151	2	-1.0720400811856877e-01	1.0000000000000000e+00	-2.6801002029642191e+03	0.0355056036393094	-0.0335412646041334	49.5167082429124292	0.0000006104021847	-0.0000010306339059	-0.9999999999992826	1.3000823929717399e-03	4.6659655629272974e-05	7.4548411888031296e-10	1.3009194256290908e-03	1	top_other
512	0.2556275385362396	retry_displacement	-1	516	369	407	152	227	407	0	2	2	152	2	-1.1295004907687900e-01	1.0000000000000000e+00	-2.8237512269219751e+03	-1.8051017333190900	-2.1399378651653791	49.5179852802653215	0.0000006104021847	-0.0000010306339059	-0.9999999999992826	-2.3591532023840467e-03	-2.5658656040452896e-03	1.2044358288498813e-09	3.4855803147170561e-03	1	top_other
512	0.2556275385362396	retry_displacement	-1	516	369	407	153	227	407	0	2	2	153	2	-1.0661684573003750e-01	1.0000000000000000e+00	-2.6654211432509378e+03	0.0354184261704646	-0.0335392947828922	49.5164719185355438	0.0000006104021847	-0.0000010306339059	-0.9999999999992826	2.8385983060875470e-04	-3.7537996313814407e-04	5.6014799743042687e-10	4.7062354399152097e-04	1	top_other
512	0.2556275385362396	retry_displacement	-1	516	369	407	154	227	407	0	2	2	154	2	-1.0734507246232411e-01	1.0000000000000000e+00	-2.6836268115581029e+03	0.3741903917643284	-2.6138125919546895	49.5160937090689544	0.0000006104021847	-0.0000010306339059	-0.9999999999992826	4.3730871236418069e-04	-3.2884728841742804e-03	3.6561458444106520e-09	3.3174226170134690e-03	1	top_other
512	0.2556275385362396	retry_displacement	-1	516	369	407	155	228	407	0	2	2	155	2	-1.0588875075627321e-01	1.0000000000000000e+00	-2.6472187689068305e+03	2.5381606937147865	0.7638021757060656	49.5158941181033043	0.0000006104021847	-0.0000010306339059	-0.9999999999992826	5.2742546344113576e-03	1.6764159404667916e-03	1.4916454460500717e-09	5.5342689087234517e-03	1	top_other
512	0.2556275385362396	retry_displacement	-1	516	369	407	156	232	407	0	2	2	156	2	-1.1178092629546128e-01	1.0000000000000000e+00	-2.7945231573865321e+03	-2.4613707369908653	0.0303095533267836	49.5174892577704071	0.0000006104021847	-0.0000010306339059	-0.9999999999992826	-3.1750368825473221e-03	-3.0582873907877337e-05	-1.9065296841258572e-09	3.1751841706767056e-03	1	top_other
512	0.2556275385362396	retry_displacement	-1	516	369	407	157	232	407	0	2	2	157	2	-1.0690689471978095e-01	1.0000000000000000e+00	-2.6726723679945235e+03	0.0353988567542714	-0.0335301448566383	49.5166221532973907	0.0000006104021847	-0.0000010306339059	-0.9999999999992826	1.5399739697786883e-04	7.4596128480130806e-05	1.7119056172631986e-11	1.7111335617123462e-04	1	top_other
512	0.2556275385362396	retry_displacement	-1	516	369	407	158	238	407	0	2	2	158	2	-1.1384070631895364e-01	1.0000000000000000e+00	-2.8460176579738409e+03	-1.6886595664450355	2.1341625072802670	49.5182792070304316	0.0000006104021847	-0.0000010306339059	-0.9999999999992826	-1.7046723421309687e-03	2.7421471865053935e-03	-3.8666855828317637e-09	3.2288200610285918e-03	1	top_other
512	0.2556275385362396	retry_displacement	-1	516	369	407	159	238	407	0	2	2	159	2	-1.1127385906497798e-01	1.0000000000000000e+00	-2.7818464766244497e+03	-2.4612895130172503	0.0304268417462495	49.5171773580999428	0.0000006104021847	-0.0000010306339059	-0.9999999999992826	-3.2425614781698684e-03	5.5828767898244988e-04	-2.5546568332979191e-09	3.2902720362032829e-03	1	top_other
512	0.2556275385362396	retry_displacement	-1	516	369	407	160	239	407	0	2	2	160	2	-1.0772669746302549e-01	1.0000000000000000e+00	-2.6931674365756371e+03	2.3695427686008288	-1.5485595840994932	49.5168289478370696	0.0000006104021847	-0.0000010306339059	-0.9999999999992826	5.0387475685108951e-03	-9.6902939446258927e-04	4.0743770718387751e-09	5.1310812726484455e-03	1	top_other
512	0.2556275385362396	retry_displacement	-1	516	369	407	161	239	407	0	2	2	161	2	-1.0839266492418478e-01	1.0000000000000000e+00	-2.7098166231046198e+03	5.0041763269418551	-0.0276555383948320	49.5170577896909805	0.0000006104021847	-0.0000010306339059	-0.9999999999992826	6.9631987262045196e-03	3.3559649096806353e-04	3.9044746186212009e-09	6.9712811954031496e-03	1	top_other
512	0.2556275385362396	retry_displacement	-1	516	369	407	162	239	407	0	2	2	162	2	-1.0377798031679075e-01	1.0000000000000000e+00	-2.5944495079197686e+03	2.5383805932212811	0.7637442752896263	49.5149329312037096	0.0000006104021847	-0.0000010306339059	-0.9999999999992826	5.6325387830961204e-03	1.1289144086364148e-03	2.2746165229126092e-09	5.7445575012453317e-03	1	top_other
512	0.2556275385362396	retry_displacement	-1	516	369	407	163	241	407	0	2	2	163	2	-1.0539438090421138e-01	1.0000000000000000e+00	-2.6348595226052844e+03	2.5381719174917721	0.7637120183222137	49.5156730772848022	0.0000006104021847	-0.0000010306339059	-0.9999999999992826	5.2259336759600946e-03	1.6722713172661256e-03	1.4664218311866151e-09	5.4869731313436304e-03	1	top_other
512	0.2556275385362396	retry_displacement	-1	516	369	407	164	248	407	0	2	2	164	2	-1.0378406478545556e-01	1.0000000000000000e+00	-2.5946016196363889e+03	2.5381786189144249	0.7637733680892396	49.5153014881937068	0.0000006104021847	-0.0000010306339059	-0.9999999999992826	4.7813658724314926e-03	1.1458288933207240e-03	1.7376260708079627e-09	4.9167452098745346e-03	1	top_other
512	0.2556275385362396	retry_displacement	-1	516	369	407	165	248	407	0	2	2	165	2	-1.0811551713040152e-01	1.0000000000000000e+00	-2.7028879282600378e+03	2.3694011850357852	-1.5486051469564444	49.5171142907570214	0.0000006104021847	-0.0000010306339059	-0.9999999999992826	4.2014891295501147e-03	-1.2245900869967301e-03	3.8267022051119426e-09	4.3763148637767238e-03	1	top_other
512	0.2556275385362396	retry_displacement	-1	516	369	407	166	248	407	0	2	2	166	2	-1.0693447169730337e-01	1.0000000000000000e+00	-2.6733617924325845e+03	0.0354788662847554	-0.0335234186519628	49.5165711068696339	0.0000006104021847	-0.0000010306339059	-0.9999999999992826	1.2471883982955109e-03	-1.0924222985992468e-04	8.7387527769600126e-10	1.2519635640179207e-03	1	top_other
512	0.2556275385362396	retry_displacement	-1	516	369	407	167	250	407	0	2	2	167	2	-1.0864171482240269e-01	1.0000000000000000e+00	-2.7160428705600671e+03	1.0777614579170560	2.4974539419090815	49.5169751447360369	0.0000006104021847	-0.0000010306339059	-0.9999999999992826	2.7888955967618288e-03	3.2541766610037445e-03	-1.6515168399511282e-09	4.2857443216624252e-03	1	top_other
512	0.2556275385362396	retry_displacement	-1	516	369	407	168	250	407	0	2	2	168	2	-1.0701407519238108e-01	1.0000000000000000e+00	-2.6753518798095270e+03	0.0354819530181103	-0.0335193777111087	49.5166988124841367	0.0000006104021847	-0.0000010306339059	-0.9999999999992826	9.9438485311649548e-04	4.7882938449739926e-04	1.1347688066987160e-10	1.1036660797386524e-03	1	top_other
512	0.2556275385362396	retry_displacement	-1	516	369	407	169	254	407	0	2	2	169	2	-1.0468745741387010e-01	1.0000000000000000e+00	-2.6171864353467527e+03	2.5381822696005161	0.7636833056786898	49.5154537758381963	0.0000006104021847	-0.0000010306339059	-0.9999999999992826	5.0167625518358627e-03	1.6635994182288940e-03	1.3476808558010589e-09	5.2854015482114514e-03	1	top_other
512	0.2556275385362396	retry_displacement	-1	516	369	407	170	254	407	0	2	2	170	2	-1.0828762912849758e-01	1.0000000000000000e+00	-2.7071907282124398e+03	1.0777443446170551	2.4974463317939084	49.5166191032605596	0.0000006104021847	-0.0000010306339059	-0.9999999999992826	3.3302185632158158e-03	3.4438520745202141e-03	-1.5165780298254106e-09	4.7906651719742104e-03	1	top_other
512	0.2556275385362396	retry_displacement	-1	516	369	407	171	258	407	0	2	2	171	2	-1.1014451262204529e-01	1.0000000000000000e+00	-2.7536128155511324e+03	1.0777856944914632	2.4974463629979100	49.5174340019737258	0.0000006104021847	-0.0000010306339059	-0.9999999999992826	2.9799850140216364e-03	3.6165940400849934e-03	-1.9083950808518324e-09	4.6861565418342003e-03	1	top_other
512	0.2556275385362396	retry_displacement	-1	516	369	407	172	259	407	0	2	2	172	2	-1.0896814787636541e-01	1.0000000000000000e+00	-2.7242036969091355e+03	1.0777675951929055	2.4974647268923404	49.5169590696359307	0.0000006104021847	-0.0000010306339059	-0.9999999999992826	2.6079045898986276e-03	3.7791843997848598e-03	-2.3030849172211987e-09	4.5916664815289976e-03	1	top_other
512	0.2556275385362396	retry_displacement	-1	516	369	407	173	264	407	0	2	2	173	2	-1.0754006714625808e-01	1.0000000000000000e+00	-2.6885016786564520e+03	1.0776520062733326	2.4973872332951230	49.5164074438382116	0.0000006104021847	-0.0000010306339059	-0.9999999999992826	2.0908559447121258e-03	3.4457268174547875e-03	-2.2750198530596677e-09	4.0304729104746889e-03	1	top_other
512	0.2556275385362396	retry_displacement	-1	516	369	407	174	264	407	0	2	2	174	2	-1.1359668326635051e-01	1.0000000000000000e+00	-2.8399170816587630e+03	-1.6886898180296313	2.1341160007272846	49.5182727297506204	0.0000006104021847	-0.0000010306339059	-0.9999999999992826	-1.3224764001041603e-03	2.9984910395014532e-03	-3.8975890015446879e-09	3.2771774963858999e-03	1	top_other
512	0.2556275385362396	retry_displacement	-1	516	369	407	175	266	407	0	2	2	175	2	-1.1172057905768619e-01	1.0000000000000000e+00	-2.7930144764421548e+03	4.2100826872126405	2.6760279157543607	49.5184273374274042	0.0000006104021847	-0.0000010306339059	-0.9999999999992826	6.0129600080494599e-03	2.6112320168763903e-03	9.7909969021259258e-10	6.5554725767379618e-03	1	top_other
512	0.2556275385362396	retry_displacement	-1	516	369	407	176	266	407	0	2	2	176	2	-1.0431840493296066e-01	1.0000000000000000e+00	-2.6079601233240164e+03	2.5383524031295877	0.7638347260367155	49.5151022433082204	0.0000006104021847	-0.0000010306339059	-0.9999999999992826	5.6234709756902675e-03	1.9357501181247901e-03	1.4375292761714675e-09	5.9473148844039732e-03	1	top_other
512	0.2556275385362396	retry_displacement	-1	516	369	407	177	270	407	0	2	2	177	2	-1.1885977046569214e-01	1.0000000000000000e+00	-2.9714942616423036e+03	-4.7971086081144403	-1.4369195325523194	49.5188034243318782	0.0000006104021847	-0.0000010306339059	-0.9999999999992826	-7.1651991620962519e-03	-1.7513168518476483e-03	-2.5686866800267438e-09	7.3761229482755359e-03	1	top_other
512	0.2556275385362396	retry_displacement	-1	516	369	407	178	273	407	0	2	2	178	2	-1.0847132223446840e-01	1.0000000000000000e+00	-2.7117830558617097e+03	0.3741815655206026	-2.6140317456642137	49.5162955991535654	0.0000006104021847	-0.0000010306339059	-0.9999999999992826	6.0857186973714409e-04	-4.2278312091996850e-03	4.7288198079531440e-09	4.2714068471805160e-03	1	top_other
512	0.2556275385362396	retry_displacement	-1	516	369	407	179	273	407	0	2	2	179	2	-1.1834884739071079e-01	1.0000000000000000e+00	-2.9587211847677700e+03	-0.7094031091026395	-4.9783548561816104	49.5193926801567130	0.0000006104021847	-0.0000010306339059	-0.9999999999992826	-5.1494426272449313e-04	-5.1344815514142699e-03	4.9774476762465270e-09	5.1602391800720957e-03	1	top_other
512	0.2556275385362396	retry_displacement	-1	516	369	407	180	275	407	0	2	2	180	2	-1.1168940775436688e-01	1.0000000000000000e+00	-2.7922351938591719e+03	-2.4613790860068647	0.0303103236915135	49.5173990330277292	0.0000006104021847	-0.0000010306339059	-0.9999999999992826	-3.6345682758872617e-03	-2.9334513147662308e-04	-1.9162169628827996e-09	3.6463869677052668e-03	1	top_other
512	0.2556275385362396	retry_displacement	-1	516	369	407	181	275	407	0	2	2	181	2	-1.1820100316770120e-01	1.0000000000000000e+00	-2.9550250791925300e+03	-4.7970575772745985	-1.4369161583377661	49.5185574101426766	0.0000006104021847	-0.0000010306339059	-0.9999999999992826	-7.0873611043813520e-03	-1.5670266198754962e-03	-2.7111099198950939e-09	7.2585301439963340e-03	1	top_other
512	0.2556275385362396	retry_displacement	-1	516	369	407	182	281	407	0	2	2	182	2	-1.0776598917213737e-01	1.0000000000000000e+00	-2.6941497293034340e+03	1.0778040819628061	2.4975129130941580	49.5163247487209830	0.0000006104021847	-0.0000010306339059	-0.9999999999992826	3.5949506215259331e-03	3.5964288505729910e-03	-1.5122357949204357e-09	5.0850732982372776e-03	1	top_other
512	0.2556275385362396	retry_displacement	-1	516	369	407	183	281	407	0	2	2	183	2	-1.1144395329730815e-01	1.0000000000000000e+00	-2.7860988324327036e+03	4.2100665719160428	2.6760280221684254	49.5183410115605582	0.0000006104021847	-0.0000010306339059	-0.9999999999992826	5.8953371214181382e-03	2.7248851164284184e-03	7.9016766740824806e-10	6.4946130502828601e-03	1	top_other
512	0.2556275385362396	retry_displacement	-1	516	369	407	184	281	407	0	2	2	184	2	-1.0381451860112546e-01	1.0000000000000000e+00	-2.5953629650281364e+03	2.5383249994065138	0.7638424516659498	49.5149133402847568	0.0000006104021847	-0.0000010306339059	-0.9999999999992826	5.3640749917079622e-03	2.0126312548996638e-03	1.1999570920240288e-09	5.7292220313815041e-03	1	top_other
512	0.2556275385362396	retry_displacement	-1	516	369	407	185	283	407	0	2	2	185	2	-1.1085355254961972e-01	1.0000000000000000e+00	-2.7713388137404932e+03	-2.4613318890433407	0.0304262061582776	49.5170398676907837	0.0000006104021847	-0.0000010306339059	-0.9999999999992826	-3.0645182136457933e-03	4.5255712587173661e-04	-2.3370093221730670e-09	3.0977539982944987e-03	1	top_other
512	0.2556275385362396	retry_displacement	-1	516	369	407	186	283	407	0	2	2	186	2	-1.1396516055990767e-01	1.0000000000000000e+00	-2.8491290139976918e+03	-1.6887224721026470	2.1342017483622344	49.5184456338087031	0.0000006104021847	-0.0000010306339059	-0.9999999999992826	-1.5415290727927111e-03	2.7472270808963427e-03	-3.7723380669207884e-09	3.1501696011944540e-03	1	top_other
512	0.2556275385362396	retry_displacement	-1	516	369	407	187	283	407	0	2	2	187	2	-1.0626051221967860e-01	1.0000000000000000e+00	-2.6565128054919651e+03	0.0354267443195923	-0.0335068975421208	49.5163751967212278	0.0000006104021847	-0.0000010306339059	-0.9999999999992826	2.8837297748798970e-04	4.1160077422582085e-04	-2.4818622157418702e-10	5.0256757902658762e-04	1	top_other
512	0.2556275385362396	retry_displacement	-1	516	369	407	188	284	407	0	2	2	188	2	-1.1929783409741571e-01	1.0000000000000000e+00	-2.9824458524353927e+03	-0.7091234834043476	4.9228207705308833	49.5200429907813628	0.0000006104021847	-0.0000010306339059	-0.9999999999992826	2.8975276500959777e-04	5.0948626209169007e-03	-5.0740724399922499e-09	5.1030953146960411e-03	1	top_other
512	0.2556275385362396	retry_displacement	-1	516	369	407	189	284	407	0	2	2	189	2	-1.0773415618048621e-01	1.0000000000000000e+00	-2.6933539045121552e+03	1.0777512987341153	2.4976532307671659	49.5163687479243819	0.0000006104021847	-0.0000010306339059	-0.9999999999992826	2.6128384351265326e-03	4.2427764478466679e-03	-2.7778669781097776e-09	4.9827780077467401e-03	1	top_other
512	0.2556275385362396	retry_displacement	-1	516	369	407	190	285	407	0	2	2	190	2	-1.0865294654240028e-01	1.0000000000000000e+00	-2.7163236635600069e+03	5.0042198745844031	-0.0277100228762976	49.5170427542749110	0.0000006104021847	-0.0000010306339059	-0.9999999999992826	7.1591329994907310e-03	5.3095892814140791e-04	3.8227261633938525e-09	7.1787953507385094e-03	1	top_other
512	0.2556275385362396	retry_displacement	-1	516	369	407	191	285	407	0	2	2	191	2	-1.0442003240537649e-01	1.0000000000000000e+00	-2.6105008101344124e+03	2.5383946440945619	0.7638140108886347	49.5151859029485735	0.0000006104021847	-0.0000010306339059	-0.9999999999992826	5.8656594665417155e-03	1.6165170347305646e-03	1.9143740898064365e-09	6.0843313766599048e-03	1	top_other
512	0.2556275385362396	retry_displacement	-1	516	369	407	192	288	407	0	2	2	192	2	-1.1288983147005925e-01	1.0000000000000000e+00	-2.8222457867514813e+03	-1.6886675525755137	2.1342750995370721	49.5178972094640955	0.0000006104021847	-0.0000010306339059	-0.9999999999992826	-1.2063433415870971e-03	3.4636959992605607e-03	-4.3061571392000175e-09	3.6677587479418110e-03	1	top_other
512	0.2556275385362396	retry_displacement	-1	516	369	407	193	288	407	0	2	2	193	2	-1.1902989015280883e-01	1.0000000000000000e+00	-2.9757472538202210e+03	-0.7091074912773436	4.9227673593124353	49.5199692632271606	0.0000006104021847	-0.0000010306339059	-0.9999999999992826	2.0037848412090317e-04	4.9515642197946550e-03	-4.9809385088694924e-09	4.9556169908169913e-03	1	top_other
512	0.2556275385362396	retry_displacement	-1	516	369	407	194	288	407	0	2	2	194	2	-1.0686764517593624e-01	1.0000000000000000e+00	-2.6716911293984058e+03	1.0776366630874563	2.4975789605946885	49.5159913988919058	0.0000006104021847	-0.0000010306339059	-0.9999999999992826	2.0880496613987143e-03	3.9443653886680431e-03	-2.7906466165683597e-09	4.4629552661658483e-03	1	top_other
512	0.2556275385362396	retry_displacement	-1	516	369	407	195	291	407	0	2	2	195	2	-1.0955253631017629e-01	1.0000000000000000e+00	-2.7388134077544073e+03	0.3742229779972789	-2.6137337075659572	49.5167833804395912	0.0000006104021847	-0.0000010306339059	-0.9999999999992826	1.1645609940586807e-03	-3.4708639873684407e-03	4.2880406725398501e-09	3.6610243276591977e-03	1	top_other
512	0.2556275385362396	retry_displacement	-1	516	369	407	196	292	407	0	2	2	196	2	-1.2162269329408201e-01	1.0000000000000000e+00	-3.0405673323520505e+03	-4.7966555868519789	1.3813885376245665	49.5201699274688423	0.0000006104021847	-0.0000010306339059	-0.9999999999992826	-5.2382972233643993e-03	2.0963350748560258e-03	-5.3580220815696578e-09	5.6421962520287706e-03	1	top_other
512	0.2556275385362396	retry_displacement	-1	516	369	407	197	292	407	0	2	2	197	2	-1.1135678335777324e-01	1.0000000000000000e+00	-2.7839195839443310e+03	-2.4615082392015650	0.0303589976290539	49.5172091659835090	0.0000006104021847	-0.0000010306339059	-0.9999999999992826	-4.0331607403706693e-03	1.7972846866002004e-04	-2.6470843711434711e-09	4.0371633457318970e-03	1	top_other
512	0.2556275385362396	retry_displacement	-1	516	369	407	198	295	407	0	2	2	198	2	-1.1231411722778832e-01	1.0000000000000000e+00	-2.8078529306947080e+03	-1.8051157524694488	-2.1400709325871459	49.5175193039372914	0.0000006104021847	-0.0000010306339059	-0.9999999999992826	-2.3898963146430220e-03	-3.3775840140611788e-03	2.0222546692760801e-09	4.1375932819442286e-03	1	top_other
512	0.2556275385362396	retry_displacement	-1	516	369	407	199	295	407	0	2	2	199	2	-1.1797197398410394e-01	1.0000000000000000e+00	-2.9492993496025988e+03	-0.7094115821888110	-4.9783362606888684	49.5192494211704286	0.0000006104021847	-0.0000010306339059	-0.9999999999992826	-7.4481503294588345e-04	-5.1099584778911081e-03	4.8118597578694633e-09	5.1639544032743498e-03	1	top_other
512	0.2556275385362396	retry_displacement	-1	516	369	407	200	295	407	0	2	2	200	2	-1.0755337263525488e-01	1.0000000000000000e+00	-2.6888343158813723e+03	0.3740935394851974	-2.6139939907799006	49.5159240192517558	0.0000006104021847	-0.0000010306339059	-0.9999999999992826	1.4282112604613675e-04	-4.0596685251952144e-03	4.2712103576203475e-09	4.0621800069081159e-03	1	top_other
512	0.2556275385362396	retry_displacement	-1	516	369	407	201	298	407	0	2	2	201	2	-1.1378819831493513e-01	1.0000000000000000e+00	-2.8447049578733781e+03	-1.6887332381730729	2.1341779127950091	49.5184554599163604	0.0000006104021847	-0.0000010306339059	-0.9999999999992826	-1.3701074744635895e-03	2.8534539578610103e-03	-3.7771829969335258e-09	3.1653426325167276e-03	1	top_other
512	0.2556275385362396	retry_displacement	-1	516	369	407	202	298	407	0	2	2	202	2	-1.0757423456315106e-01	1.0000000000000000e+00	-2.6893558640787764e+03	1.0776720084077156	2.4974683530278114	49.5165757625750729	0.0000006104021847	-0.0000010306339059	-0.9999999999992826	2.2357214262025012e-03	3.3511098334011395e-03	-2.0890781743387876e-09	4.0284472704881129e-03	1	top_other
512	0.2556275385362396	retry_displacement	-1	516	369	407	203	298	407	0	2	2	203	2	-1.0610233702450370e-01	1.0000000000000000e+00	-2.6525584256125926e+03	0.0354108209287844	-0.0335459743451722	49.5163779046755437	0.0000006104021847	-0.0000010306339059	-0.9999999999992826	4.9231351972288493e-04	4.8671047535586172e-04	-2.0111107223996783e-10	6.9228584307575195e-04	1	top_other
512	0.2556275385362396	retry_displacement	-1	516	369	407	204	300	407	0	2	2	204	2	-1.1309649369652960e-01	1.0000000000000000e+00	-2.8274123424132399e+03	-1.8050908088022894	-2.1398839842247739	49.5178824510621283	0.0000006104021847	-0.0000010306339059	-0.9999999999992826	-2.6787314716940074e-03	-2.7851332199831896e-03	1.2353491979366638e-09	3.8642682813825697e-03	1	top_other
512	0.2556275385362396	retry_displacement	-1	516	369	407	205	305	407	0	2	2	205	2	-1.0482370467560713e-01	1.0000000000000000e+00	-2.6205926168901783e+03	2.5382459141274025	0.7637945632134304	49.5157727087939037	0.0000006104021847	-0.0000010306339059	-0.9999999999992826	4.8753466806011969e-03	1.6642391851970585e-03	1.2607009325371621e-09	5.1515723154776805e-03	1	top_other
512	0.2556275385362396	retry_displacement	-1	516	369	407	206	305	407	0	2	2	206	2	-1.0643039990000423e-01	1.0000000000000000e+00	-2.6607599975001058e+03	0.0354838841670116	-0.0335566850055301	49.5164337876488645	0.0000006104021847	-0.0000010306339059	-0.9999999999992826	1.2364981114709648e-03	2.9651370402212720e-04	4.4916408092898763e-10	1.2715533635457011e-03	1	top_other
512	0.2556275385362396	retry_displacement	-1	516	369	407	207	305	407	0	2	2	207	2	-1.0802943454753673e-01	1.0000000000000000e+00	-2.7007358636884182e+03	1.0777794516127486	2.4975041156163145	49.5166866510708843	0.0000006104021847	-0.0000010306339059	-0.9999999999992826	3.1122917796103954e-03	3.3704842000036447e-03	-1.5739855807606062e-09	4.5876490563149146e-03	1	top_other
512	0.2556275385362396	retry_displacement	-1	516	369	407	208	306	407	0	2	2	208	2	-1.0855712690184076e-01	1.0000000000000000e+00	-2.7139281725460191e+03	0.3742481098671462	-2.6137067765858459	49.5163932927220714	0.0000006104021847	-0.0000010306339059	-0.9999999999992826	1.4116871443064336e-03	-3.2279082215894580e-03	4.1884885837450980e-09	3.5231026213300141e-03	1	top_other
512	0.2556275385362396	retry_displacement	-1	516	369	407	209	306	407	0	2	2	209	2	-1.0732062872487833e-01	1.0000000000000000e+00	-2.6830157181219583e+03	2.3693467498666210	-1.5485742874082973	49.5166902407088543	0.0000006104021847	-0.0000010306339059	-0.9999999999992826	4.1003965724760267e-03	-1.5688890785693621e-03	4.1198413153198388e-09	4.3902921306496617e-03	1	top_other
512	0.2556275385362396	retry_displacement	-1	516	369	407	210	308	407	0	2	2	210	2	-1.0842099549935645e-01	1.0000000000000000e+00	-2.7105248874839112e+03	0.3743315260573056	-2.6139445372940115	49.5161708473536635	0.0000006104021847	-0.0000010306339059	-0.9999999999992826	1.4107252719587800e-03	-3.9328778077872802e-03	4.9144670138945301e-09	4.1782381028315045e-03	1	top_other
512	0.2556275385362396	retry_displacement	-1	516	369	407	211	308	407	0	2	2	211	2	-1.1506084000275886e-01	1.0000000000000000e+00	-2.8765210000689717e+03	2.0800767060970218	-4.5771408813189138	49.5190148825319767	0.0000006104021847	-0.0000010306339059	-0.9999999999992826	2.5871739645296427e-03	-4.2160119076260719e-03	5.9243814576337428e-09	4.9465367205773327e-03	1	top_other
512	0.2556275385362396	retry_displacement	-1	516	369	407	212	318	407	0	2	2	212	2	-1.0938360095384177e-01	1.0000000000000000e+00	-2.7345900238460440e+03	1.0777313211722899	2.4974491119673332	49.5169653040619124	0.0000006104021847	-0.0000010306339059	-0.9999999999992826	3.1105765356249336e-03	3.6165635465295037e-03	-1.8286502867503884e-09	4.7702429990588340e-03	1	top_other
512	0.2556275385362396	retry_displacement	-1	516	369	407	213	320	407	0	2	2	213	2	-1.1224071210512797e-01	1.0000000000000000e+00	-2.8060178026281992e+03	-1.8051467131922139	-2.1399651004475944	49.5177192399205950	0.0000006104021847	-0.0000010306339059	-0.9999999999992826	-2.6494184531777529e-03	-2.4902940250139181e-03	9.4937063765954122e-10	3.6360668958449762e-03	1	top_other
512	0.2556275385362396	retry_displacement	-1	516	369	407	214	320	407	0	2	2	214	2	-1.1144452152266981e-01	1.0000000000000000e+00	-2.7861130380667455e+03	-2.4614157990833134	0.0303611695209568	49.5173720462794762	0.0000006104021847	-0.0000010306339059	-0.9999999999992826	-3.3014564199691731e-03	-2.0214044238603770e-04	-1.8068834206630413e-09	3.3076389239768836e-03	1	top_other
512	0.2556275385362396	retry_displacement	-1	516	369	407	215	320	407	0	2	2	215	2	-1.0613195319719465e-01	1.0000000000000000e+00	-2.6532988299298663e+03	0.0354154219352850	-0.0335461768622366	49.5162991586818251	0.0000006104021847	-0.0000010306339059	-0.9999999999992826	9.9457107201022805e-05	-2.4575536616156879e-04	3.1399266520182323e-10	2.6511774020253923e-04	1	top_other
512	0.2556275385362396	retry_displacement	-1	516	369	407	216	322	407	0	2	2	216	2	-1.0779690797209372e-01	1.0000000000000000e+00	-2.6949226993023431e+03	0.3743714888099092	-2.6138832361152025	49.5158851884297135	0.0000006104021847	-0.0000010306339059	-0.9999999999992826	1.6749867380894882e-03	-3.6429996847475894e-03	4.7770145755743343e-09	4.0096168490105786e-03	1	top_other
512	0.2556275385362396	retry_displacement	-1	516	369	407	217	322	407	0	2	2	217	2	-1.0673450433514797e-01	1.0000000000000000e+00	-2.6683626083786994e+03	2.3693842262387066	-1.5487087363209171	49.5163466612503242	0.0000006104021847	-0.0000010306339059	-0.9999999999992826	4.1254428483294839e-03	-1.9801220175376375e-03	4.5589602232221083e-09	4.5760421653641909e-03	1	top_other
512	0.2556275385362396	retry_displacement	-1	516	369	407	218	322	407	0	2	2	218	2	-1.1475049803897902e-01	1.0000000000000000e+00	-2.8687624509744755e+03	2.0800658622658061	-4.5771092510806284	49.5189223213696010	0.0000006104021847	-0.0000010306339059	-0.9999999999992826	2.7348290910850091e-03	-4.0777528331539647e-03	5.8720159845648823e-09	4.9099244725122320e-03	1	top_other
512	0.2556275385362396	retry_displacement	-1	516	369	407	219	325	407	0	2	2	219	2	-1.2147769619969685e-01	1.0000000000000000e+00	-3.0369424049924214e+03	-4.7965954380520044	1.3813525453146567	49.5200637786350200	0.0000006104021847	-0.0000010306339059	-0.9999999999992826	-5.0938513445421239e-03	2.0987492254966951e-03	-5.2723400922882746e-09	5.5092712614141972e-03	1	top_other
512	0.2556275385362396	retry_displacement	-1	516	369	407	220	325	407	0	2	2	220	2	-1.1282637373963639e-01	1.0000000000000000e+00	-2.8206593434909096e+03	-1.6888702034226910	2.1341966233349496	49.5177738618704026	0.0000006104021847	-0.0000010306339059	-0.9999999999992826	-2.3636765876461382e-03	2.7319493294414624e-03	-4.2584329534856025e-09	3.6125495359427646e-03	1	top_other
512	0.2556275385362396	retry_displacement	-1	516	369	407	221	325	407	0	2	2	221	2	-1.1044312141304488e-01	1.0000000000000000e+00	-2.7610780353261221e+03	-2.4614606358757967	0.0304745535331946	49.5167245102209819	0.0000006104021847	-0.0000010306339059	-0.9999999999992826	-3.7946366719202058e-03	6.5165560511497311e-04	-2.9878728519117104e-09	3.8501847357715639e-03	1	top_other
512	0.2556275385362396	retry_displacement	-1	516	369	407	222	327	407	0	2	2	222	2	-1.0826858584828007e-01	1.0000000000000000e+00	-2.7067146462070018e+03	0.3742837885972605	-2.6138003294066166	49.5164883432225196	0.0000006104021847	-0.0000010306339059	-0.9999999999992826	1.2294728385501619e-03	-3.1625241142553178e-03	4.0098774856112129e-09	3.3931051021144415e-03	1	top_other
512	0.2556275385362396	retry_displacement	-1	516	369	407	223	327	407	0	2	2	223	2	-1.0649831286319111e-01	1.0000000000000000e+00	-2.6624578215797778e+03	0.0354547516969930	-0.0334993185436446	49.5164300745925203	0.0000006104021847	-0.0000010306339059	-0.9999999999992826	9.6281077138313915e-04	-2.2041330153267384e-04	8.1486724312629377e-10	9.8771787722233355e-04	1	top_other
512	0.2556275385362396	retry_displacement	-1	516	369	407	224	327	407	0	2	2	224	2	-1.0733446489885451e-01	1.0000000000000000e+00	-2.6833616224713628e+03	2.3693939025279223	-1.5486354807309808	49.5167979983237245	0.0000006104021847	-0.0000010306339059	-0.9999999999992826	4.0199163752646545e-03	-1.4657505599153344e-03	3.9644179744557917e-09	4.2788026792583873e-03	1	top_other
512	0.2556275385362396	retry_displacement	-1	516	369	407	225	328	407	0	2	2	225	2	-1.0825638691123403e-01	1.0000000000000000e+00	-2.7064096727808505e+03	2.3693715559638933	-1.5485236413768717	49.5170082348951652	0.0000006104021847	-0.0000010306339059	-0.9999999999992826	4.4083798241739717e-03	-1.2773601773998836e-03	4.0073753759806152e-09	4.5897125941617798e-03	1	top_other
512	0.2556275385362396	retry_displacement	-1	516	369	407	226	330	407	0	2	2	226	2	-1.1075721439326919e-01	1.0000000000000000e+00	-2.7689303598317297e+03	-2.4614664090564746	0.0303133028450318	49.5170064087046242	0.0000006104021847	-0.0000010306339059	-0.9999999999992826	-3.9879771679828093e-03	-1.6188122670589980e-04	-2.2674296884517275e-09	3.9912613825602971e-03	1	top_other
512	0.2556275385362396	retry_displacement	-1	516	369	407	227	330	407	0	2	2	227	2	-1.1845651544589010e-01	1.0000000000000000e+00	-2.9614128861472527e+03	-4.7970120803816325	-1.4369935468347237	49.5187885357071167	0.0000006104021847	-0.0000010306339059	-0.9999999999992826	-6.9325700328986576e-03	-1.4962587425582205e-03	-2.6895608934429660e-09	7.0922011735238899e-03	1	top_other
512	0.2556275385362396	retry_displacement	-1	516	369	407	228	330	407	0	2	2	228	2	-1.2081157903192745e-01	1.0000000000000000e+00	-3.0202894757981862e+03	-4.7967315505955082	1.3813225713522441	49.5198381376826120	0.0000006104021847	-0.0000010306339059	-0.9999999999992826	-5.4388653967402797e-03	1.7753483197716496e-03	-5.1496294728448078e-09	5.7212864340462225e-03	1	top_other
512	0.2556275385362396	retry_displacement	-1	516	369	407	229	340	407	0	2	2	229	2	-1.0716325107188504e-01	1.0000000000000000e+00	-2.6790812767971261e+03	1.0778025675897638	2.4975883228975322	49.5160178924968193	0.0000006104021847	-0.0000010306339059	-0.9999999999992826	3.5035207043193624e-03	3.8751451571887212e-03	-1.8552992891995856e-09	5.2241178504012602e-03	1	top_other
512	0.2556275385362396	retry_displacement	-1	516	369	407	230	340	407	0	2	2	230	2	-1.1486713874104382e-01	1.0000000000000000e+00	-2.8716784685260955e+03	2.0803509054276335	4.5218011667523559	49.5185648746369864	0.0000006104021847	-0.0000010306339059	-0.9999999999992826	4.0299432094664913e-03	4.6988992086156919e-03	-2.3829587053603163e-09	6.1903227738349751e-03	1	top_other
512	0.2556275385362396	retry_displacement	-1	516	369	407	231	340	407	0	2	2	231	2	-1.1096835914393104e-01	1.0000000000000000e+00	-2.7742089785982757e+03	4.2100695465777402	2.6760673448101882	49.5181740440017677	0.0000006104021847	-0.0000010306339059	-0.9999999999992826	5.7735823254705448e-03	2.9182879992097270e-03	5.1652071508812014e-10	6.4692084303504737e-03	1	top_other
512	0.2556275385362396	retry_displacement	-1	516	369	407	232	341	407	0	2	2	232	2	-1.1392697980720874e-01	1.0000000000000000e+00	-2.8481744951802184e+03	-1.6886557261648094	2.1341187640583881	49.5182533410297623	0.0000006104021847	-0.0000010306339059	-0.9999999999992826	-1.5698287694107462e-03	2.8955137779074513e-03	-3.9424415676503344e-09	3.2936852313688206e-03	1	top_other
512	0.2556275385362396	retry_displacement	-1	516	369	407	233	343	407	0	2	2	233	2	-1.1972279348379597e-01	1.0000000000000000e+00	-2.9930698370948994e+03	-3.2731612216186603	-3.8077812602235896	49.5193459449099294	0.0000006104021847	-0.0000010306339059	-0.9999999999992826	-4.2449049423361014e-03	-3.9008354495821277e-03	1.4292340227983757e-09	5.7650442473746975e-03	1	top_other
512	0.2556275385362396	retry_displacement	-1	516	369	407	234	343	407	0	2	2	234	2	-1.1193537914757558e-01	1.0000000000000000e+00	-2.7983844786893897e+03	-1.8052166153885238	-2.1400826210026720	49.5172503559737009	0.0000006104021847	-0.0000010306339059	-0.9999999999992826	-2.9849908062155178e-03	-3.2652911700219614e-03	1.5432748967647569e-09	4.4240588307816317e-03	1	top_other
512	0.2556275385362396	retry_displacement	-1	516	369	407	235	350	407	0	2	2	235	2	-1.2110163375545005e-01	1.0000000000000000e+00	-3.0275408438862514e+03	-3.2729667618774458	3.7522275199879558	49.5198515497725751	0.0000006104021847	-0.0000010306339059	-0.9999999999992826	-2.8767124696333322e-03	4.3962582300661034e-03	-6.2868843464514157e-09	5.2538139535395975e-03	1	top_other
512	0.2556275385362396	retry_displacement	-1	516	369	407	236	350	407	0	2	2	236	2	-1.1266269272270620e-01	1.0000000000000000e+00	-2.8165673180676549e+03	-1.6888497717332414	2.1342853880372203	49.5176281490832650	0.0000006104021847	-0.0000010306339059	-0.9999999999992826	-2.0659088630413393e-03	3.2853505126605891e-03	-4.6470289144506793e-09	3.8809157967486939e-03	1	top_other
512	0.2556275385362396	retry_displacement	-1	516	369	407	237	353	407	0	2	2	237	2	-1.1933343857669557e-01	1.0000000000000000e+00	-2.9833359644173893e+03	-3.2731263675928188	-3.8078029456101703	49.5191758587424999	0.0000006104021847	-0.0000010306339059	-0.9999999999992826	-4.0141884548627726e-03	-4.0635884568249511e-03	1.7378026379022415e-09	5.7119576414393679e-03	1	top_other
512	0.2556275385362396	retry_displacement	-1	516	369	407	238	353	407	0	2	2	238	2	-1.1746053038112834e-01	1.0000000000000000e+00	-2.9365132595282084e+03	-0.7094494748382758	-4.9783649822535718	49.5190654622956643	0.0000006104021847	-0.0000010306339059	-0.9999999999992826	-1.0217682393066291e-03	-5.1100530871801665e-03	4.6429044081586213e-09	5.2112045525652580e-03	1	top_other
512	0.2556275385362396	retry_displacement	-1	516	369	407	239	353	407	0	2	2	239	2	-1.1143391637350610e-01	1.0000000000000000e+00	-2.7858479093376523e+03	-1.8052073730866922	-2.1400943495098006	49.5170837091301195	0.0000006104021847	-0.0000010306339059	-0.9999999999992826	-2.7388445265683261e-03	-3.4226002994595379e-03	1.8556512437761796e-09	4.3835444734343964e-03	1	top_other
512	0.2556275385362396	retry_displacement	-1	516	369	407	240	355	407	0	2	2	240	2	-1.0693422356850152e-01	1.0000000000000000e+00	-2.6733555892125378e+03	2.3695805237667500	-1.5487055883799883	49.5163984883820092	0.0000006104021847	-0.0000010306339059	-0.9999999999992826	5.0958574430515708e-03	-1.4007695326330534e-03	4.5542030979728310e-09	5.2848763810970888e-03	1	top_other
512	0.2556275385362396	retry_displacement	-1	516	369	407	241	355	407	0	2	2	241	2	-1.0788622928773497e-01	1.0000000000000000e+00	-2.6971557321933742e+03	5.0042160321046696	-0.0277078473708912	49.5168469179070456	0.0000006104021847	-0.0000010306339059	-0.9999999999992826	7.0127716606453059e-03	5.2371401341982987e-05	4.2266354027820086e-09	7.0129672128170046e-03	1	top_other
512	0.2556275385362396	retry_displacement	-1	516	369	407	242	355	407	0	2	2	242	2	-1.1105019629251013e-01	1.0000000000000000e+00	-2.7762549073127534e+03	4.2102262311464429	-2.7316080773674685	49.5180747828041206	0.0000006104021847	-0.0000010306339059	-0.9999999999992826	5.8565063419184701e-03	-1.9905365559875414e-03	5.6263387421262578e-09	6.1855397754509399e-03	1	top_other
512	0.2556275385362396	retry_displacement	-1	516	369	407	243	357	407	0	2	2	243	2	-1.2057239476759439e-01	1.0000000000000000e+00	-3.0143098691898599e+03	-3.2730032967763192	3.7521831386515627	49.5196109096356452	0.0000006104021847	-0.0000010306339059	-0.9999999999992826	-3.1127498502599511e-03	4.1796726768016648e-03	-6.2077416818073772e-09	5.2114177836299286e-03	1	top_other
512	0.2556275385362396	retry_displacement	-1	516	369	407	244	357	407	0	2	2	244	2	-1.2113314110566817e-01	1.0000000000000000e+00	-3.0283285276417041e+03	-4.7966022933583234	1.3813784504194886	49.5199054996334382	0.0000006104021847	-0.0000010306339059	-0.9999999999992826	-5.0511697778857076e-03	2.2665531548512435e-03	-5.4192315912526823e-09	5.5363868478296779e-03	1	top_other
512	0.2556275385362396	retry_displacement	-1	516	369	407	245	357	407	0	2	2	245	2	-1.1206003670479872e-01	1.0000000000000000e+00	-2.8015009176199678e+03	-1.6888976818151704	2.1342637120291599	49.5173854456400662	0.0000006104021847	-0.0000010306339059	-0.9999999999992826	-2.3677758144955924e-03	3.0232001526515986e-03	-4.5611081023189115e-09	3.8400652951120140e-03	1	top_other
512	0.2556275385362396	retry_displacement	-1	516	369	407	246	359	407	0	2	2	246	2	-1.1535642201446067e-01	1.0000000000000000e+00	-2.8839105503615169e+03	2.0803851449692914	4.5217844750800493	49.5186939646660704	0.0000006104021847	-0.0000010306339059	-0.9999999999992826	3.7286023889717998e-03	4.8911779673939913e-03	-2.7650667866474521e-09	6.1502924876605889e-03	1	top_other
512	0.2556275385362396	retry_displacement	-1	516	369	407	247	359	407	0	2	2	247	2	-1.1871059091590958e-01	1.0000000000000000e+00	-2.9677647728977395e+03	-0.7090367563942962	4.9228948183417627	49.5196635706459318	0.0000006104021847	-0.0000010306339059	-0.9999999999992826	5.9090966889036262e-04	5.2081256573423048e-03	-5.0069783319450778e-09	5.2415405273145031e-03	1	top_other
512	0.2556275385362396	retry_displacement	-1	516	369	407	248	359	407	0	2	2	248	2	-1.0720698538731883e-01	1.0000000000000000e+00	-2.6801746346829709e+03	1.0778145440950524	2.4976802092601686	49.5160575280275310	0.0000006104021847	-0.0000010306339059	-0.9999999999992826	2.9552468142617378e-03	4.2490112586123230e-03	-2.5752859567074182e-09	5.1756719765673961e-03	1	top_other
512	0.2556275385362396	retry_displacement	-1	516	369	407	249	360	407	0	2	2	249	2	-1.0787428978733975e-01	1.0000000000000000e+00	-2.6968572446834937e+03	1.0778117627170716	2.4976688848614885	49.5162381162281875	0.0000006104021847	-0.0000010306339059	-0.9999999999992826	3.2680044571952250e-03	4.1864798259734510e-03	-2.3199309834298631e-09	5.3109760369950774e-03	1	top_other
512	0.2556275385362396	retry_displacement	-1	516	369	407	250	360	407	0	2	2	250	2	-1.1541201695437604e-01	1.0000000000000000e+00	-2.8853004238594012e+03	2.0803435909417134	4.5218114632769870	49.5186812873212219	0.0000006104021847	-0.0000010306339059	-0.9999999999992826	3.8434282326566967e-03	4.8667019523585906e-03	-2.6697510591144891e-09	6.2013489236359401e-03	1	top_other
512	0.2556275385362396	retry_displacement	-1	516	369	407	251	363	407	0	2	2	251	2	-1.1746807283704122e-01	1.0000000000000000e+00	-2.9367018209260305e+03	-4.7969799581742381	-1.4369825218542573	49.5182185567606012	0.0000006104021847	-0.0000010306339059	-0.9999999999992826	-6.6213321245014731e-03	-2.1804982059291525e-03	-1.7943801999820153e-09	6.9711269913134326e-03	1	top_other
512	0.2556275385362396	retry_displacement	-1	516	369	407	252	363	407	0	2	2	252	2	-1.1922776044961002e-01	1.0000000000000000e+00	-2.9806940112402503e+03	-3.2731883864483691	-3.8077397691908716	49.5191751062253687	0.0000006104021847	-0.0000010306339059	-0.9999999999992826	-4.4173087412376060e-03	-3.6840597921901364e-03	1.1005820421683410e-09	5.7519486322330287e-03	1	top_other
512	0.2556275385362396	retry_displacement	-1	516	369	407	253	363	407	0	2	2	253	2	-1.1139880454766779e-01	1.0000000000000000e+00	-2.7849701136916947e+03	-1.8052214435047502	-2.1400343047886166	49.5170267036183276	0.0000006104021847	-0.0000010306339059	-0.9999999999992826	-3.1824182775060635e-03	-2.9753442829211457e-03	1.1239356390024824e-09	4.3566569402372583e-03	1	top_other
512	0.2556275385362396	retry_displacement	-1	516	369	407	257	370	407	0	2	2	257	2	-1.1067248334442774e-01	1.0000000000000000e+00	-2.7668120836106937e+03	4.2101783918798459	-2.7316208538518838	49.5178343469602993	0.0000006104021847	-0.0000010306339059	-0.9999999999992826	5.4822416703249289e-03	-2.2927088275054709e-03	5.7093157423970808e-09	5.9423469689678316e-03	1	top_other
512	0.2556275385362396	retry_displacement	-1	516	369	407	258	370	407	0	2	2	258	2	-1.1433480836696028e-01	1.0000000000000000e+00	-2.8583702091740070e+03	2.0801042954512368	-4.5771063406807944	49.5187589295612085	0.0000006104021847	-0.0000010306339059	-0.9999999999992826	2.9591425564025999e-03	-3.9613697834980678e-03	5.8889891019209273e-09	4.9445905018271350e-03	1	top_other
512	0.2556275385362396	retry_displacement	-1	516	369	407	259	370	407	0	2	2	259	2	-1.0619990072818788e-01	1.0000000000000000e+00	-2.6549975182046969e+03	2.3694592109709305	-1.5487173416372300	49.5160366998224433	0.0000006104021847	-0.0000010306339059	-0.9999999999992826	4.4290759195009027e-03	-1.8991423146927410e-03	4.6608380765977842e-09	4.8190720094413398e-03	1	top_other
512	0.2556275385362396	retry_displacement	-1	516	369	407	260	371	407	0	2	2	260	2	-1.0705646349543521e-01	1.0000000000000000e+00	-2.6764115873858805e+03	2.3695612664849364	-1.5486699961079324	49.5163520897478833	0.0000006104021847	-0.0000010306339059	-0.9999999999992826	4.8718573026313612e-03	-1.5919335419352330e-03	4.6144930238023463e-09	5.1253532540852511e-03	1	top_other
512	0.2556275385362396	retry_displacement	-1	516	369	407	261	371	407	0	2	2	261	2	-1.1117406112661973e-01	1.0000000000000000e+00	-2.7793515281654932e+03	4.2102325034907171	-2.7315723171557025	49.5180307777354471	0.0000006104021847	-0.0000010306339059	-0.9999999999992826	5.7539540428807124e-03	-2.0662832486555492e-03	5.6418076876951773e-09	6.1137152036457873e-03	1	top_other
512	0.2556275385362396	retry_displacement	-1	516	369	407	262	372	407	0	2	2	262	2	-1.1461897630192314e-01	1.0000000000000000e+00	-2.8654744075480785e+03	2.0800264537229807	-4.5771994578249675	49.5187393506394571	0.0000006104021847	-0.0000010306339059	-0.9999999999992826	2.3262786331769846e-03	-4.3327144938928742e-03	5.8854080220438476e-09	4.9177217453613420e-03	1	top_other
512	0.2556275385362396	retry_displacement	-1	516	369	407	263	372	407	0	2	2	263	2	-1.1791653482599114e-01	1.0000000000000000e+00	-2.9479133706497787e+03	-0.7093333914316829	-4.9783696639522335	49.5191096944979066	0.0000006104021847	-0.0000010306339059	-0.9999999999992826	-2.2489891245735865e-04	-5.0874035080529321e-03	5.1059717703916263e-09	5.0923721363034585e-03	1	top_other
512	0.2556275385362396	retry_displacement	-1	516	369	407	264	372	407	0	2	2	264	2	-1.0781245389753590e-01	1.0000000000000000e+00	-2.6953113474383972e+03	0.3742883676804880	-2.6140128569250836	49.5158878388013051	0.0000006104021847	-0.0000010306339059	-0.9999999999992826	1.0367629493464837e-03	-4.1275047850572412e-03	4.8867887653125663e-09	4.2557224021112939e-03	1	top_other
512	0.2556275385362396	retry_displacement	-1	516	369	407	265	375	407	0	2	2	265	2	-1.1852260215178147e-01	1.0000000000000000e+00	-2.9630650537945367e+03	-0.7091963620007007	4.9227855881298224	49.5196963894884163	0.0000006104021847	-0.0000010306339059	-0.9999999999992826	-1.0213075959242357e-04	4.9307620500160200e-03	-5.1441513826411267e-09	4.9318196526190582e-03	1	top_other
512	0.2556275385362396	retry_displacement	-1	516	369	407	266	375	407	0	2	2	266	2	-1.2067226351247741e-01	1.0000000000000000e+00	-3.0168065878119351e+03	-3.2728966772492027	3.7522562232524264	49.5196076220060775	0.0000006104021847	-0.0000010306339059	-0.9999999999992826	-2.5719369549689472e-03	4.4940697795788891e-03	-6.2016566326761335e-09	5.1779844422417537e-03	1	top_other
512	0.2556275385362396	retry_displacement	-1	516	369	407	267	375	407	0	2	2	267	2	-1.1203327251209555e-01	1.0000000000000000e+00	-2.8008318128023889e+03	-1.6888099616608330	2.1343284718403650	49.5173664865794052	0.0000006104021847	-0.0000010306339059	-0.9999999999992826	-1.6682137421361232e-03	3.5068779741714907e-03	-4.6325886460252264e-09	3.8834430876739275e-03	1	top_other
512	0.2556275385362396	retry_displacement	-1	516	369	407	268	394	407	0	2	2	268	2	-1.1727561965506415e-01	1.0000000000000000e+00	-2.9318904913766037e+03	-4.7969693090170908	-1.4369583678080176	49.5181487971058516	0.0000006104021847	-0.0000010306339059	-0.9999999999992826	-6.8245451233178329e-03	-1.8449236594442098e-03	-2.2642763636282481e-09	7.0695232830356647e-03	1	top_other
512	0.2556275385362396	retry_displacement	-1	516	369	407	269	394	407	0	2	2	269	2	-1.1206065589795908e-01	1.0000000000000000e+00	-2.8015163974489769e+03	-1.8051268287338005	-2.1399449632387642	49.5175853031124191	0.0000006104021847	-0.0000010306339059	-0.9999999999992826	-2.8762481462123080e-03	-2.5191921727385734e-03	8.4069672057207612e-10	3.8234974305964608e-03	1	top_other
512	0.2556275385362396	retry_displacement	-1	516	369	407	270	394	407	0	2	2	270	2	-1.1159772519466842e-01	1.0000000000000000e+00	-2.7899431298667105e+03	-2.4613946820301846	0.0303777406920958	49.5174186221666730	0.0000006104021847	-0.0000010306339059	-0.9999999999992826	-3.5148787004609132e-03	-2.8924804415053987e-04	-1.8473807900099004e-09	3.5267600868221990e-03	1	top_other
512	0.2556275385362396	retry_displacement	-1	516	369	407	271	395	407	0	2	2	271	2	-1.1221999598943619e-01	1.0000000000000000e+00	-2.8054998997359048e+03	-1.8051429417119622	-2.1398894991385449	49.5175572714943826	0.0000006104021847	-0.0000010306339059	-0.9999999999992826	-2.9848501358735497e-03	-2.6120224001955350e-03	8.7007979987507866e-10	3.9663574413746861e-03	1	top_other
512	0.2556275385362396	retry_displacement	-1	516	369	407	272	395	407	0	2	2	272	2	-1.1770817128451598e-01	1.0000000000000000e+00	-2.9427042821128994e+03	-4.7969813268878072	-1.4369763526037560	49.5183467950814773	0.0000006104021847	-0.0000010306339059	-0.9999999999992826	-6.7656498052253485e-03	-2.0542361045157989e-03	-2.0126020433552938e-09	7.0706366941065560e-03	1	top_other
512	0.2556275385362396	retry_displacement	-1	516	369	407	273	398	407	0	2	2	273	2	-1.0576711760567331e-01	1.0000000000000000e+00	-2.6441779401418326e+03	2.5382098176858561	0.7639767518411716	49.5160914595022916	0.0000006104021847	-0.0000010306339059	-0.9999999999992826	5.2056996689885480e-03	1.6983465807637850e-03	1.4271968884482789e-09	5.4757364940345287e-03	1	top_other
512	0.2556275385362396	retry_displacement	-1	516	369	407	274	399	407	0	2	2	274	2	-1.0453215242315217e-01	1.0000000000000000e+00	-2.6133038105788041e+03	2.5381516520415746	0.7637775793888707	49.5155087556201607	0.0000006104021847	-0.0000010306339059	-0.9999999999992826	5.0545256493750822e-03	1.1057376628967107e-03	1.9456827815567124e-09	5.1740588824773399e-03	1	top_other
512	0.2556275385362396	retry_displacement	-1	516	369	407	275	399	407	0	2	2	275	2	-1.0869356166848042e-01	1.0000000000000000e+00	-2.7173390417120104e+03	2.3693866751907633	-1.5485605247203638	49.5173153943468876	0.0000006104021847	-0.0000010306339059	-0.9999999999992826	4.5219774203260404e-03	-1.1240233263682372e-03	3.9186814487779387e-09	4.6595824092051236e-03	1	top_other
512	0.2555856900966400	retry_displacement	-1	517	369	407	254	369	407	1	2	2	254	2	-9.4639410446498387e-02	1.0000000000000000e+00	-2.3659852611624597e+03	5.0042439883262331	-0.0276391606151449	49.5167851719154868	0.0000006104021847	-0.0000010306339059	-0.9999999999992826	8.2340167623535312e-03	8.9199867794898208e-04	4.1067377554160345e-09	8.2821913576177734e-03	1	trigger_top
512	0.2555856900966400	retry_displacement	-1	517	369	407	255	369	407	1	2	2	255	2	-9.8829057482599486e-02	1.0000000000000000e+00	-2.4707264370649873e+03	4.2100710869133948	2.6760579540328324	49.5183727258427595	0.0000006104021847	-0.0000010306339059	-0.9999999999992826	6.7855475336190737e-03	2.9081101478689213e-03	1.1447161274436013e-09	7.3824630011360979e-03	1	trigger_top
512	0.2555856900966400	retry_displacement	-1	517	369	407	256	369	407	1	2	2	256	2	-8.9184439265500917e-02	1.0000000000000000e+00	-2.2296109816375229e+03	2.5383763724616286	0.7638666360594399	49.5149256559531352	0.0000006104021847	-0.0000010306339059	-0.9999999999992826	6.4607392548556618e-03	2.0397039889615393e-03	1.8414612890094162e-09	6.7750678285772086e-03	1	trigger_top
512	0.2555856900966400	retry_displacement	-1	517	369	407	137	145	407	0	2	2	137	2	-9.2057566844505778e-02	1.0000000000000000e+00	-2.3014391711126445e+03	2.5381650247063829	0.7638900754269627	49.5160218798506833	0.0000006104021847	-0.0000010306339059	-0.9999999999992826	5.7178757980266984e-03	1.8097910202154047e-03	1.6249718931549140e-09	5.9974533911081301e-03	1	top_other
512	0.2555856900966400	retry_displacement	-1	517	369	407	138	174	407	0	2	2	138	2	-9.5915378928686845e-02	1.0000000000000000e+00	-2.3978844732171710e+03	0.3743644017817885	-2.6138298763473018	49.5170493914071770	0.0000006104021847	-0.0000010306339059	-0.9999999999992826	9.2827918384759183e-04	-4.3245232326277680e-03	5.0236239057532828e-09	4.4230310232607813e-03	1	top_other
512	0.2555856900966400	retry_displacement	-1	517	369	407	139	181	407	0	2	2	139	2	-9.9750770827197383e-02	1.0000000000000000e+00	-2.4937692706799344e+03	-1.8051085565443870	-2.1398748636155660	49.5180748786171918	0.0000006104021847	-0.0000010306339059	-0.9999999999992826	-3.0077655376933581e-03	-3.3650544628328139e-03	1.6321925755402589e-09	4.5133407878831305e-03	1	top_other
512	0.2555856900966400	retry_displacement	-1	517	369	407	140	181	407	0	2	2	140	2	-9.4062304581115350e-02	1.0000000000000000e+00	-2.3515576145278837e+03	0.3741488820553130	-2.6138106635350540	49.5164190306239647	0.0000006104021847	-0.0000010306339059	-0.9999999999992826	5.4086674466081032e-05	-4.2607819166348834e-03	4.4243209512684345e-09	4.2611251928918025e-03	1	top_other
512	0.2555856900966400	retry_displacement	-1	517	369	407	141	185	407	0	2	2	141	2	-9.9107277219689621e-02	1.0000000000000000e+00	-2.4776819304922406e+03	-2.4613650765161923	0.0302561394472676	49.5178298083296298	0.0000006104021847	-0.0000010306339059	-0.9999999999992826	-4.1985960692189992e-03	-1.8945291149459107e-04	-2.3675756216645638e-09	4.2028682299282962e-03	1	top_other
512	0.2555856900966400	retry_displacement	-1	517	369	407	142	191	407	0	2	2	142	2	-9.6341157883434461e-02	1.0000000000000000e+00	-2.4085289470858615e+03	0.3743009326840209	-2.6137559079357899	49.5170941320442282	0.0000006104021847	-0.0000010306339059	-0.9999999999992826	9.9260321894288823e-04	-4.2830418944454071e-03	5.0201353629653056e-09	4.3965564956970002e-03	1	top_other
512	0.2555856900966400	retry_displacement	-1	517	369	407	143	194	407	0	2	2	143	2	-9.4942819691387015e-02	1.0000000000000000e+00	-2.3735704922846753e+03	0.0354535819683164	-0.0335675314543479	49.5172237399780855	0.0000006104021847	-0.0000010306339059	-0.9999999999992826	7.7602408029790845e-04	-1.0793801947223511e-04	5.8493138110904397e-10	7.8349472828484641e-04	1	top_other
512	0.2555856900966400	retry_displacement	-1	517	369	407	144	195	407	0	2	2	144	2	-9.4936919617269966e-02	1.0000000000000000e+00	-2.3734229904317490e+03	0.0355102425319259	-0.0335239865304601	49.5172080850355627	0.0000006104021847	-0.0000010306339059	-0.9999999999992826	7.0693633049596146e-04	-1.0714800436227465e-04	5.4194584930833400e-10	7.1501025881745713e-04	1	top_other
512	0.2555856900966400	retry_displacement	-1	517	369	407	145	212	407	0	2	2	145	2	-9.9011815777858975e-02	1.0000000000000000e+00	-2.4752953944464743e+03	-2.4613239076422375	0.0303149130123913	49.5178082877183954	0.0000006104021847	-0.0000010306339059	-0.9999999999992826	-4.2383243778249154e-03	-1.5446561485289232e-04	-2.4278849347636466e-09	4.2411381913164221e-03	1	top_other
512	0.2555856900966400	retry_displacement	-1	517	369	407	146	216	407	0	2	2	146	2	-9.5586287851079602e-02	1.0000000000000000e+00	-2.3896571962769899e+03	5.0042230039016733	-0.0276511172556582	49.5171897247324324	0.0000006104021847	-0.0000010306339059	-0.9999999999992826	8.2446710165887203e-03	4.9671692133899730e-04	4.5206318965984593e-09	8.2596203224932201e-03	1	top_other
512	0.2555856900966400	retry_displacement	-1	517	369	407	147	216	407	0	2	2	147	2	-9.0012988882526832e-02	1.0000000000000000e+00	-2.2503247220631706e+03	2.5384167538529638	0.7638630257865117	49.5152497390396391	0.0000006104021847	-0.0000010306339059	-0.9999999999992826	6.5401777566868264e-03	1.6870359447850544e-03	2.2534223376169393e-09	6.7542590539646169e-03	1	top_other
512	0.2555856900966400	retry_displacement	-1	517	369	407	148	224	407	0	2	2	148	2	-9.4223450847830195e-02	1.0000000000000000e+00	-2.3555862711957548e+03	0.3743426019814066	-2.6138125705527786	49.5165661265508987	0.0000006104021847	-0.0000010306339059	-0.9999999999992826	1.0245374471817474e-03	-3.8833310351705625e-03	4.6276725368388227e-09	4.0162092711184738e-03	1	top_other
512	0.2555856900966400	retry_displacement	-1	517	369	407	149	224	407	0	2	2	149	2	-9.3240606617460642e-02	1.0000000000000000e+00	-2.3310151654365159e+03	0.0354673529015500	-0.0335505377588149	49.5167087190495110	0.0000006104021847	-0.0000010306339059	-0.9999999999992826	5.7058451105765167e-04	-5.1067248652267522e-04	8.7460240438819170e-10	7.6573694748974740e-04	1	top_other
512	0.2555856900966400	retry_displacement	-1	517	369	407	150	225	407	0	2	2	150	2	-9.0493034722453153e-02	1.0000000000000000e+00	-2.2623258680613289e+03	2.5382147819619134	0.7639005290093450	49.5157643182119784	0.0000006104021847	-0.0000010306339059	-0.9999999999992826	5.2782606916291072e-03	1.8074699296448725e-03	1.3590220615533610e-09	5.5791561615865593e-03	1	top_other
512	0.2555856900966400	retry_displacement	-1	517	369	407	151	225	407	0	2	2	151	2	-9.3249739023912662e-02	1.0000000000000000e+00	-2.3312434755978165e+03	0.0355056036393094	-0.0335412646041334	49.5167082429124292	0.0000006104021847	-0.0000010306339059	-0.9999999999992826	1.2590084561778726e-03	-6.7964485791138858e-05	8.3854803656358001e-10	1.2608415697687586e-03	1	top_other
512	0.2555856900966400	retry_displacement	-1	517	369	407	152	227	407	0	2	2	152	2	-9.9189744094407242e-02	1.0000000000000000e+00	-2.4797436023601808e+03	-1.8051017333190900	-2.1399378651653791	49.5179852802653215	0.0000006104021847	-0.0000010306339059	-0.9999999999992826	-2.8821863898775653e-03	-3.1341925240617112e-03	1.4709122253542262e-09	4.2579526962945417e-03	1	top_other
512	0.2555856900966400	retry_displacement	-1	517	369	407	153	227	407	0	2	2	153	2	-9.2475737757254428e-02	1.0000000000000000e+00	-2.3118934439313607e+03	0.0354184261704646	-0.0335392947828922	49.5164719185355438	0.0000006104021847	-0.0000010306339059	-0.9999999999992826	1.6023416711867218e-04	-5.1142142567148848e-04	6.2489556584832684e-10	5.3593550260125789e-04	1	top_other
512	0.2555856900966400	retry_displacement	-1	517	369	407	154	227	407	0	2	2	154	2	-9.2863781244339708e-02	1.0000000000000000e+00	-2.3215945311084929e+03	0.3741903917643284	-2.6138125919546895	49.5160937090689544	0.0000006104021847	-0.0000010306339059	-0.9999999999992826	3.0762657993955842e-04	-3.9211370253233284e-03	4.2290327212368695e-09	3.9331856915310612e-03	1	top_other
512	0.2555856900966400	retry_displacement	-1	517	369	407	155	228	407	0	2	2	155	2	-9.1908876847282578e-02	1.0000000000000000e+00	-2.2977219211820643e+03	2.5381606937147865	0.7638021757060656	49.5158941181033043	0.0000006104021847	-0.0000010306339059	-0.9999999999992826	5.7491091034885984e-03	1.8044588128219867e-03	1.6495323162946107e-09	6.0256391437746365e-03	1	top_other
512	0.2555856900966400	retry_displacement	-1	517	369	407	156	232	407	0	2	2	156	2	-9.7893742752785756e-02	1.0000000000000000e+00	-2.4473435688196437e+03	-2.4613707369908653	0.0303095533267836	49.5174892577704071	0.0000006104021847	-0.0000010306339059	-0.9999999999992826	-3.8761110111150006e-03	-1.9034709676937758e-04	-2.1698084440302523e-09	3.8807819557068897e-03	1	top_other
512	0.2555856900966400	retry_displacement	-1	517	369	407	157	232	407	0	2	2	157	2	-9.2928851846072177e-02	1.0000000000000000e+00	-2.3232212961518044e+03	0.0353988567542714	-0.0335301448566383	49.5166221532973907	0.0000006104021847	-0.0000010306339059	-0.9999999999992826	1.4795356179588744e-05	-2.8681888732687275e-05	3.8591643769514405e-11	3.2273104990946215e-05	1	top_other
512	0.2555856900966400	retry_displacement	-1	517	369	407	158	238	407	0	2	2	158	2	-1.0060012040049390e-01	1.0000000000000000e+00	-2.5150030100123477e+03	-1.6886595664450355	2.1341625072802670	49.5182792070304316	0.0000006104021847	-0.0000010306339059	-0.9999999999992826	-2.1550282286693849e-03	3.0651581745391992e-03	-4.4744898619608620e-09	3.7469109011726452e-03	1	top_other
512	0.2555856900966400	retry_displacement	-1	517	369	407	159	238	407	0	2	2	159	2	-9.7238136944660630e-02	1.0000000000000000e+00	-2.4309534236165159e+03	-2.4612895130172503	0.0304268417462495	49.5171773580999428	0.0000006104021847	-0.0000010306339059	-0.9999999999992826	-3.9206027666718714e-03	5.1465865707990652e-04	-2.9235691506590555e-09	3.9542381804022596e-03	1	top_other
512	0.2555856900966400	retry_displacement	-1	517	369	407	160	239	407	0	2	2	160	2	-9.4012968956771067e-02	1.0000000000000000e+00	-2.3503242239192768e+03	2.3695427686008288	-1.5485595840994932	49.5168289478370696	0.0000006104021847	-0.0000010306339059	-0.9999999999992826	5.5998785875466979e-03	-1.2112364322538480e-03	4.6665194625150619e-09	5.7293746508763777e-03	1	top_other
512	0.2555856900966400	retry_displacement	-1	517	369	407	161	239	407	0	2	2	161	2	-9.5022163773337692e-02	1.0000000000000000e+00	-2.3755540943334422e+03	5.0041763269418551	-0.0276555383948320	49.5170577896909805	0.0000006104021847	-0.0000010306339059	-0.9999999999992826	8.0126335641848411e-03	2.9775935128028262e-04	4.5840481410763800e-09	8.0181642079217453e-03	1	top_other
512	0.2555856900966400	retry_displacement	-1	517	369	407	162	239	407	0	2	2	162	2	-8.9039944321159609e-02	1.0000000000000000e+00	-2.2259986080289900e+03	2.5383805932212811	0.7637442752896263	49.5149329312037096	0.0000006104021847	-0.0000010306339059	-0.9999999999992826	6.2460549670623148e-03	1.1400737251482025e-03	2.6376069661715462e-09	6.3492496210453145e-03	1	top_other
512	0.2555856900966400	retry_displacement	-1	517	369	407	163	241	407	0	2	2	163	2	-9.1264698337764502e-02	1.0000000000000000e+00	-2.2816174584441123e+03	2.5381719174917721	0.7637120183222137	49.5156730772848022	0.0000006104021847	-0.0000010306339059	-0.9999999999992826	5.7064986846335850e-03	1.7754502799195787e-03	1.6534200120155162e-09	5.9763158328684464e-03	1	top_other
512	0.2555856900966400	retry_displacement	-1	517	369	407	164	248	407	0	2	2	164	2	-8.9179325757835853e-02	1.0000000000000000e+00	-2.2294831439458962e+03	2.5381786189144249	0.7637733680892396	49.5153014881937068	0.0000006104021847	-0.0000010306339059	-0.9999999999992826	5.1927491916716004e-03	1.1918246276776943e-03	1.9413305824000915e-09	5.3277659587062289e-03	1	top_other
512	0.2555856900966400	retry_displacement	-1	517	369	407	165	248	407	0	2	2	165	2	-9.4522443039802534e-02	1.0000000000000000e+00	-2.3630610759950632e+03	2.3694011850357852	-1.5486051469564444	49.5171142907570214	0.0000006104021847	-0.0000010306339059	-0.9999999999992826	4.5761235793565520e-03	-1.4653804791237798e-03	4.3035466301688530e-09	4.8050230969433000e-03	1	top_other
512	0.2555856900966400	retry_displacement	-1	517	369	407	166	248	407	0	2	2	166	2	-9.2815925014981662e-02	1.0000000000000000e+00	-2.3203981253745415e+03	0.0354788662847554	-0.0335234186519628	49.5165711068696339	0.0000006104021847	-0.0000010306339059	-0.9999999999992826	1.1926019342033565e-03	-2.4317771725805118e-04	9.7859402525823924e-10	1.2171420523658615e-03	1	top_other
512	0.2555856900966400	retry_displacement	-1	517	369	407	167	250	407	0	2	2	167	2	-9.4866877633966729e-02	1.0000000000000000e+00	-2.3716719408491681e+03	1.0777614579170560	2.4974539419090815	49.5169751447360369	0.0000006104021847	-0.0000010306339059	-0.9999999999992826	2.9571208020055984e-03	3.6506849437731247e-03	-1.9574866866323148e-09	4.6980915270298691e-03	1	top_other
512	0.2555856900966400	retry_displacement	-1	517	369	407	168	250	407	0	2	2	168	2	-9.3036515627280450e-02	1.0000000000000000e+00	-2.3259128906820110e+03	0.0354819530181103	-0.0335193777111087	49.5166988124841367	0.0000006104021847	-0.0000010306339059	-0.9999999999992826	9.2102288375025957e-04	4.0236299313157824e-04	1.4750545229702539e-10	1.0050766789819910e-03	1	top_other
512	0.2555856900966400	retry_displacement	-1	517	369	407	169	254	407	0	2	2	169	2	-9.0330851477691279e-02	1.0000000000000000e+00	-2.2582712869422821e+03	2.5381822696005161	0.7636833056786898	49.5154537758381963	0.0000006104021847	-0.0000010306339059	-0.9999999999992826	5.4675182069584801e-03	1.7563536074987562e-03	1.5272274972444322e-09	5.7426939094817426e-03	1	top_other
512	0.2555856900966400	retry_displacement	-1	517	369	407	170	254	407	0	2	2	170	2	-9.4356772714268428e-02	1.0000000000000000e+00	-2.3589193178567107e+03	1.0777443446170551	2.4974463317939084	49.5166191032605596	0.0000006104021847	-0.0000010306339059	-0.9999999999992826	3.5300280068221658e-03	3.8547804308158725e-03	-1.8181305905251577e-09	5.2268948620335940e-03	1	top_other
512	0.2555856900966400	retry_displacement	-1	517	369	407	171	258	407	0	2	2	171	2	-9.6777249738373788e-02	1.0000000000000000e+00	-2.4194312434593448e+03	1.0777856944914632	2.4974463629979100	49.5174340019737258	0.0000006104021847	-0.0000010306339059	-0.9999999999992826	3.1714113565859390e-03	4.0619669994416113e-03	-2.2505644847736761e-09	5.1533897482375635e-03	1	top_other
512	0.2555856900966400	retry_displacement	-1	517	369	407	172	259	407	0	2	2	172	2	-9.5278615402124844e-02	1.0000000000000000e+00	-2.3819653850531213e+03	1.0777675951929055	2.4974647268923404	49.5169590696359307	0.0000006104021847	-0.0000010306339059	-0.9999999999992826	2.7694404241189741e-03	4.2531896724631981e-03	-2.6930089824794834e-09	5.0753741391841396e-03	1	top_other
512	0.2555856900966400	retry_displacement	-1	517	369	407	173	264	407	0	2	2	173	2	-9.3452488688511595e-02	1.0000000000000000e+00	-2.3363122172127901e+03	1.0776520062733326	2.4973872332951230	49.5164074438382116	0.0000006104021847	-0.0000010306339059	-0.9999999999992826	2.1551937799829928e-03	3.8379828444563072e-03	-2.6400202579601739e-09	4.4017010965790573e-03	1	top_other
512	0.2555856900966400	retry_displacement	-1	517	369	407	174	264	407	0	2	2	174	2	-1.0029906400078195e-01	1.0000000000000000e+00	-2.5074766000195486e+03	-1.6886898180296313	2.1341160007272846	49.5182727297506204	0.0000006104021847	-0.0000010306339059	-0.9999999999992826	-1.7625667978301094e-03	3.3197139840203177e-03	-4.4972844059909534e-09	3.7586091380367500e-03	1	top_other
512	0.2555856900966400	retry_displacement	-1	517	369	407	175	266	407	0	2	2	175	2	-9.9124306683822425e-02	1.0000000000000000e+00	-2.4781076670955608e+03	4.2100826872126405	2.6760279157543607	49.5184273374274042	0.0000006104021847	-0.0000010306339059	-0.9999999999992826	6.7496620314401300e-03	2.9817248206172415e-03	1.0469417416336668e-09	7.3789308469825437e-03	1	top_other
512	0.2555856900966400	retry_displacement	-1	517	369	407	176	266	407	0	2	2	176	2	-8.9765150665953308e-02	1.0000000000000000e+00	-2.2441287666488329e+03	2.5383524031295877	0.7638347260367155	49.5151022433082204	0.0000006104021847	-0.0000010306339059	-0.9999999999992826	6.2539973608772923e-03	2.1530905245843827e-03	1.5984055745654757e-09	6.6142483924417099e-03	1	top_other
512	0.2555856900966400	retry_displacement	-1	517	369	407	177	270	407	0	2	2	177	2	-1.0502478785256378e-01	1.0000000000000000e+00	-2.6256196963140947e+03	-4.7971086081144403	-1.4369195325523194	49.5188034243318782	0.0000006104021847	-0.0000010306339059	-0.9999999999992826	-8.7653100924127217e-03	-2.3154252999203371e-03	-2.9640086079973926e-09	9.0659723877625116e-03	1	top_other
512	0.2555856900966400	retry_displacement	-1	517	369	407	178	273	407	0	2	2	178	2	-9.4214151812671371e-02	1.0000000000000000e+00	-2.3553537953167843e+03	0.3741815655206026	-2.6140317456642137	49.5162955991535654	0.0000006104021847	-0.0000010306339059	-0.9999999999992826	4.8861066365967626e-04	-5.1427891247282313e-03	5.5985818758763628e-09	5.1659481571243301e-03	1	top_other
512	0.2555856900966400	retry_displacement	-1	517	369	407	179	273	407	0	2	2	179	2	-1.0536243634723366e-01	1.0000000000000000e+00	-2.6340609086808417e+03	-0.7094031091026395	-4.9783548561816104	49.5193926801567130	0.0000006104021847	-0.0000010306339059	-0.9999999999992826	-7.6477426215032669e-04	-6.3878170018498524e-03	6.1166809117718657e-09	6.4334349861646248e-03	1	top_other
512	0.2555856900966400	retry_displacement	-1	517	369	407	180	275	407	0	2	2	180	2	-9.7741962653549869e-02	1.0000000000000000e+00	-2.4435490663387468e+03	-2.4613790860068647	0.0303103236915135	49.5173990330277292	0.0000006104021847	-0.0000010306339059	-0.9999999999992826	-4.4104696716560730e-03	-4.7364837160251852e-04	-2.2040022445990459e-09	4.4358297425086783e-03	1	top_other
512	0.2555856900966400	retry_displacement	-1	517	369	407	181	275	407	0	2	2	181	2	-1.0415519294707443e-01	1.0000000000000000e+00	-2.6038798236768607e+03	-4.7970575772745985	-1.4369161583377661	49.5185574101426766	0.0000006104021847	-0.0000010306339059	-0.9999999999992826	-8.6356346837173272e-03	-2.1016741505464286e-03	-3.1051536480974917e-09	8.8877005252037140e-03	1	top_other
512	0.2555856900966400	retry_displacement	-1	517	369	407	182	281	407	0	2	2	182	2	-9.3548776225221494e-02	1.0000000000000000e+00	-2.3387194056305375e+03	1.0778040819628061	2.4975129130941580	49.5163247487209830	0.0000006104021847	-0.0000010306339059	-0.9999999999992826	3.8792057964573564e-03	4.1017367695517972e-03	-1.8595132933452163e-09	5.6455719053046362e-03	1	top_other
512	0.2555856900966400	retry_displacement	-1	517	369	407	183	281	407	0	2	2	183	2	-9.8720556931146813e-02	1.0000000000000000e+00	-2.4680139232786705e+03	4.2100665719160428	2.6760280221684254	49.5183410115605582	0.0000006104021847	-0.0000010306339059	-0.9999999999992826	6.5832697495216896e-03	3.1145347624613735e-03	8.0849710260011420e-10	7.2828406121202699e-03	1	top_other
512	0.2555856900966400	retry_displacement	-1	517	369	407	184	281	407	0	2	2	184	2	-8.9084346458721417e-02	1.0000000000000000e+00	-2.2271086614680353e+03	2.5383249994065138	0.7638424516659498	49.5149133402847568	0.0000006104021847	-0.0000010306339059	-0.9999999999992826	5.9284784205050987e-03	2.2468824182403299e-03	1.3030429790727993e-09	6.3399792573630587e-03	1	top_other
512	0.2555856900966400	retry_displacement	-1	517	369	407	185	283	407	0	2	2	185	2	-9.6664279571186812e-02	1.0000000000000000e+00	-2.4166069892796704e+03	-2.4613318890433407	0.0304262061582776	49.5170398676907837	0.0000006104021847	-0.0000010306339059	-0.9999999999992826	-3.7410952594051227e-03	3.8796700658735666e-04	-2.6834246769080750e-09	3.7611583505817773e-03	1	top_other
512	0.2555856900966400	retry_displacement	-1	517	369	407	186	283	407	0	2	2	186	2	-1.0072670566001461e-01	1.0000000000000000e+00	-2.5181676415003653e+03	-1.6887224721026470	2.1342017483622344	49.5184456338087031	0.0000006104021847	-0.0000010306339059	-0.9999999999992826	-1.9928785757713750e-03	3.0656514913921882e-03	-4.3760218088051417e-09	3.6564715347535311e-03	1	top_other
512	0.2555856900966400	retry_displacement	-1	517	369	407	187	283	407	0	2	2	187	2	-9.2050920327434907e-02	1.0000000000000000e+00	-2.3012730081858726e+03	0.0354267443195923	-0.0335068975421208	49.5163751967212278	0.0000006104021847	-0.0000010306339059	-0.9999999999992826	1.5913989679130201e-04	3.5400767113585190e-04	-2.6771294903138454e-10	3.8813262935992308e-04	1	top_other
512	0.2555856900966400	retry_displacement	-1	517	369	407	188	284	407	0	2	2	188	2	-1.0693340440122771e-01	1.0000000000000000e+00	-2.6733351100306927e+03	-0.7091234834043476	4.9228207705308833	49.5200429907813628	0.0000006104021847	-0.0000010306339059	-0.9999999999992826	1.7693272986777413e-04	6.1221459626274091e-03	-6.2016910773454725e-09	6.1247021461171497e-03	1	top_other
512	0.2555856900966400	retry_displacement	-1	517	369	407	189	284	407	0	2	2	189	2	-9.3625223222438492e-02	1.0000000000000000e+00	-2.3406305805609622e+03	1.0777512987341153	2.4976532307671659	49.5163687479243819	0.0000006104021847	-0.0000010306339059	-0.9999999999992826	2.7536259043068933e-03	4.8783152707781441e-03	-3.3469378518669046e-09	5.6018225161092346e-03	1	top_other
512	0.2555856900966400	retry_displacement	-1	517	369	407	190	285	407	0	2	2	190	2	-9.5398924710513339e-02	1.0000000000000000e+00	-2.3849731177628337e+03	5.0042198745844031	-0.0277100228762976	49.5170427542749110	0.0000006104021847	-0.0000010306339059	-0.9999999999992826	8.2523853704392046e-03	5.4613874704743384e-04	4.4744049576550537e-09	8.2704372214100971e-03	1	top_other
512	0.2555856900966400	retry_displacement	-1	517	369	407	191	285	407	0	2	2	191	2	-8.9928832469535924e-02	1.0000000000000000e+00	-2.2482208117383980e+03	2.5383946440945619	0.7638140108886347	49.5151859029485735	0.0000006104021847	-0.0000010306339059	-0.9999999999992826	6.5347006438835550e-03	1.7425652759004552e-03	2.1928486942934811e-09	6.7630500697504073e-03	1	top_other
512	0.2555856900966400	retry_displacement	-1	517	369	407	192	288	407	0	2	2	192	2	-9.9302871009547447e-02	1.0000000000000000e+00	-2.4825717752386863e+03	-1.6886675525755137	2.1342750995370721	49.5178972094640955	0.0000006104021847	-0.0000010306339059	-0.9999999999992826	-1.6476378429307345e-03	3.9412241978224495e-03	-5.0676810109395731e-09	4.2717629427420634e-03	1	top_other
512	0.2555856900966400	retry_displacement	-1	517	369	407	193	288	407	0	2	2	193	2	-1.0656627044414166e-01	1.0000000000000000e+00	-2.6641567611035416e+03	-0.7091074912773436	4.9227673593124353	49.5199692632271606	0.0000006104021847	-0.0000010306339059	-0.9999999999992826	6.2746595895641057e-05	5.9260348330813645e-03	-6.0692717657184758e-09	5.9263670134600162e-03	1	top_other
512	0.2555856900966400	retry_displacement	-1	517	369	407	194	288	407	0	2	2	194	2	-9.2484914664817230e-02	1.0000000000000000e+00	-2.3121228666204306e+03	1.0776366630874563	2.4975789605946885	49.5159913988919058	0.0000006104021847	-0.0000010306339059	-0.9999999999992826	2.1289469715019653e-03	4.4967812544910220e-03	-3.3350213424210295e-09	4.9752846007259091e-03	1	top_other
512	0.2555856900966400	retry_displacement	-1	517	369	407	195	291	407	0	2	2	195	2	-9.5669381003800832e-02	1.0000000000000000e+00	-2.3917345250950207e+03	0.3742229779972789	-2.6137337075659572	49.5167833804395912	0.0000006104021847	-0.0000010306339059	-0.9999999999992826	1.1057052303209173e-03	-4.1565172048381571e-03	4.9587724620936413e-09	4.3010718815778039e-03	1	top_other
512	0.2555856900966400	retry_displacement	-1	517	369	407	196	292	407	0	2	2	196	2	-1.0864214739484564e-01	1.0000000000000000e+00	-2.7160536848711408e+03	-4.7966555868519789	1.3813885376245665	49.5201699274688423	0.0000006104021847	-0.0000010306339059	-0.9999999999992826	-6.5858681177517623e-03	2.2724494332398387e-03	-6.3620917284401557e-09	6.9668992594332574e-03	1	top_other
512	0.2555856900966400	retry_displacement	-1	517	369	407	197	292	407	0	2	2	197	2	-9.7294201063215194e-02	1.0000000000000000e+00	-2.4323550265803797e+03	-2.4615082392015650	0.0303589976290539	49.5172091659835090	0.0000006104021847	-0.0000010306339059	-0.9999999999992826	-4.9152151592352176e-03	8.5137466251284904e-05	-3.0880036167024727e-09	4.9159524458384368e-03	1	top_other
512	0.2555856900966400	retry_displacement	-1	517	369	407	198	295	407	0	2	2	198	2	-9.8295882680437180e-02	1.0000000000000000e+00	-2.4573970670109293e+03	-1.8051157524694488	-2.1400709325871459	49.5175193039372914	0.0000006104021847	-0.0000010306339059	-0.9999999999992826	-2.9537297762425581e-03	-4.1484538760283582e-03	2.4725741315512195e-09	5.0925621402789709e-03	1	top_other
512	0.2555856900966400	retry_displacement	-1	517	369	407	199	295	407	0	2	2	199	2	-1.0483555836663333e-01	1.0000000000000000e+00	-2.6208889591658331e+03	-0.7094115821888110	-4.9783362606888684	49.5192494211704286	0.0000006104021847	-0.0000010306339059	-0.9999999999992826	-1.0358560566299934e-03	-6.3287004390512915e-03	5.8902844685126965e-09	6.4129125221961151e-03	1	top_other
512	0.2555856900966400	retry_displacement	-1	517	369	407	200	295	407	0	2	2	200	2	-9.3011963942841572e-02	1.0000000000000000e+00	-2.3252990985710394e+03	0.3740935394851974	-2.6139939907799006	49.5159240192517558	0.0000006104021847	-0.0000010306339059	-0.9999999999992826	-6.1316411924259046e-05	-4.9043832751601204e-03	5.0171960197520349e-09	4.9047665604049651e-03	1	top_other
512	0.2555856900966400	retry_displacement	-1	517	369	407	201	298	407	0	2	2	201	2	-1.0051697358498976e-01	1.0000000000000000e+00	-2.5129243396247439e+03	-1.6887332381730729	2.1341779127950091	49.5184554599163604	0.0000006104021847	-0.0000010306339059	-0.9999999999992826	-1.8215850801716954e-03	3.1725776149124823e-03	-4.3816655720396724e-09	3.6583358138595062e-03	1	top_other
512	0.2555856900966400	retry_displacement	-1	517	369	407	202	298	407	0	2	2	202	2	-9.3490316501498139e-02	1.0000000000000000e+00	-2.3372579125374536e+03	1.0776720084077156	2.4974683530278114	49.5165757625750729	0.0000006104021847	-0.0000010306339059	-0.9999999999992826	2.3190120111440480e-03	3.7631165920736865e-03	-2.4628655503899921e-09	4.4202786330023022e-03	1	top_other
512	0.2555856900966400	retry_displacement	-1	517	369	407	203	298	407	0	2	2	203	2	-9.1852186775570666e-02	1.0000000000000000e+00	-2.2963046693892666e+03	0.0354108209287844	-0.0335459743451722	49.5163779046755437	0.0000006104021847	-0.0000010306339059	-0.9999999999992826	3.5273537209072847e-04	4.1049438140134135e-04	-2.0775899056690861e-10	5.4122812185445214e-04	1	top_other
512	0.2555856900966400	retry_displacement	-1	517	369	407	204	300	407	0	2	2	204	2	-9.9455396047714070e-02	1.0000000000000000e+00	-2.4863849011928519e+03	-1.8050908088022894	-2.1398839842247739	49.5178824510621283	0.0000006104021847	-0.0000010306339059	-0.9999999999992826	-3.2394892058048861e-03	-3.4010064793183891e-03	1.5278013021369219e-09	4.6969282927136931e-03	1	top_other
512	0.2555856900966400	retry_displacement	-1	517	369	407	205	305	407	0	2	2	205	2	-9.0502583069073411e-02	1.0000000000000000e+00	-2.2625645767268352e+03	2.5382459141274025	0.7637945632134304	49.5157727087939037	0.0000006104021847	-0.0000010306339059	-0.9999999999992826	5.3418307425787169e-03	1.7833952696576691e-03	1.4226375355530507e-09	5.6316653283197205e-03	1	top_other
512	0.2555856900966400	retry_displacement	-1	517	369	407	206	305	407	0	2	2	206	2	-9.2258147525945730e-02	1.0000000000000000e+00	-2.3064536881486433e+03	0.0354838841670116	-0.0335566850055301	49.5164337876488645	0.0000006104021847	-0.0000010306339059	-0.9999999999992826	1.1743622398124212e-03	1.8606954312030114e-04	5.2506368697358141e-10	1.1890115832802134e-03	1	top_other
512	0.2555856900966400	retry_displacement	-1	517	369	407	207	305	407	0	2	2	207	2	-9.4042898745021294e-02	1.0000000000000000e+00	-2.3510724686255326e+03	1.0777794516127486	2.4975041156163145	49.5166866510708843	0.0000006104021847	-0.0000010306339059	-0.9999999999992826	3.3113420697976612e-03	3.7858437896635066e-03	-1.8805685203515665e-09	5.0296719080819910e-03	1	top_other
512	0.2555856900966400	retry_displacement	-1	517	369	407	208	306	407	0	2	2	208	2	-9.4378023354924442e-02	1.0000000000000000e+00	-2.3594505838731111e+03	0.3742481098671462	-2.6137067765858459	49.5163932927220714	0.0000006104021847	-0.0000010306339059	-0.9999999999992826	1.3785655161495892e-03	-3.8531455259881125e-03	4.8126618384936037e-09	4.0923310382692838e-03	1	top_other
512	0.2555856900966400	retry_displacement	-1	517	369	407	209	306	407	0	2	2	209	2	-9.3618841705530864e-02	1.0000000000000000e+00	-2.3404710426382717e+03	2.3693467498666210	-1.5485742874082973	49.5166902407088543	0.0000006104021847	-0.0000010306339059	-0.9999999999992826	4.4679654778439952e-03	-1.8394286312488936e-03	4.6230334144192753e-09	4.8317919243987808e-03	1	top_other
512	0.2555856900966400	retry_displacement	-1	517	369	407	210	308	407	0	2	2	210	2	-9.4110190860158496e-02	1.0000000000000000e+00	-2.3527547715039623e+03	0.3743315260573056	-2.6139445372940115	49.5161708473536635	0.0000006104021847	-0.0000010306339059	-0.9999999999992826	1.4472917289253930e-03	-4.7866951899517493e-03	5.8167603927961054e-09	5.0007103685533417e-03	1	top_other
512	0.2555856900966400	retry_displacement	-1	517	369	407	211	308	407	0	2	2	211	2	-1.0249211321100055e-01	1.0000000000000000e+00	-2.5623028302750135e+03	2.0800767060970218	-4.5771408813189138	49.5190148825319767	0.0000006104021847	-0.0000010306339059	-0.9999999999992826	2.8276860739842834e-03	-5.2366394449369098e-03	7.1230839143732183e-09	5.9513192830938366e-03	1	top_other
512	0.2555856900966400	retry_displacement	-1	517	369	407	212	318	407	0	2	2	212	2	-9.5763377741806405e-02	1.0000000000000000e+00	-2.3940844435451600e+03	1.0777313211722899	2.4974491119673332	49.5169653040619124	0.0000006104021847	-0.0000010306339059	-0.9999999999992826	3.2812848307409766e-03	4.0733174251506169e-03	-2.1951956086230240e-09	5.2305587642709180e-03	1	top_other
512	0.2555856900966400	retry_displacement	-1	517	369	407	213	320	407	0	2	2	213	2	-9.8319472823256246e-02	1.0000000000000000e+00	-2.4579868205814059e+03	-1.8051467131922139	-2.1399651004475944	49.5177192399205950	0.0000006104021847	-0.0000010306339059	-0.9999999999992826	-3.2018312101512732e-03	-3.0602911717454613e-03	1.1996350857135241e-09	4.4291201331825960e-03	1	top_other
512	0.2555856900966400	retry_displacement	-1	517	369	407	214	320	407	0	2	2	214	2	-9.7388499217729643e-02	1.0000000000000000e+00	-2.4347124804432410e+03	-2.4614157990833134	0.0303611695209568	49.5173720462794762	0.0000006104021847	-0.0000010306339059	-0.9999999999992826	-4.0292469619021779e-03	-3.7241586171815231e-04	-2.0756367180574387e-09	4.0464212156004617e-03	1	top_other
512	0.2555856900966400	retry_displacement	-1	517	369	407	215	320	407	0	2	2	215	2	-9.1896578196563813e-02	1.0000000000000000e+00	-2.2974144549140951e+03	0.0354154219352850	-0.0335461768622366	49.5162991586818251	0.0000006104021847	-0.0000010306339059	-0.9999999999992826	-2.6428322083633590e-05	-3.7993298840133483e-04	3.7543992914557123e-10	3.8085106260041609e-04	1	top_other
512	0.2555856900966400	retry_displacement	-1	517	369	407	216	322	407	0	2	2	216	2	-9.3272787522016842e-02	1.0000000000000000e+00	-2.3318196880504211e+03	0.3743714888099092	-2.6138832361152025	49.5158851884297135	0.0000006104021847	-0.0000010306339059	-0.9999999999992826	1.7466887111598811e-03	-4.4123359790636755e-03	5.6136856829702708e-09	4.7454852487248001e-03	1	top_other
512	0.2555856900966400	retry_displacement	-1	517	369	407	217	322	407	0	2	2	217	2	-9.2753262408675138e-02	1.0000000000000000e+00	-2.3188315602168786e+03	2.3693842262387066	-1.5487087363209171	49.5163466612503242	0.0000006104021847	-0.0000010306339059	-0.9999999999992826	4.5473010701721356e-03	-2.3829320238212969e-03	5.2316130455531962e-09	5.1338398935854125e-03	1	top_other
512	0.2555856900966400	retry_displacement	-1	517	369	407	218	322	407	0	2	2	218	2	-1.0208192811035788e-01	1.0000000000000000e+00	-2.5520482027589469e+03	2.0800658622658061	-4.5771092510806284	49.5189223213696010	0.0000006104021847	-0.0000010306339059	-0.9999999999992826	2.9928598774846865e-03	-5.0482358739191808e-03	7.0297312693146097e-09	5.8687218101586332e-03	1	top_other
512	0.2555856900966400	retry_displacement	-1	517	369	407	219	325	407	0	2	2	219	2	-1.0839671486255653e-01	1.0000000000000000e+00	-2.7099178715639132e+03	-4.7965954380520044	1.3813525453146567	49.5200637786350200	0.0000006104021847	-0.0000010306339059	-0.9999999999992826	-6.3958759154316269e-03	2.2863089665717540e-03	-6.2604041534131127e-09	6.7922336102539897e-03	1	top_other
512	0.2555856900966400	retry_displacement	-1	517	369	407	220	325	407	0	2	2	220	2	-9.9217874686423221e-02	1.0000000000000000e+00	-2.4804468671605805e+03	-1.6888702034226910	2.1341966233349496	49.5177738618704026	0.0000006104021847	-0.0000010306339059	-0.9999999999992826	-2.9953655738295757e-03	3.0871566585479507e-03	-5.0101060106166884e-09	4.3014824369425756e-03	1	top_other
512	0.2555856900966400	retry_displacement	-1	517	369	407	221	325	407	0	2	2	221	2	-9.6071772047489845e-02	1.0000000000000000e+00	-2.4017943011872462e+03	-2.4614606358757967	0.0304745535331946	49.5167245102209819	0.0000006104021847	-0.0000010306339059	-0.9999999999992826	-4.6244217456334370e-03	6.5143307271974113e-04	-3.4941461252158135e-09	4.6700793922301465e-03	1	top_other
512	0.2555856900966400	retry_displacement	-1	517	369	407	222	327	407	0	2	2	222	2	-9.4017845998506724e-02	1.0000000000000000e+00	-2.3504461499626682e+03	0.3742837885972605	-2.6138003294066166	49.5164883432225196	0.0000006104021847	-0.0000010306339059	-0.9999999999992826	1.1992258636713538e-03	-3.7950794098054190e-03	4.6433475953122638e-09	3.9800465322466913e-03	1	top_other
512	0.2555856900966400	retry_displacement	-1	517	369	407	223	327	407	0	2	2	223	2	-9.2308440378306308e-02	1.0000000000000000e+00	-2.3077110094576578e+03	0.0354547516969930	-0.0334993185436446	49.5164300745925203	0.0000006104021847	-0.0000010306339059	-0.9999999999992826	8.9554350499561081e-04	-3.3990613089037087e-04	8.9696050586951515e-10	9.5788013193587546e-04	1	top_other
512	0.2555856900966400	retry_displacement	-1	517	369	407	224	327	407	0	2	2	224	2	-9.3572957677271612e-02	1.0000000000000000e+00	-2.3393239419317902e+03	2.3693939025279223	-1.5486354807309808	49.5167979983237245	0.0000006104021847	-0.0000010306339059	-0.9999999999992826	4.3903320155452407e-03	-1.7314266616078561e-03	4.4643352764550670e-09	4.7194124095344741e-03	1	top_other
512	0.2555856900966400	retry_displacement	-1	517	369	407	225	328	407	0	2	2	225	2	-9.4816539967111008e-02	1.0000000000000000e+00	-2.3704134991777751e+03	2.3693715559638933	-1.5485236413768717	49.5170082348951652	0.0000006104021847	-0.0000010306339059	-0.9999999999992826	4.8285009697736324e-03	-1.5068132188653300e-03	4.5003003545929232e-09	5.0581525967167557e-03	1	top_other
512	0.2555856900966400	retry_displacement	-1	517	369	407	226	330	407	0	2	2	226	2	-9.6497882435778129e-02	1.0000000000000000e+00	-2.4124470608944534e+03	-2.4614664090564746	0.0303133028450318	49.5170064087046242	0.0000006104021847	-0.0000010306339059	-0.9999999999992826	-4.8559092606685998e-03	-3.2785403528764746e-04	-2.6261601226984510e-09	4.8669644560350306e-03	1	top_other
512	0.2555856900966400	retry_displacement	-1	517	369	407	227	330	407	0	2	2	227	2	-1.0441072281335233e-01	1.0000000000000000e+00	-2.6102680703338083e+03	-4.7970120803816325	-1.4369935468347237	49.5187885357071167	0.0000006104021847	-0.0000010306339059	-0.9999999999992826	-8.4672785061580564e-03	-2.0410586947407564e-03	-3.0648609899985857e-09	8.7098063064704519e-03	1	top_other
512	0.2555856900966400	retry_displacement	-1	517	369	407	228	330	407	0	2	2	228	2	-1.0758704564129942e-01	1.0000000000000000e+00	-2.6896761410324857e+03	-4.7967315505955082	1.3813225713522441	49.5198381376826120	0.0000006104021847	-0.0000010306339059	-0.9999999999992826	-6.8348658860302655e-03	1.8751348508022909e-03	-6.1045946075921620e-09	7.0874200093370291e-03	1	top_other
512	0.2555856900966400	retry_displacement	-1	517	369	407	229	340	407	0	2	2	229	2	-9.2786270457147255e-02	1.0000000000000000e+00	-2.3196567614286814e+03	1.0778025675897638	2.4975883228975322	49.5160178924968193	0.0000006104021847	-0.0000010306339059	-0.9999999999992826	3.7874765692074526e-03	4.4356071196006968e-03	-2.2596031018506935e-09	5.8326314200155783e-03	1	top_other
512	0.2555856900966400	retry_displacement	-1	517	369	407	230	340	407	0	2	2	230	2	-1.0198582491812817e-01	1.0000000000000000e+00	-2.5496456229532041e+03	2.0803509054276335	4.5218011667523559	49.5185648746369864	0.0000006104021847	-0.0000010306339059	-0.9999999999992826	4.4669858480502712e-03	5.5998972403284468e-03	-3.0447860482896161e-09	7.1632961455553980e-03	1	top_other
512	0.2555856900966400	retry_displacement	-1	517	369	407	231	340	407	0	2	2	231	2	-9.8129497266867982e-02	1.0000000000000000e+00	-2.4532374316716996e+03	4.2100695465777402	2.6760673448101882	49.5181740440017677	0.0000006104021847	-0.0000010306339059	-0.9999999999992826	6.4527896905073141e-03	3.3425000438581545e-03	4.9390305734142714e-10	7.2671040540995069e-03	1	top_other
512	0.2555856900966400	retry_displacement	-1	517	369	407	232	341	407	0	2	2	232	2	-1.0074544034086000e-01	1.0000000000000000e+00	-2.5186360085215001e+03	-1.6886557261648094	2.1341187640583881	49.5182533410297623	0.0000006104021847	-0.0000010306339059	-0.9999999999992826	-2.0280477059611956e-03	3.2226324888060052e-03	-4.5592790653969928e-09	3.8076682701599991e-03	1	top_other
512	0.2555856900966400	retry_displacement	-1	517	369	407	233	343	407	0	2	2	233	2	-1.0637565902310113e-01	1.0000000000000000e+00	-2.6593914755775281e+03	-3.2731612216186603	-3.8077812602235896	49.5193459449099294	0.0000006104021847	-0.0000010306339059	-0.9999999999992826	-5.2279915199635188e-03	-4.9769072279599079e-03	1.9381918847649615e-09	7.2181369402730088e-03	1	top_other
512	0.2555856900966400	retry_displacement	-1	517	369	407	234	343	407	0	2	2	234	2	-9.7878829218817492e-02	1.0000000000000000e+00	-2.4469707304704375e+03	-1.8052166153885238	-2.1400826210026720	49.5172503559737009	0.0000006104021847	-0.0000010306339059	-0.9999999999992826	-3.6466590958497934e-03	-4.0310567743017381e-03	1.9286151148323327e-09	5.4357650132241444e-03	1	top_other
512	0.2555856900966400	retry_displacement	-1	517	369	407	235	350	407	0	2	2	235	2	-1.0844254088351329e-01	1.0000000000000000e+00	-2.7110635220878326e+03	-3.2729667618774458	3.7522275199879558	49.5198515497725751	0.0000006104021847	-0.0000010306339059	-0.9999999999992826	-3.8020570073049836e-03	5.1900448695867997e-03	-7.6698201123548415e-09	6.4336772716060307e-03	1	top_other
512	0.2555856900966400	retry_displacement	-1	517	369	407	236	350	407	0	2	2	236	2	-9.9069365379722177e-02	1.0000000000000000e+00	-2.4767341344930546e+03	-1.6888497717332414	2.1342853880372203	49.5176281490832650	0.0000006104021847	-0.0000010306339059	-0.9999999999992826	-2.6631784591321073e-03	3.7461888776023893e-03	-5.4865592069575086e-09	4.5963518807731873e-03	1	top_other
512	0.2555856900966400	retry_displacement	-1	517	369	407	237	353	407	0	2	2	237	2	-1.0582277265403026e-01	1.0000000000000000e+00	-2.6455693163507563e+03	-3.2731263675928188	-3.8078029456101703	49.5191758587424999	0.0000006104021847	-0.0000010306339059	-0.9999999999992826	-4.9433795059735429e-03	-5.1770083474704503e-03	2.3181506991765133e-09	7.1581014500957810e-03	1	top_other
512	0.2555856900966400	retry_displacement	-1	517	369	407	238	353	407	0	2	2	238	2	-1.0420299758656426e-01	1.0000000000000000e+00	-2.6050749396641068e+03	-0.7094494748382758	-4.9783649822535718	49.5190654622956643	0.0000006104021847	-0.0000010306339059	-0.9999999999992826	-1.3495830889929876e-03	-6.3448320121687659e-03	5.7154105476131534e-09	6.4867763778914157e-03	1	top_other
512	0.2555856900966400	retry_displacement	-1	517	369	407	239	353	407	0	2	2	239	2	-9.7182233564978487e-02	1.0000000000000000e+00	-2.4295558391244622e+03	-1.8052073730866922	-2.1400943495098006	49.5170837091301195	0.0000006104021847	-0.0000010306339059	-0.9999999999992826	-3.3596157349129593e-03	-4.2241126054152721e-03	2.3027968976130353e-09	5.3972349577823871e-03	1	top_other
512	0.2555856900966400	retry_displacement	-1	517	369	407	240	355	407	0	2	2	240	2	-9.3002302705314191e-02	1.0000000000000000e+00	-2.3250575676328549e+03	2.3695805237667500	-1.5487055883799883	49.5163984883820092	0.0000006104021847	-0.0000010306339059	-0.9999999999992826	5.6910099777299104e-03	-1.7230269061729044e-03	5.2496148816860710e-09	5.9461261579321304e-03	1	top_other
512	0.2555856900966400	retry_displacement	-1	517	369	407	241	355	407	0	2	2	241	2	-9.4381529810639478e-02	1.0000000000000000e+00	-2.3595382452659869e+03	5.0042160321046696	-0.0277078473708912	49.5168469179070456	0.0000006104021847	-0.0000010306339059	-0.9999999999992826	8.0884118884089074e-03	-3.0362573926650215e-05	4.9684769909408288e-09	8.0884688762753280e-03	1	top_other
512	0.2555856900966400	retry_displacement	-1	517	369	407	242	355	407	0	2	2	242	2	-9.8349216002494549e-02	1.0000000000000000e+00	-2.4587304000623635e+03	4.2102262311464429	-2.7316080773674685	49.5180747828041206	0.0000006104021847	-0.0000010306339059	-0.9999999999992826	6.7390268240636857e-03	-2.4679490015416384e-03	6.6570686185762895e-09	7.1767161578053630e-03	1	top_other
512	0.2555856900966400	retry_displacement	-1	517	369	407	243	357	407	0	2	2	243	2	-1.0769730424158593e-01	1.0000000000000000e+00	-2.6924326060396484e+03	-3.2730032967763192	3.7521831386515627	49.5196109096356452	0.0000006104021847	-0.0000010306339059	-0.9999999999992826	-4.0993628645679906e-03	4.9042389565516530e-03	-7.5567349877569967e-09	6.3918960910214302e-03	1	top_other
512	0.2555856900966400	retry_displacement	-1	517	369	407	244	357	407	0	2	2	244	2	-1.0794978782534279e-01	1.0000000000000000e+00	-2.6987446956335698e+03	-4.7966022933583234	1.3813784504194886	49.5199054996334382	0.0000006104021847	-0.0000010306339059	-0.9999999999992826	-6.3548102654481294e-03	2.4841564749267216e-03	-6.4392459420137271e-09	6.8230965772006153e-03	1	top_other
512	0.2555856900966400	retry_displacement	-1	517	369	407	245	357	407	0	2	2	245	2	-9.8232502555710630e-02	1.0000000000000000e+00	-2.4558125638927659e+03	-1.6888976818151704	2.1342637120291599	49.5173854456400662	0.0000006104021847	-0.0000010306339059	-0.9999999999992826	-3.0296490835678893e-03	3.4293419978624565e-03	-5.3837005548063033e-09	4.5759327036021848e-03	1	top_other
512	0.2555856900966400	retry_displacement	-1	517	369	407	246	359	407	0	2	2	246	2	-1.0251440808031623e-01	1.0000000000000000e+00	-2.5628602020079056e+03	2.0803851449692914	4.5217844750800493	49.5186939646660704	0.0000006104021847	-0.0000010306339059	-0.9999999999992826	4.1217185824864496e-03	5.8342516527391626e-03	-3.4970715212523373e-09	7.1433225057193090e-03	1	top_other
512	0.2555856900966400	retry_displacement	-1	517	369	407	247	359	407	0	2	2	247	2	-1.0611214098833927e-01	1.0000000000000000e+00	-2.6528035247084817e+03	-0.7090367563942962	4.9228948183417627	49.5196635706459318	0.0000006104021847	-0.0000010306339059	-0.9999999999992826	5.4918928423710863e-04	6.2884994389014607e-03	-6.1459143885223000e-09	6.3124348759430876e-03	1	top_other
512	0.2555856900966400	retry_displacement	-1	517	369	407	248	359	407	0	2	2	248	2	-9.2871854407871726e-02	1.0000000000000000e+00	-2.3217963601967931e+03	1.0778145440950524	2.4976802092601686	49.5160575280275310	0.0000006104021847	-0.0000010306339059	-0.9999999999992826	3.1622610427412988e-03	4.9208528626583448e-03	-3.1413467521668181e-09	5.8493322523500042e-03	1	top_other
512	0.2555856900966400	retry_displacement	-1	517	369	407	249	360	407	0	2	2	249	2	-9.3754485465971385e-02	1.0000000000000000e+00	-2.3438621366492848e+03	1.0778117627170716	2.4976688848614885	49.5162381162281875	0.0000006104021847	-0.0000010306339059	-0.9999999999992826	3.5086236498915392e-03	4.8269620523383461e-03	-2.8331592072383671e-09	5.9674117145795021e-03	1	top_other
512	0.2555856900966400	retry_displacement	-1	517	369	407	250	360	407	0	2	2	250	2	-1.0268297307370694e-01	1.0000000000000000e+00	-2.5670743268426736e+03	2.0803435909417134	4.5218114632769870	49.5186812873212219	0.0000006104021847	-0.0000010306339059	-0.9999999999992826	4.2459764637856620e-03	5.8039134859458694e-03	-3.3899567181139290e-09	7.1912257566688603e-03	1	top_other
512	0.2555856900966400	retry_displacement	-1	517	369	407	251	363	407	0	2	2	251	2	-1.0312831219546389e-01	1.0000000000000000e+00	-2.5782078048865974e+03	-4.7969799581742381	-1.4369825218542573	49.5182185567606012	0.0000006104021847	-0.0000010306339059	-0.9999999999992826	-8.1103949118405249e-03	-2.8494126512715128e-03	-2.0139014900166785e-09	8.5963747058419269e-03	1	top_other
512	0.2555856900966400	retry_displacement	-1	517	369	407	252	363	407	0	2	2	252	2	-1.0572526377307101e-01	1.0000000000000000e+00	-2.6431315943267750e+03	-3.2731883864483691	-3.8077397691908716	49.5191751062253687	0.0000006104021847	-0.0000010306339059	-0.9999999999992826	-5.4346311364213019e-03	-4.6976127240189163e-03	1.5242082457289641e-09	7.1835075620358775e-03	1	top_other
512	0.2555856900966400	retry_displacement	-1	517	369	407	253	363	407	0	2	2	253	2	-9.7156896448784072e-02	1.0000000000000000e+00	-2.4289224112196016e+03	-1.8052214435047502	-2.1400343047886166	49.5170267036183276	0.0000006104021847	-0.0000010306339059	-0.9999999999992826	-3.8649512998784816e-03	-3.6737595020238968e-03	1.4271264031640030e-09	5.3323875917964990e-03	1	top_other
512	0.2555856900966400	retry_displacement	-1	517	369	407	257	370	407	0	2	2	257	2	-9.7877942004950758e-02	1.0000000000000000e+00	-2.4469485501237691e+03	4.2101783918798459	-2.7316208538518838	49.5178343469602993	0.0000006104021847	-0.0000010306339059	-0.9999999999992826	6.2851602393627307e-03	-2.8508041984815560e-03	6.7746110110622482e-09	6.9014725829051977e-03	1	top_other
512	0.2555856900966400	retry_displacement	-1	517	369	407	258	370	407	0	2	2	258	2	-1.0157146255787711e-01	1.0000000000000000e+00	-2.5392865639469278e+03	2.0801042954512368	-4.5771063406807944	49.5187589295612085	0.0000006104021847	-0.0000010306339059	-0.9999999999992826	3.2501232751572995e-03	-4.9151083331565098e-03	7.0495596582453857e-09	5.8925029682159232e-03	1	top_other
512	0.2555856900966400	retry_displacement	-1	517	369	407	259	370	407	0	2	2	259	2	-9.2076001068114116e-02	1.0000000000000000e+00	-2.3019000267028528e+03	2.3694592109709305	-1.5487173416372300	49.5160366998224433	0.0000006104021847	-0.0000010306339059	-0.9999999999992826	4.9007413836598349e-03	-2.3099709699344862e-03	5.3721576492860024e-09	5.4178623082803646e-03	1	top_other
512	0.2555856900966400	retry_displacement	-1	517	369	407	260	371	407	0	2	2	260	2	-9.3206395561554828e-02	1.0000000000000000e+00	-2.3301598890388709e+03	2.3695612664849364	-1.5486699961079324	49.5163520897478833	0.0000006104021847	-0.0000010306339059	-0.9999999999992826	5.4328768951355218e-03	-1.9317796546769023e-03	5.3071975286700379e-09	5.7661012817977085e-03	1	top_other
512	0.2555856900966400	retry_displacement	-1	517	369	407	261	371	407	0	2	2	261	2	-9.8555307813108214e-02	1.0000000000000000e+00	-2.4638826953277053e+03	4.2102325034907171	-2.7315723171557025	49.5180307777354471	0.0000006104021847	-0.0000010306339059	-0.9999999999992826	6.6179088985487636e-03	-2.5652898922658637e-03	6.6834607986843153e-09	7.0977059970737718e-03	1	top_other
512	0.2555856900966400	retry_displacement	-1	517	369	407	262	372	407	0	2	2	262	2	-1.0184252423306389e-01	1.0000000000000000e+00	-2.5460631058265972e+03	2.0800264537229807	-4.5771994578249675	49.5187393506394571	0.0000006104021847	-0.0000010306339059	-0.9999999999992826	2.5055882790792788e-03	-5.4110058103176593e-03	7.1061826284468665e-09	5.9629654119071852e-03	1	top_other
512	0.2555856900966400	retry_displacement	-1	517	369	407	263	372	407	0	2	2	263	2	-1.0472663572338781e-01	1.0000000000000000e+00	-2.6181658930846952e+03	-0.7093333914316829	-4.9783696639522335	49.5191096944979066	0.0000006104021847	-0.0000010306339059	-0.9999999999992826	-4.0286491367323127e-04	-6.3640047473301833e-03	6.3130494581953300e-09	6.3767434135889381e-03	1	top_other
512	0.2555856900966400	retry_displacement	-1	517	369	407	264	372	407	0	2	2	264	2	-9.3268818725283212e-02	1.0000000000000000e+00	-2.3317204681320804e+03	0.3742883676804880	-2.6140128569250836	49.5158878388013051	0.0000006104021847	-0.0000010306339059	-0.9999999999992826	1.0149624049832062e-03	-5.0616738021484640e-03	5.8362679272727647e-09	5.1624306642239215e-03	1	top_other
512	0.2555856900966400	retry_displacement	-1	517	369	407	265	375	407	0	2	2	265	2	-1.0594134437315907e-01	1.0000000000000000e+00	-2.6485336093289766e+03	-0.7091963620007007	4.9227855881298224	49.5196963894884163	0.0000006104021847	-0.0000010306339059	-0.9999999999992826	-2.9721326574120259e-04	5.9098303142119599e-03	-6.2722911170487450e-09	5.9172992207721358e-03	1	top_other
512	0.2555856900966400	retry_displacement	-1	517	369	407	266	375	407	0	2	2	266	2	-1.0784326107358294e-01	1.0000000000000000e+00	-2.6960815268395736e+03	-3.2728966772492027	3.7522562232524264	49.5196076220060775	0.0000006104021847	-0.0000010306339059	-0.9999999999992826	-3.4210770994867216e-03	5.3303968204221706e-03	-7.5819206329930111e-09	6.3337902383846555e-03	1	top_other
512	0.2555856900966400	retry_displacement	-1	517	369	407	267	375	407	0	2	2	267	2	-9.8203487588988489e-02	1.0000000000000000e+00	-2.4550871897247121e+03	-1.6888099616608330	2.1343284718403650	49.5173664865794052	0.0000006104021847	-0.0000010306339059	-0.9999999999992826	-2.1953783598448332e-03	4.0298098730599590e-03	-5.4933224219455568e-09	4.5890144645573620e-03	1	top_other
512	0.2555856900966400	retry_displacement	-1	517	369	407	268	394	407	0	2	2	268	2	-1.0292608218852342e-01	1.0000000000000000e+00	-2.5731520547130854e+03	-4.7969693090170908	-1.4369583678080176	49.5181487971058516	0.0000006104021847	-0.0000010306339059	-0.9999999999992826	-8.2942226209199808e-03	-2.4289090052816023e-03	-2.5594956293284454e-09	8.6425533172393744e-03	1	top_other
512	0.2555856900966400	retry_displacement	-1	517	369	407	269	394	407	0	2	2	269	2	-9.8075396785008179e-02	1.0000000000000000e+00	-2.4518849196252045e+03	-1.8051268287338005	-2.1399449632387642	49.5175853031124191	0.0000006104021847	-0.0000010306339059	-0.9999999999992826	-3.4384526465787331e-03	-3.0940068180921169e-03	1.0899493252392034e-09	4.6255631865931733e-03	1	top_other
512	0.2555856900966400	retry_displacement	-1	517	369	407	270	394	407	0	2	2	270	2	-9.7554112828565173e-02	1.0000000000000000e+00	-2.4388528207141294e+03	-2.4613946820301846	0.0303777406920958	49.5174186221666730	0.0000006104021847	-0.0000010306339059	-0.9999999999992826	-4.2545062423264175e-03	-4.5985414576569405e-04	-2.1230186358911496e-09	4.2792860621109286e-03	1	top_other
512	0.2555856900966400	retry_displacement	-1	517	369	407	271	395	407	0	2	2	271	2	-9.8309530383688767e-02	1.0000000000000000e+00	-2.4577382595922190e+03	-1.8051429417119622	-2.1398894991385449	49.5175572714943826	0.0000006104021847	-0.0000010306339059	-0.9999999999992826	-3.5877473046533755e-03	-3.1984957665386208e-03	1.1065093841189366e-09	4.8064858150850985e-03	1	top_other
512	0.2555856900966400	retry_displacement	-1	517	369	407	272	395	407	0	2	2	272	2	-1.0351707195807383e-01	1.0000000000000000e+00	-2.5879267989518457e+03	-4.7969813268878072	-1.4369763526037560	49.5183467950814773	0.0000006104021847	-0.0000010306339059	-0.9999999999992826	-8.2496719325752792e-03	-2.6806393473381147e-03	-2.2728599696764107e-09	8.6742673641998606e-03	1	top_other
512	0.2555856900966400	retry_displacement	-1	517	369	407	273	398	407	0	2	2	273	2	-9.1795740671382853e-02	1.0000000000000000e+00	-2.2948935167845711e+03	2.5382098176858561	0.7639767518411716	49.5160914595022916	0.0000006104021847	-0.0000010306339059	-0.9999999999992826	5.6823358417247742e-03	1.8884745009444374e-03	1.5221843785440115e-09	5.9879275679378136e-03	1	top_other
512	0.2555856900966400	retry_displacement	-1	517	369	407	274	399	407	0	2	2	274	2	-9.0150341124887123e-02	1.0000000000000000e+00	-2.2537585281221782e+03	2.5381516520415746	0.7637775793888707	49.5155087556201607	0.0000006104021847	-0.0000010306339059	-0.9999999999992826	5.4942552501291647e-03	1.1388668823801502e-03	2.1799505811603836e-09	5.6110478993998012e-03	1	top_other
512	0.2555856900966400	retry_displacement	-1	517	369	407	275	399	407	0	2	2	275	2	-9.5318741479590546e-02	1.0000000000000000e+00	-2.3829685369897638e+03	2.3693866751907633	-1.5485605247203638	49.5173153943468876	0.0000006104021847	-0.0000010306339059	-0.9999999999992826	4.9399192439119428e-03	-1.3635306166648639e-03	4.4206383970069041e-09	5.1246480736703813e-03	1	top_other
