step,oc_iter,contact,mtype,m0_0,m0_prev,m0_new,o3,o4,t3,w0
1,0,1,0,2,2,2,-0.032587573161034458,-0.00059345042559634054,0,3.1500000000000004
1,0,2,0,2,2,2,-0.029760671353055723,-0.00090458555339513155,0,3.1500000000000004
1,0,3,0,2,2,2,-0.032676122149726927,-0.00026543432834112848,0,3.1500000000000004
1,0,4,0,2,2,2,-0.032921304862060498,9.0053646743846696e-05,0,3.1500000000000004
1,0,5,0,2,2,2,-0.032851351464739206,-0.00017524862435952849,0,3.1500000000000004
1,0,6,0,2,2,2,-0.032851351585359026,0.00017524915194056778,0,3.1500000000000004
1,0,7,0,2,2,2,-0.032921304742354066,-9.0053138040000234e-05,0,3.1500000000000004
1,0,8,0,2,2,2,-0.03267612229908505,0.00026543483000663731,0,3.1500000000000004
1,0,9,0,2,2,2,-0.032587573145465565,0.00059345088082875784,0,3.1500000000000004
1,0,10,0,2,2,2,-0.029760671536166256,0.00090458567784864339,0,3.1500000000000004
1,0,11,0,2,2,0,0.00032801609725521211,0,0,3.1500000000000004
1,0,12,0,2,2,2,-0.00086188834488576177,0.00021942628987148272,0,3.1500000000000004
1,0,13,0,2,2,2,-0.0062037672684607179,-0.00073880907460358806,0,3.1500000000000004
1,0,14,0,2,2,2,-0.0074494676411179725,-0.00064453536123289647,0,3.1500000000000004
1,0,15,0,2,2,2,-0.00026530227110337513,-6.9953397321291522e-05,0,3.1500000000000004
1,0,16,0,2,2,2,-0.00040807592872450771,-6.8853640799108884e-05,0,3.1500000000000004
1,0,17,0,2,2,2,-0.0060295001537545578,6.6291335996140008e-06,0,3.1500000000000004
1,0,18,0,2,2,2,-0.0059843409785892351,0.00012307927028217376,0,3.1500000000000004
1,0,19,0,2,2,2,-0.0059216637892574725,-0.00021973026466966041,0,3.1500000000000004
1,0,20,0,2,2,2,-0.0060289351246797657,-9.6229441169826463e-05,0,3.1500000000000004
1,0,21,0,2,2,2,-0.00026530228998056802,6.9953156995046506e-05,0,3.1500000000000004
1,0,22,0,2,2,2,-0.00040807593698064025,6.8853400195141579e-05,0,3.1500000000000004
1,0,23,0,2,2,2,-0.0060058373904911672,6.7339940332439559e-05,0,3.1500000000000004
1,0,24,0,2,2,2,-0.0059905174300565814,0.00018834566405484727,0,3.1500000000000004
1,0,25,0,2,2,2,-0.0059905173117032959,-0.00018834458890553906,0,3.1500000000000004
1,0,26,0,2,2,2,-0.0060058371803621002,-6.7338864333101183e-05,0,3.1500000000000004
1,0,27,0,2,2,0,0.00032801605082212048,0,0,3.1500000000000004
1,0,28,0,2,2,2,-0.00086188844644596743,-0.00021942645128782134,0,3.1500000000000004
1,0,29,0,2,2,2,-0.0060289353247937674,9.6230528014712471e-05,0,3.1500000000000004
1,0,30,0,2,2,2,-0.0059216639115081543,0.00021973134807510119,0,3.1500000000000004
1,0,31,0,2,2,2,-0.0059843409145012572,-0.00012307822752653355,0,3.1500000000000004
1,0,32,0,2,2,2,-0.0060294999283493494,-6.6280934752401943e-06,0,3.1500000000000004
1,0,33,0,2,2,2,-0.0074494679349561312,0.00064453651321007505,0,3.1500000000000004
1,0,34,0,2,2,2,-0.0062037673657890785,0.00073881021891943391,0,3.1500000000000004
1,0,35,0,2,2,2,-0.00010285857476944047,-5.6502907479216713e-07,0,3.1500000000000004
1,0,36,0,2,2,2,-0.00023618411154743225,-2.8088554738001092e-05,0,3.1500000000000004
1,0,37,0,2,2,2,-0.0022857374577860828,0.0001459480115600149,0,3.1500000000000004
1,0,38,0,2,2,2,-0.0029868740147953876,0.00020130404682725043,0,3.1500000000000004
1,0,39,0,2,2,2,-0.0021588351083696375,-0.00017069197230370898,0,3.1500000000000004
1,0,40,0,2,2,2,-0.0023389426402884647,-0.00012375816584294153,0,3.1500000000000004
1,0,41,0,2,2,2,-0.00013467880466554074,-2.1012906692430278e-10,0,3.1500000000000004
1,0,42,0,2,2,2,-0.00016784851563679724,-2.1020797602577801e-10,0,3.1500000000000004
1,0,43,0,2,2,2,-0.0021592466417764272,2.560901935993215e-05,0,3.1500000000000004
1,0,44,0,2,2,2,-0.0021869236631076386,6.5492139243723271e-05,0,3.1500000000000004
1,0,45,0,2,2,2,-0.0021704145210157122,-8.392364960207122e-05,0,3.1500000000000004
1,0,46,0,2,2,2,-0.0021857344328209613,-4.3152772727836575e-05,0,3.1500000000000004
1,0,47,0,2,2,2,-0.00010285862148995266,5.6460355558202169e-07,0,3.1500000000000004
1,0,48,0,2,2,2,-0.00023618408050981015,2.8088131181734644e-05,0,3.1500000000000004
1,0,49,0,2,2,2,-0.0021857346485118292,4.3153989757781781e-05,0,3.1500000000000004
1,0,50,0,2,2,2,-0.0021704147312236882,8.392486603472602e-05,0,3.1500000000000004
1,0,51,0,2,2,2,-0.0021869234724314554,-6.5490934052044557e-05,0,3.1500000000000004
1,0,52,0,2,2,2,-0.0021592464158578933,-2.5607814538421196e-05,0,3.1500000000000004
1,0,53,0,2,2,2,-0.0023389428249569882,0.0001237593406938608,0,3.1500000000000004
1,0,54,0,2,2,2,-0.0021588353412497208,0.00017069314645776559,0,3.1500000000000004
1,0,55,0,2,2,2,-0.0029868738447092619,-0.00020130285383512106,0,3.1500000000000004
1,0,56,0,2,2,2,-0.0022857373255645852,-0.00014594681904140714,0,3.1500000000000004
1,0,57,0,2,2,2,-0.00026970617740295646,5.3205182502381876e-05,0,3.1500000000000004
1,0,58,0,2,2,0,0.00020978655094703314,0,0,3.1500000000000004
1,0,59,0,2,2,2,-0.00093706205123657293,0.00023962010476679502,0,3.1500000000000004
1,0,60,0,2,2,2,-0.00046871751725760524,0.00024422721203603171,0,3.1500000000000004
1,0,61,0,2,2,2,-6.8761792087768722e-05,2.6487791044534081e-05,0,3.1500000000000004
1,0,62,0,2,2,2,-4.3577925246437301e-05,2.4499413356894595e-05,0,3.1500000000000004
1,0,63,0,2,2,2,-0.00077932694134087016,1.6804217609395706e-05,0,3.1500000000000004
1,0,64,0,2,2,2,-0.00083201143245238002,2.9833553819761888e-05,0,3.1500000000000004
1,0,65,0,2,2,2,-0.00080867644722743687,-2.3421125690596645e-05,0,3.1500000000000004
1,0,66,0,2,2,2,-0.00079685058837392769,-8.739443158927251e-06,0,3.1500000000000004
1,0,67,0,2,2,2,-6.8761804296202977e-05,-2.6488232653935906e-05,0,3.1500000000000004
1,0,68,0,2,2,2,-4.3577912970236859e-05,-2.449985492087442e-05,0,3.1500000000000004
1,0,69,0,2,2,2,-0.0007836457831980892,6.3628739324338244e-06,0,3.1500000000000004
1,0,70,0,2,2,2,-0.00078417703387054227,2.0156799555840656e-05,0,3.1500000000000004
1,0,71,0,2,2,2,-0.00078417681812033985,-2.0155590571117355e-05,0,3.1500000000000004
1,0,72,0,2,2,2,-0.00078364557763802717,-6.3616653891277708e-06,0,3.1500000000000004
1,0,73,0,2,2,2,-0.00026970615973526796,-5.3205499392403044e-05,0,3.1500000000000004
1,0,74,0,2,2,0,0.00020978653451408894,0,0,3.1500000000000004
1,0,75,0,2,2,2,-0.00079685077423810591,8.7406403716280773e-06,0,3.1500000000000004
1,0,76,0,2,2,2,-0.00080867667304121427,2.3422322399119503e-05,0,3.1500000000000004
1,0,77,0,2,2,2,-0.0008320112513755043,-2.9832387864823821e-05,0,3.1500000000000004
1,0,78,0,2,2,2,-0.00077932671394786296,-1.6803052306819068e-05,0,3.1500000000000004
1,0,79,0,2,2,2,-0.00046871768900545036,-0.00024422602904043748,0,3.1500000000000004
1,0,80,0,2,2,2,-0.00093706218701521821,-0.00023961892237891276,0,3.1500000000000004
1,0,81,0,2,2,2,-2.5543660768322957e-05,1.7523647033057532e-05,0,3.1500000000000004
1,0,82,0,2,2,0,2.7610365174239563e-05,0,0,3.1500000000000004
1,0,83,0,2,2,2,-0.00023945688932569542,8.5236134006906464e-05,0,3.1500000000000004
1,0,84,0,2,2,2,-0.00027603020276874973,9.5695513247243138e-05,0,3.1500000000000004
1,0,85,0,2,2,2,-0.00028084731255789697,3.9767086265140634e-05,0,3.1500000000000004
1,0,86,0,2,2,2,-0.00023112453507916769,4.7860994796241631e-05,0,3.1500000000000004
1,0,87,0,2,2,2,-1.2724539321561594e-05,-2.0556006202765431e-10,0,3.1500000000000004
1,0,88,0,2,2,2,-9.4148685638169504e-06,-2.0549321272378407e-10,0,3.1500000000000004
1,0,89,0,2,2,2,-0.00024754644135554366,5.7151588612399802e-06,0,3.1500000000000004
1,0,90,0,2,2,2,-0.00026233401384183341,1.2156721090901069e-05,0,3.1500000000000004
1,0,91,0,2,2,2,-0.00025647733919556548,-4.7069227276601925e-06,0,3.1500000000000004
1,0,92,0,2,2,2,-0.00025594613766760643,1.9743484939702292e-06,0,3.1500000000000004
1,0,93,0,2,2,2,-2.5543692678447149e-05,-1.7524060290242949e-05,0,3.1500000000000004
1,0,94,0,2,2,0,2.7610413651680341e-05,0,0,3.1500000000000004
1,0,95,0,2,2,2,-0.00025594625506197149,-1.9733258492957715e-06,0,3.1500000000000004
1,0,96,0,2,2,2,-0.0002564775446887782,4.7079458361567579e-06,0,3.1500000000000004
1,0,97,0,2,2,2,-0.00026233382240218456,-1.2155686708214709e-05,0,3.1500000000000004
1,0,98,0,2,2,2,-0.00024754631440392777,-5.7141283991303976e-06,0,3.1500000000000004
1,0,99,0,2,2,2,-0.00023112460755582431,-4.7860005159217528e-05,0,3.1500000000000004
1,0,100,0,2,2,2,-0.00028084753578831723,-3.9766100359895048e-05,0,3.1500000000000004
1,0,101,0,2,2,2,-0.00027602994052464136,-9.5694409081861832e-05,0,3.1500000000000004
1,0,102,0,2,2,2,-0.00023945679257042496,-8.5235040204269567e-05,0,3.1500000000000004
1,0,103,0,2,2,2,-3.7375139210664833e-05,-8.3323542465277289e-06,0,3.1500000000000004
1,0,104,0,2,2,0,4.3186525302183645e-05,0,0,3.1500000000000004
1,0,105,0,2,2,1,-3.7408103672697515e-06,8.3996963120627766e-06,0,3.1500000000000004
1,0,106,0,2,2,0,1.1885913139245371e-05,0,0,3.1500000000000004
1,0,107,0,2,2,1,-3.7408025498346261e-06,-8.3999406580437253e-06,0,3.1500000000000004
1,0,108,0,2,2,0,1.1885941415689054e-05,0,0,3.1500000000000004
1,0,109,0,2,2,2,-3.7375035045052032e-05,8.332185014600646e-06,0,3.1500000000000004
1,0,110,0,2,2,0,4.3186598860490714e-05,0,0,3.1500000000000004
1,1,1,0,2,2,2,-0.032613227706609717,-0.00066709457988425977,0,3.1500000000000004
1,1,2,0,2,2,2,-0.029720839983503927,-0.00096824455649095862,0,3.1500000000000004
1,1,3,0,2,2,2,-0.032713902591026564,-0.00020327849663703866,0,3.1500000000000004
1,1,4,0,2,2,2,-0.032896504783326855,0.00013959352465067761,0,3.1500000000000004
1,1,5,0,2,2,2,-0.032847519173536774,-0.00017305639599878489,0,3.1500000000000004
1,1,6,0,2,2,2,-0.032847519294899048,0.00017305692493060047,0,3.1500000000000004
1,1,7,0,2,2,2,-0.032896504665871865,-0.00013959301241701477,0,3.1500000000000004
1,1,8,0,2,2,2,-0.03271390275023206,0.00020327900318985138,0,3.1500000000000004
1,1,9,0,2,2,2,-0.032613227669186819,0.00066709501941011266,0,3.1500000000000004
1,1,10,0,2,2,2,-0.029720840175316461,0.00096824466712985954,0,3.1500000000000004
1,1,11,0,2,0,0,0.00046381608324722105,0,0,3.1500000000000004
1,1,12,0,2,2,2,-0.0008057716870345634,0.00023074616122415598,0,3.1500000000000004
1,1,13,0,2,2,2,-0.0061811731027117678,-0.00070703516408884349,0,3.1500000000000004
1,1,14,0,2,2,2,-0.0074579910807173813,-0.00061806896631449396,0,3.1500000000000004
1,1,15,0,2,2,2,-0.0003126499206494625,-4.8985609790080931e-05,0,3.1500000000000004
1,1,16,0,2,2,2,-0.0004166146575580591,-4.6477605654543508e-05,0,3.1500000000000004
1,1,17,0,2,2,2,-0.0060285017288847428,-1.1090696856704925e-05,0,3.1500000000000004
1,1,18,0,2,2,2,-0.0059504269414876118,9.8736522945719874e-05,0,3.1500000000000004
1,1,19,0,2,2,2,-0.0059473762099488958,-0.00022811799053607443,0,3.1500000000000004
1,1,20,0,2,2,2,-0.006024803127764343,-0.00011071282828719386,0,3.1500000000000004
1,1,21,0,2,2,2,-0.00031264993734761524,4.8985370972823294e-05,0,3.1500000000000004
1,1,22,0,2,2,2,-0.00041661466212395001,4.6477365949926241e-05,0,3.1500000000000004
1,1,23,0,2,2,2,-0.0060077279332570108,6.9470855324537295e-05,0,3.1500000000000004
1,1,24,0,2,2,2,-0.0059938538156034393,0.00018849666702198468,0,3.1500000000000004
1,1,25,0,2,2,2,-0.0059938536976800114,-0.00018849559452314852,0,3.1500000000000004
1,1,26,0,2,2,2,-0.0060077277236142285,-6.9469781964392457e-05,0,3.1500000000000004
1,1,27,0,2,0,0,0.00046381601622026133,0,0,3.1500000000000004
1,1,28,0,2,2,2,-0.00080577179536927635,-0.00023074635273912653,0,3.1500000000000004
1,1,29,0,2,2,2,-0.006024803324296904,0.00011071390807590587,0,3.1500000000000004
1,1,30,0,2,2,2,-0.0059473763317300851,0.00022811906760080149,0,3.1500000000000004
1,1,31,0,2,2,2,-0.0059504268658937404,-9.8735485808562726e-05,0,3.1500000000000004
1,1,32,0,2,2,2,-0.006028501501169431,1.109173213967629e-05,0,3.1500000000000004
1,1,33,0,2,2,2,-0.0074579913724724493,0.00061807011836578622,0,3.1500000000000004
1,1,34,0,2,2,2,-0.0061811732186328669,0.00070703630956071373,0,3.1500000000000004
1,1,35,0,2,2,2,-9.9622131430488945e-05,-3.6986011203998803e-06,0,3.1500000000000004
1,1,36,0,2,2,2,-0.00023597413380489933,-3.0076326481429105e-05,0,3.1500000000000004
1,1,37,0,2,2,2,-0.0022499256667822889,0.00013245369947261054,0,3.1500000000000004
1,1,38,0,2,2,2,-0.0029932666335640221,0.00019130095737809717,0,3.1500000000000004
1,1,39,0,2,2,2,-0.0021578346374608662,-0.00015869271931954077,0,3.1500000000000004
1,1,40,0,2,2,2,-0.002328516902759481,-0.00010755425726413356,0,3.1500000000000004
1,1,41,0,2,2,2,-0.00013894063728892974,-2.0964278230062305e-10,0,3.1500000000000004
1,1,42,0,2,2,2,-0.00016951681126054695,-2.0974327136213944e-10,0,3.1500000000000004
1,1,43,0,2,2,2,-0.0021727304038562587,3.3720894668555226e-05,0,3.1500000000000004
1,1,44,0,2,2,2,-0.0021879109639422953,7.7281414485358532e-05,0,3.1500000000000004
1,1,45,0,2,2,2,-0.0021745636292052964,-8.4757799305969884e-05,0,3.1500000000000004
1,1,46,0,2,2,2,-0.002188437697497457,-4.2934467836072961e-05,0,3.1500000000000004
1,1,47,0,2,2,2,-9.9622175936229577e-05,3.6981768725269371e-06,0,3.1500000000000004
1,1,48,0,2,2,2,-0.00023597410620639666,3.0075904162901734e-05,0,3.1500000000000004
1,1,49,0,2,2,2,-0.0021884379142441956,4.2935681102801019e-05,0,3.1500000000000004
1,1,50,0,2,2,2,-0.0021745638389485678,8.4759011954577051e-05,0,3.1500000000000004
1,1,51,0,2,2,2,-0.0021879107788398341,-7.72802161083312e-05,0,3.1500000000000004
1,1,52,0,2,2,2,-0.0021727301730538259,-3.3719697187620569e-05,0,3.1500000000000004
1,1,53,0,2,2,2,-0.0023285171083054501,0.00010755542939195812,0,3.1500000000000004
1,1,54,0,2,2,2,-0.0021578348746769324,0.00015869389009806546,0,3.1500000000000004
1,1,55,0,2,2,2,-0.0029932664621969245,-0.0001912997742686306,0,3.1500000000000004
1,1,56,0,2,2,2,-0.00224992550517851,-0.00013245251682902161,0,3.1500000000000004
1,1,57,0,2,2,2,-0.00024000795673674409,7.8591235977192031e-05,0,3.1500000000000004
1,1,58,0,2,0,0,0.00030020864102452583,0,0,3.1500000000000004
1,1,59,0,2,2,2,-0.0009676974007975167,0.00029322135192501938,0,3.1500000000000004
1,1,60,0,2,2,2,-0.00046156855542608261,0.00029437934990167788,0,3.1500000000000004
1,1,61,0,2,2,2,-7.665536250462818e-05,1.5707293641198383e-05,0,3.1500000000000004
1,1,62,0,2,2,2,-6.7181970343674761e-05,1.4157682895754586e-05,0,3.1500000000000004
1,1,63,0,2,2,2,-0.00076998490042604756,-1.5854083085015194e-05,0,3.1500000000000004
1,1,64,0,2,2,2,-0.00083651475653773177,-6.9872890995064871e-06,0,3.1500000000000004
1,1,65,0,2,2,2,-0.00079894101078278185,-4.4862639707541488e-05,0,3.1500000000000004
1,1,66,0,2,2,2,-0.00079701479801259911,-3.3189034636617173e-05,0,3.1500000000000004
1,1,67,0,2,2,2,-7.6655378290421588e-05,-1.5707741190369717e-05,0,3.1500000000000004
1,1,68,0,2,2,2,-6.7181953007812035e-05,-1.4158129157774979e-05,0,3.1500000000000004
1,1,69,0,2,2,2,-0.00078540304886333401,8.908537123330932e-06,0,3.1500000000000004
1,1,70,0,2,2,2,-0.00078478332788702726,2.2319330636133277e-05,0,3.1500000000000004
1,1,71,0,2,2,2,-0.00078478312202904382,-2.2318135719337748e-05,0,3.1500000000000004
1,1,72,0,2,2,2,-0.00078540284323824761,-8.9073425166087252e-06,0,3.1500000000000004
1,1,73,0,2,2,2,-0.0002400079462209797,-7.8591603126940135e-05,0,3.1500000000000004
1,1,74,0,2,0,0,0.00030020862815552835,0,0,3.1500000000000004
1,1,75,0,2,2,2,-0.0007970149994872347,3.3190212059708246e-05,0,3.1500000000000004
1,1,76,0,2,2,2,-0.0007989412511868188,4.4863817288474291e-05,0,3.1500000000000004
1,1,77,0,2,2,2,-0.00083651454050861357,6.9884434159323947e-06,0,3.1500000000000004
1,1,78,0,2,2,2,-0.00076998462494380637,1.5855238301089612e-05,0,3.1500000000000004
1,1,79,0,2,2,2,-0.00046156874663495426,-0.00029437818304869001,0,3.1500000000000004
1,1,80,0,2,2,2,-0.00096769755446004385,-0.00029322018473959592,0,3.1500000000000004
1,1,81,0,2,2,1,-1.7334951551601979e-05,2.7029897586551555e-05,0,3.1500000000000004
1,1,82,0,2,0,0,4.0249050779519133e-05,0,0,3.1500000000000004
1,1,83,0,2,2,2,-0.0002350026205097111,8.7889186694028467e-05,0,3.1500000000000004
1,1,84,0,2,2,2,-0.00027921853564637916,9.9401826477839988e-05,0,3.1500000000000004
1,1,85,0,2,2,2,-0.00028690862291664426,4.8126398051936233e-05,0,3.1500000000000004
1,1,86,0,2,2,2,-0.00022753134026049643,5.7377560008401362e-05,0,3.1500000000000004
1,1,87,0,2,2,2,-1.7815879639939655e-05,-2.0562508640242783e-10,0,3.1500000000000004
1,1,88,0,2,2,2,-1.7257703784518647e-05,-2.0388939148130447e-10,0,3.1500000000000004
1,1,89,0,2,2,2,-0.00025015050729998434,1.4329963946250819e-06,0,3.1500000000000004
1,1,90,0,2,2,2,-0.00025922929352570345,7.8773472724171073e-06,0,3.1500000000000004
1,1,91,0,2,2,2,-0.00025560753997651287,-8.628356021357236e-06,0,3.1500000000000004
1,1,92,0,2,2,2,-0.00025622726250757594,-2.2578799241643528e-06,0,3.1500000000000004
1,1,93,0,2,2,1,-1.733497375861863e-05,-2.7030374543428326e-05,0,3.1500000000000004
1,1,94,0,2,0,0,4.0249123666977937e-05,0,0,3.1500000000000004
1,1,95,0,2,2,2,-0.00025622746352035181,2.2588713337182113e-06,0,3.1500000000000004
1,1,96,0,2,2,2,-0.00025560774386590435,8.6293477631614126e-06,0,3.1500000000000004
1,1,97,0,2,2,2,-0.0002592290541675174,-7.8763268294173612e-06,0,3.1500000000000004
1,1,98,0,2,2,2,-0.00025015029886850393,-1.4319790567178258e-06,0,3.1500000000000004
1,1,99,0,2,2,2,-0.00022753145382294754,-5.7376608620334375e-05,0,3.1500000000000004
1,1,100,0,2,2,2,-0.00028690886578832536,-4.8125450496395299e-05,0,3.1500000000000004
1,1,101,0,2,2,2,-0.00027921826418813439,-9.9400739665873937e-05,0,3.1500000000000004
1,1,102,0,2,2,2,-0.00023500250196095002,-8.7888109836192763e-05,0,3.1500000000000004
1,1,103,0,2,2,2,-3.0511626685627111e-05,-7.4712802492146735e-06,0,3.1500000000000004
1,1,104,0,2,0,0,6.9260623726234599e-05,0,0,3.1500000000000004
1,1,105,0,2,1,1,-3.6908763187894347e-06,6.0767552075915998e-06,0,3.1500000000000004
1,1,106,0,2,0,0,4.1597387171486127e-06,0,0,3.1500000000000004
1,1,107,0,2,1,1,-3.6908503904360368e-06,-6.0771646518478772e-06,0,3.1500000000000004
1,1,108,0,2,0,0,4.1597355917237111e-06,0,0,3.1500000000000004
1,1,109,0,2,2,2,-3.0511501215858402e-05,7.4710481380024785e-06,0,3.1500000000000004
1,1,110,0,2,0,0,6.9260714075810537e-05,0,0,3.1500000000000004
2,2,1,0,2,2,2,-0.043580044994088317,-0.0078358638665918523,0,3.1500000000000004
2,2,2,0,2,2,2,-0.043570769451891173,0.0073973397413307548,0,3.1500000000000004
2,2,3,0,0,0,0,0.0085290971445087169,-0.00020327849663703866,0,3.1500000000000004
2,2,4,0,2,2,2,-0.0049238876827917043,-0.0048267962309363104,0,3.1500000000000004
2,2,5,0,2,2,0,0.0018279478760390511,-0.00017305639599878489,0,3.1500000000000004
2,2,6,0,2,2,2,-0.011582601599894066,-0.0054382366996661019,0,3.1500000000000004
2,2,7,0,2,2,2,-0.00034816241752432073,-0.00022754576277479846,0,3.1500000000000004
2,2,8,0,2,2,2,-0.000553569586092514,-0.00022430307845113987,0,3.1500000000000004
2,2,9,0,2,2,2,-0.0038065288798161119,-0.00045783925411340884,0,3.1500000000000004
2,2,10,0,2,2,2,-0.0030141572810437399,-0.00052958253389572202,0,3.1500000000000004
2,2,11,0,2,2,2,-0.0032551997726096306,-0.00043379554660972531,0,3.1500000000000004
2,2,12,0,2,2,2,-0.003394980556668837,-0.00052164804325338827,0,3.1500000000000004
2,2,13,0,2,2,2,-0.00034835500266538165,0.00022608814392307533,0,3.1500000000000004
2,2,14,0,2,2,2,-0.00055134761973504789,0.00022324519922415129,0,3.1500000000000004
2,2,15,0,2,2,2,-0.0034475554356580259,0.000137110568510515,0,3.1500000000000004
2,2,16,0,2,2,2,-0.0034795773364268011,0.00011942020434043345,0,3.1500000000000004
2,2,17,0,2,2,2,-0.0034796779368922955,-0.00011968562203121524,0,3.1500000000000004
2,2,18,0,2,2,2,-0.0034475364016681442,-0.00013741989401096653,0,3.1500000000000004
2,2,19,0,0,0,0,0.0085786771316433107,-0.00022811799053607443,0,3.1500000000000004
2,2,20,0,2,2,2,-0.0049031395397371776,0.0048611330224559877,0,3.1500000000000004
2,2,21,0,2,2,2,-0.0033940037729834941,0.00051881944397852669,0,3.1500000000000004
2,2,22,0,2,2,2,-0.0032564580067474536,0.00043133648710018592,0,3.1500000000000004
2,2,23,0,2,2,2,-0.0030120029960714017,0.00052757452263558005,0,3.1500000000000004
2,2,24,0,2,2,2,-0.0038079923471692066,0.00045633022140230281,0,3.1500000000000004
2,2,25,0,2,2,2,-0.011587443121341398,0.0054405581275465738,0,3.1500000000000004
2,2,26,0,2,2,0,0.0018484831127542466,-6.9469781964392457e-05,0,3.1500000000000004
2,2,27,0,2,2,1,-6.3812267956900651e-05,-0.00041155973894138197,0,3.1500000000000004
2,2,28,0,2,2,2,-0.00080910508043202059,-0.00045427764590482447,0,3.1500000000000004
2,2,29,0,2,2,2,-0.0023509815751574696,-0.00042995819234878532,0,3.1500000000000004
2,2,30,0,2,2,2,-0.0040755164676430436,-0.00044473463011255433,0,3.1500000000000004
2,2,31,0,2,2,2,-0.0017190668633874865,-0.0007609337412037069,0,3.1500000000000004
2,2,32,0,2,2,2,-0.0026261618964403405,-0.00076239564602944697,0,3.1500000000000004
2,2,33,0,2,2,2,-0.00027456956553835509,-1.8446379422838513e-08,0,3.1500000000000004
2,2,34,0,2,2,2,-0.00023627859910021448,-6.1463283676920472e-09,0,3.1500000000000004
2,2,35,0,2,2,2,-0.0022009566655966841,3.9268801071083895e-05,0,3.1500000000000004
2,2,36,0,2,2,2,-0.0021736016432902473,4.8062365874259859e-05,0,3.1500000000000004
2,2,37,0,2,2,2,-0.0022358556208219803,-0.00011832769534938386,0,3.1500000000000004
2,2,38,0,2,2,2,-0.0022045936951734951,-0.00011496648740656526,0,3.1500000000000004
2,2,39,0,2,2,1,-6.2549572620267108e-05,0.00041393025774578019,0,3.1500000000000004
2,2,40,0,2,2,2,-0.00080912655030122751,0.00045674822543664427,0,3.1500000000000004
2,2,41,0,2,2,2,-0.002204444145154185,0.00011452876397627558,0,3.1500000000000004
2,2,42,0,2,2,2,-0.0022358595445199688,0.00011793283451938256,0,3.1500000000000004
2,2,43,0,2,2,2,-0.0021735368321787493,-4.8572743648571543e-05,0,3.1500000000000004
2,2,44,0,2,2,2,-0.0022009785626522604,-3.9726638435764662e-05,0,3.1500000000000004
2,2,45,0,2,2,2,-0.0026251721486451568,0.0007620225301703615,0,3.1500000000000004
2,2,46,0,2,2,2,-0.001716786030821709,0.00076052119401193738,0,3.1500000000000004
2,2,47,0,2,2,2,-0.0040753457351224544,0.00044456840454444493,0,3.1500000000000004
2,2,48,0,2,2,2,-0.0023499523787681655,0.00042974412362534729,0,3.1500000000000004
2,2,49,0,2,2,2,-0.00033255837953862302,0.00027494434159447894,0,3.1500000000000004
2,2,50,0,0,0,0,0.00044598090860036412,8.4759011954577051e-05,0,3.1500000000000004
2,2,51,0,2,2,2,-0.0014410819163754929,0.00037060488187940215,0,3.1500000000000004
2,2,52,0,2,2,2,-0.00072558323102133913,0.00037318428329245995,0,3.1500000000000004
2,2,53,0,2,2,2,-0.00015423686317091878,3.6387995991661046e-06,0,3.1500000000000004
2,2,54,0,2,2,2,-0.00012559069159498893,5.2002850410308458e-06,0,3.1500000000000004
2,2,55,0,2,2,2,-0.0010224534090734004,-7.2406727475192971e-05,0,3.1500000000000004
2,2,56,0,2,2,2,-0.0011242538619139165,-7.5565140914382579e-05,0,3.1500000000000004
2,2,57,0,2,2,2,-0.001078196952396145,-9.964725969849241e-05,0,3.1500000000000004
2,2,58,0,2,2,2,-0.0010787456228201731,-9.7410886537809517e-05,0,3.1500000000000004
2,2,59,0,2,2,2,-0.00015425754556167975,-3.4644784914677998e-06,0,3.1500000000000004
2,2,60,0,2,2,2,-0.00012555258837374802,-5.0732792373178815e-06,0,3.1500000000000004
2,2,61,0,2,2,2,-0.0010686856649309903,1.8405149565659958e-05,0,3.1500000000000004
2,2,62,0,2,2,2,-0.0010729942711100308,2.5943986023188482e-05,0,3.1500000000000004
2,2,63,0,2,2,2,-0.0010729780332155942,-2.6042974022651914e-05,0,3.1500000000000004
2,2,64,0,2,2,2,-0.0010686953177019907,-1.8503409438992919e-05,0,3.1500000000000004
2,2,65,0,2,2,2,-0.00033256416254380332,-0.0002747459465249672,0,3.1500000000000004
2,2,66,0,0,0,0,0.00044574284495729852,-3.3189034636617173e-05,0,3.1500000000000004
2,2,67,0,2,2,2,-0.0010785070918797922,9.7282843944883807e-05,0,3.1500000000000004
2,2,68,0,2,2,2,-0.0010780512750692478,9.9510698380510812e-05,0,3.1500000000000004
2,2,69,0,2,2,2,-0.0011239108810963856,7.54528755501177e-05,0,3.1500000000000004
2,2,70,0,2,2,2,-0.0010222670918512613,7.2289770789664217e-05,0,3.1500000000000004
2,2,71,0,2,2,2,-0.00072552901690470977,-0.00037305790284821588,0,3.1500000000000004
2,2,72,0,2,2,2,-0.0014407515539982627,-0.00037047904861631508,0,3.1500000000000004
2,2,73,0,0,1,1,-2.5004003869144917e-05,2.9261936398475778e-05,0,3.1500000000000004
2,2,74,0,0,0,0,6.2307980740914002e-05,0,0,3.1500000000000004
2,2,75,0,2,2,2,-0.00038048232111024226,0.0001439574019857599,0,3.1500000000000004
2,2,76,0,2,2,2,-0.00049887719718650736,0.00016108790136791843,0,3.1500000000000004
2,2,77,0,2,2,2,-0.0004622577803265642,7.2969587094645359e-05,0,3.1500000000000004
2,2,78,0,2,2,2,-0.0003718425138209709,8.6597767364999734e-05,0,3.1500000000000004
2,2,79,0,2,2,2,-3.6908303152057967e-05,9.7651556854066117e-09,0,3.1500000000000004
2,2,80,0,2,2,2,-2.4858254544099968e-05,4.8830883633258547e-09,0,3.1500000000000004
2,2,81,0,2,2,2,-0.00039722055865356909,2.2953684708845462e-06,0,3.1500000000000004
2,2,82,0,2,2,2,-0.00040803683071181289,1.0657282735893417e-05,0,3.1500000000000004
2,2,83,0,2,2,2,-0.0004123700105742096,-1.2446380353543677e-05,0,3.1500000000000004
2,2,84,0,2,2,2,-0.00040809160257069957,-4.370359897046903e-06,0,3.1500000000000004
2,2,85,0,0,1,1,-2.4992915557235529e-05,-2.9206097547985509e-05,0,3.1500000000000004
2,2,86,0,0,0,0,6.226410628025925e-05,5.7377560008401362e-05,0,3.1500000000000004
2,2,87,0,2,2,2,-0.0004080623683870799,4.336887521954667e-06,0,3.1500000000000004
2,2,88,0,2,2,2,-0.00041236502153444159,1.2412193936851454e-05,0,3.1500000000000004
2,2,89,0,2,2,2,-0.00040799103163507929,-1.0692001019561282e-05,0,3.1500000000000004
2,2,90,0,2,2,2,-0.00039720353118785905,-2.3300381469530283e-06,0,3.1500000000000004
2,2,91,0,2,2,2,-0.00037178684337543441,-8.6585050995788916e-05,0,3.1500000000000004
2,2,92,0,2,2,2,-0.0004621670528180701,-7.2960427287456075e-05,0,3.1500000000000004
2,2,93,0,2,2,2,-0.00049882519172229673,-0.00016106511514709027,0,3.1500000000000004
2,2,94,0,2,2,2,-0.00038042294126167608,-0.00014393894389790597,0,3.1500000000000004
2,2,95,0,2,2,2,-5.7360029543753206e-05,-8.6353317766944961e-06,0,3.1500000000000004
2,2,96,0,0,0,0,0.0001447098308003566,8.6293477631614126e-06,0,3.1500000000000004
2,2,97,0,0,1,1,-6.6656712689587243e-06,4.7943045221396114e-06,0,3.1500000000000004
2,2,98,0,0,0,0,7.795478056898293e-06,-1.4319790567178258e-06,0,3.1500000000000004
2,2,99,0,0,1,1,-6.6668684063935489e-06,-4.7785384665415984e-06,0,3.1500000000000004
2,2,100,0,0,0,0,7.7904532500129493e-06,-4.8125450496395299e-05,0,3.1500000000000004
2,2,101,0,2,2,2,-5.7352742968969749e-05,8.6404858194568989e-06,0,3.1500000000000004
2,2,102,0,0,0,0,0.00014468986274903626,-8.7888109836192763e-05,0,3.1500000000000004
2,3,1,0,2,2,2,-0.043162323647028045,-0.0079775058584520275,0,3.1500000000000004
2,3,2,0,2,2,2,-0.043151206370593331,0.0075257505119001103,0,3.1500000000000004
2,3,3,0,0,0,0,0.0086579962320847172,-0.00020327849663703866,0,3.1500000000000004
2,3,4,0,2,2,2,-0.0054638697644131115,-0.0056685187466935403,0,3.1500000000000004
2,3,5,0,2,0,0,0.0028279711428088319,-0.00017305639599878489,0,3.1500000000000004
2,3,6,0,2,2,2,-0.011118835406510017,-0.0062417416735117345,0,3.1500000000000004
2,3,7,0,2,2,2,-0.00037743904885578696,-0.00022536917138140587,0,3.1500000000000004
2,3,8,0,2,2,2,-0.00057108076920924574,-0.0002210876288521924,0,3.1500000000000004
2,3,9,0,2,2,2,-0.0037760280573751197,-0.00073908710096314955,0,3.1500000000000004
2,3,10,0,2,2,2,-0.0028569441750041532,-0.00082391374022560814,0,3.1500000000000004
2,3,11,0,2,2,2,-0.0032497740753599388,-0.00048592454640571022,0,3.1500000000000004
2,3,12,0,2,2,2,-0.0033512874981832677,-0.00059016741323146451,0,3.1500000000000004
2,3,13,0,2,2,2,-0.00037783302440201524,0.00022375406682940475,0,3.1500000000000004
2,3,14,0,2,2,2,-0.00056884244909927964,0.00021986586615073395,0,3.1500000000000004
2,3,15,0,2,2,2,-0.0034581227955107455,0.00011065809974580899,0,3.1500000000000004
2,3,16,0,2,2,2,-0.0034709251046248692,8.480648921796036e-05,0,3.1500000000000004
2,3,17,0,2,2,2,-0.0034708960942463271,-8.5024481750683173e-05,0,3.1500000000000004
2,3,18,0,2,2,2,-0.0034581482212795093,-0.00011089769238189397,0,3.1500000000000004
2,3,19,0,0,0,0,0.0087127122235352034,-0.00022811799053607443,0,3.1500000000000004
2,3,20,0,2,2,2,-0.0054430337245527493,0.0057125806548386825,0,3.1500000000000004
2,3,21,0,2,2,2,-0.0033498756970810136,0.00058736855471414441,0,3.1500000000000004
2,3,22,0,2,2,2,-0.0032510635296923566,0.0004834961081594157,0,3.1500000000000004
2,3,23,0,2,2,2,-0.0028533109006801472,0.00082086458916352399,0,3.1500000000000004
2,3,24,0,2,2,2,-0.0037756442930374193,0.00073651079305731178,0,3.1500000000000004
2,3,25,0,2,2,2,-0.01112030893333533,0.0062435875885992389,0,3.1500000000000004
2,3,26,0,2,0,0,0.0028584908489942915,-6.9469781964392457e-05,0,3.1500000000000004
2,3,27,0,2,1,0,0.00014891643660339062,-0.00041155973894138197,0,3.1500000000000004
2,3,28,0,2,2,2,-0.00072248727200133851,-0.00047845324058850923,0,3.1500000000000004
2,3,29,0,2,2,2,-0.0024247137445328401,-0.00033075574633290098,0,3.1500000000000004
2,3,30,0,2,2,2,-0.0042578742082979553,-0.00034111008525033337,0,3.1500000000000004
2,3,31,0,2,2,2,-0.001708145436255761,-0.00067181801078355268,0,3.1500000000000004
2,3,32,0,2,2,2,-0.0027038351458647078,-0.00066955681388940463,0,3.1500000000000004
2,3,33,0,2,2,2,-0.00022159468302103099,2.4120601669123603e-08,0,3.1500000000000004
2,3,34,0,2,2,2,-0.00022206521704016096,4.5995042531065573e-08,0,3.1500000000000004
2,3,35,0,2,2,2,-0.0022142872468917329,3.591721693902845e-05,0,3.1500000000000004
2,3,36,0,2,2,2,-0.0021868727774979769,5.0556326419947375e-05,0,3.1500000000000004
2,3,37,0,2,2,2,-0.0022245692081721519,-0.000111110520208711,0,3.1500000000000004
2,3,38,0,2,2,2,-0.0022125737698687181,-0.00010141777914707063,0,3.1500000000000004
2,3,39,0,2,1,0,0.00014908105061770539,0.00041393025774578019,0,3.1500000000000004
2,3,40,0,2,2,2,-0.00072266318828246299,0.00047967694784129358,0,3.1500000000000004
2,3,41,0,2,2,2,-0.002212577006179856,0.00010122244731562265,0,3.1500000000000004
2,3,42,0,2,2,2,-0.0022245240458758247,0.00011093722423525363,0,3.1500000000000004
2,3,43,0,2,2,2,-0.0021870153632891371,-5.0808127889360383e-05,0,3.1500000000000004
2,3,44,0,2,2,2,-0.0022143493490049907,-3.6141143637339326e-05,0,3.1500000000000004
2,3,45,0,2,2,2,-0.0027036507634352943,0.00066959934570529176,0,3.1500000000000004
2,3,46,0,2,2,2,-0.0017073371234878154,0.00067182299904698076,0,3.1500000000000004
2,3,47,0,2,2,2,-0.0042581785472411548,0.00034124181702910588,0,3.1500000000000004
2,3,48,0,2,2,2,-0.0024245028303090817,0.00033084170684726563,0,3.1500000000000004
2,3,49,0,2,2,2,-0.00033892816027124544,0.00027886268015485529,0,3.1500000000000004
2,3,50,0,0,0,0,0.00045775384564690984,8.4759011954577051e-05,0,3.1500000000000004
2,3,51,0,2,2,2,-0.0014654785011432958,0.00037975975234372472,0,3.1500000000000004
2,3,52,0,2,2,2,-0.00074517330050857236,0.00038189346263231712,0,3.1500000000000004
2,3,53,0,2,2,2,-0.00013733625422617584,-1.7130593273373361e-06,0,3.1500000000000004
2,3,54,0,2,2,2,-0.00012849850153712815,-1.4832594334614021e-06,0,3.1500000000000004
2,3,55,0,2,2,2,-0.0010291162957138983,-7.5866648693399515e-05,0,3.1500000000000004
2,3,56,0,2,2,2,-0.0011460558887854571,-7.8185704890542052e-05,0,3.1500000000000004
2,3,57,0,2,2,2,-0.0010693281765778904,-0.00010284787259386105,0,3.1500000000000004
2,3,58,0,2,2,2,-0.0010869170466679759,-9.9455593577731904e-05,0,3.1500000000000004
2,3,59,0,2,2,2,-0.00013736495836876115,1.7731562707648777e-06,0,3.1500000000000004
2,3,60,0,2,2,2,-0.000128493522050123,1.5296227462118809e-06,0,3.1500000000000004
2,3,61,0,2,2,2,-0.0010687613610491523,1.741265576948017e-05,0,3.1500000000000004
2,3,62,0,2,2,2,-0.0010708101694791657,2.565159654827561e-05,0,3.1500000000000004
2,3,63,0,2,2,2,-0.0010708257545523222,-2.5675218734795292e-05,0,3.1500000000000004
2,3,64,0,2,2,2,-0.0010687619405730614,-1.7436105264112233e-05,0,3.1500000000000004
2,3,65,0,2,2,2,-0.00033905274464471639,-0.000278643467050512,0,3.1500000000000004
2,3,66,0,0,0,0,0.00045769691254030922,-3.3189034636617173e-05,0,3.1500000000000004
2,3,67,0,2,2,2,-0.0010868679318312884,9.9433039336424331e-05,0,3.1500000000000004
2,3,68,0,2,2,2,-0.0010692962473567301,0.00010281936783095564,0,3.1500000000000004
2,3,69,0,2,2,2,-0.0011459824838741261,7.8170046768676543e-05,0,3.1500000000000004
2,3,70,0,2,2,2,-0.0010290762927991186,7.5845780099230537e-05,0,3.1500000000000004
2,3,71,0,2,2,2,-0.00074518919111934718,-0.00038185253855105121,0,3.1500000000000004
2,3,72,0,2,2,2,-0.001465419072905501,-0.00037971847480612267,0,3.1500000000000004
2,3,73,0,0,1,1,-2.3589234119045467e-05,3.0770141958992892e-05,0,3.1500000000000004
2,3,74,0,0,0,0,6.1666118358237913e-05,0,0,3.1500000000000004
2,3,75,0,2,2,2,-0.00038431522607564278,0.00014329896376244058,0,3.1500000000000004
2,3,76,0,2,2,2,-0.00050811826812317135,0.000160724467643824,0,3.1500000000000004
2,3,77,0,2,2,2,-0.0004642064447358027,7.119086559190722e-05,0,3.1500000000000004
2,3,78,0,2,2,2,-0.00037631996861424368,8.5133152332458306e-05,0,3.1500000000000004
2,3,79,0,2,2,2,-3.4848491775269984e-05,6.5592668906101328e-10,0,3.1500000000000004
2,3,80,0,2,2,2,-2.6819546466478604e-05,-3.5665535862649151e-10,0,3.1500000000000004
2,3,81,0,2,2,2,-0.00039789760521598977,1.1349483777865196e-06,0,3.1500000000000004
2,3,82,0,2,2,2,-0.00040934428597023834,9.5204241016839152e-06,0,3.1500000000000004
2,3,83,0,2,2,2,-0.00041036984242139474,-1.3413205245601824e-05,0,3.1500000000000004
2,3,84,0,2,2,2,-0.00040832107033091981,-5.3038648768079748e-06,0,3.1500000000000004
2,3,85,0,0,1,1,-2.3587548109528687e-05,-3.0757403526094372e-05,0,3.1500000000000004
2,3,86,0,0,0,0,6.1653989833648071e-05,5.7377560008401362e-05,0,3.1500000000000004
2,3,87,0,2,2,2,-0.00040831536951368524,5.2975069172134736e-06,0,3.1500000000000004
2,3,88,0,2,2,2,-0.00041037012716771371,1.3406661273842912e-05,0,3.1500000000000004
2,3,89,0,2,2,2,-0.00040933429247491074,-9.5270866500843978e-06,0,3.1500000000000004
2,3,90,0,2,2,2,-0.00039789500504963161,-1.1416223918311191e-06,0,3.1500000000000004
2,3,91,0,2,2,2,-0.00037631084031258366,-8.5126979118278165e-05,0,3.1500000000000004
2,3,92,0,2,2,2,-0.00046418848360236381,-7.1185398936243134e-05,0,3.1500000000000004
2,3,93,0,2,2,2,-0.0005081131147323505,-0.00016071690048000039,0,3.1500000000000004
2,3,94,0,2,2,2,-0.00038430519917636956,-0.00014329232728701495,0,3.1500000000000004
2,3,95,0,2,2,2,-5.8166136251519316e-05,-7.9908115522753511e-06,0,3.1500000000000004
2,3,96,0,0,0,0,0.00014661948381544776,8.6293477631614126e-06,0,3.1500000000000004
2,3,97,0,0,1,1,-6.4387693323624456e-06,4.3467174578034399e-06,0,3.1500000000000004
2,3,98,0,0,0,0,6.5440708395989357e-06,-1.4319790567178258e-06,0,3.1500000000000004
2,3,99,0,0,1,1,-6.4390853467364366e-06,-4.3400573944591194e-06,0,3.1500000000000004
2,3,100,0,0,0,0,6.5425377632415072e-06,-4.8125450496395299e-05,0,3.1500000000000004
2,3,101,0,2,2,2,-5.8164170137159021e-05,7.9989393134311054e-06,0,3.1500000000000004
2,3,102,0,0,0,0,0.00014661636346283532,-8.7888109836192763e-05,0,3.1500000000000004
2,4,1,0,2,2,2,-0.043161845496193563,-0.0079782116796624676,0,3.1500000000000004
2,4,2,0,2,2,2,-0.043150727992322127,0.0075264795502988811,0,3.1500000000000004
2,4,3,0,0,0,0,0.0086584756109714077,-0.00020327849663703866,0,3.1500000000000004
2,4,4,0,2,2,2,-0.0054638546254759538,-0.0056627079055522628,0,3.1500000000000004
2,4,5,0,2,0,0,0.0028223366180884753,-0.00017305639599878489,0,3.1500000000000004
2,4,6,0,2,2,2,-0.01110729604547854,-0.0062623388978892986,0,3.1500000000000004
2,4,7,0,2,2,2,-0.00037765527004721654,-0.00022731745560533915,0,3.1500000000000004
2,4,8,0,2,2,2,-0.00056978924389546764,-0.0002234319098106506,0,3.1500000000000004
2,4,9,0,2,2,2,-0.0037936593871447802,-0.00076510278467905018,0,3.1500000000000004
2,4,10,0,2,2,2,-0.002856754460995183,-0.00084692266038758636,0,3.1500000000000004
2,4,11,0,2,2,2,-0.0032470406518331088,-0.00046976987800741773,0,3.1500000000000004
2,4,12,0,2,2,2,-0.0033531809596304548,-0.00057071681108609518,0,3.1500000000000004
2,4,13,0,2,2,2,-0.00037803049246918513,0.00022571233767486239,0,3.1500000000000004
2,4,14,0,2,2,2,-0.00056756195202718989,0.00022221935695561606,0,3.1500000000000004
2,4,15,0,2,2,2,-0.0034516885786537374,0.00012285776315504852,0,3.1500000000000004
2,4,16,0,2,2,2,-0.0034705376159888603,9.9668085521169392e-05,0,3.1500000000000004
2,4,17,0,2,2,2,-0.0034705538123795212,-9.9941581926334998e-05,0,3.1500000000000004
2,4,18,0,2,2,2,-0.0034516787548183937,-0.00012314869554177677,0,3.1500000000000004
2,4,19,0,0,0,0,0.008713184340673398,-0.00022811799053607443,0,3.1500000000000004
2,4,20,0,2,2,2,-0.0054430143779808492,0.0057067921481986179,0,3.1500000000000004
2,4,21,0,2,2,2,-0.0033519191792466246,0.00056786748670357567,0,3.1500000000000004
2,4,22,0,2,2,2,-0.0032483653236015041,0.00046729696732408788,0,3.1500000000000004
2,4,23,0,2,2,2,-0.002853084328393742,0.00084386956046820887,0,3.1500000000000004
2,4,24,0,2,2,2,-0.003793140232031542,0.0007625231525259221,0,3.1500000000000004
2,4,25,0,2,2,2,-0.011108789857126548,0.0062641680994793402,0,3.1500000000000004
2,4,26,0,2,0,0,0.0028529151588653889,-6.9469781964392457e-05,0,3.1500000000000004
2,4,27,0,2,0,0,0.00019438395072767292,-0.00041155973894138197,0,3.1500000000000004
2,4,28,0,2,2,2,-0.00070561302574107562,-0.00049346116586580378,0,3.1500000000000004
2,4,29,0,2,2,2,-0.0024224061244227748,-0.00032627728160947216,0,3.1500000000000004
2,4,30,0,2,2,2,-0.0042705411398741462,-0.0003392296575570974,0,3.1500000000000004
2,4,31,0,2,2,2,-0.0016909909388886169,-0.0006636049274090386,0,3.1500000000000004
2,4,32,0,2,2,2,-0.002703715357628977,-0.00066391862720003821,0,3.1500000000000004
2,4,33,0,2,2,2,-0.00024604542371204946,-1.0225343985963299e-08,0,3.1500000000000004
2,4,34,0,2,2,2,-0.00022821131447457998,2.4373808862597049e-10,0,3.1500000000000004
2,4,35,0,2,2,2,-0.002217508143689882,3.0222427930185065e-05,0,3.1500000000000004
2,4,36,0,2,2,2,-0.0021847283547283057,4.1892031067258234e-05,0,3.1500000000000004
2,4,37,0,2,2,2,-0.0022315986029726211,-0.00011420002553205553,0,3.1500000000000004
2,4,38,0,2,2,2,-0.0022135367408573615,-0.00010739257473942659,0,3.1500000000000004
2,4,39,0,2,0,0,0.00019459340055707447,0.00041393025774578019,0,3.1500000000000004
2,4,40,0,2,2,2,-0.00070576272779162294,0.00049442122322466075,0,3.1500000000000004
2,4,41,0,2,2,2,-0.0022134997854196606,0.00010716910065770375,0,3.1500000000000004
2,4,42,0,2,2,2,-0.0022315977411080865,0.00011399375549438833,0,3.1500000000000004
2,4,43,0,2,2,2,-0.0021847290693377429,-4.2157161385992247e-05,0,3.1500000000000004
2,4,44,0,2,2,2,-0.0022175365935963071,-3.0464021173510545e-05,0,3.1500000000000004
2,4,45,0,2,2,2,-0.0027035651811980533,0.00066392538887042945,0,3.1500000000000004
2,4,46,0,2,2,2,-0.0016903088557077702,0.00066357345684547571,0,3.1500000000000004
2,4,47,0,2,2,2,-0.0042708137560545142,0.0003393172899117256,0,3.1500000000000004
2,4,48,0,2,2,2,-0.0024222357384831323,0.00032631917320893151,0,3.1500000000000004
2,4,49,0,2,2,2,-0.00033777081524974053,0.00028104686292031709,0,3.1500000000000004
2,4,50,0,0,0,0,0.00045691792884908265,8.4759011954577051e-05,0,3.1500000000000004
2,4,51,0,2,2,2,-0.001465473447512855,0.00037925879840159353,0,3.1500000000000004
2,4,52,0,2,2,2,-0.00074631762359967681,0.00038140576965606872,0,3.1500000000000004
2,4,53,0,2,2,2,-0.00013761634448622326,-3.9704815679422489e-06,0,3.1500000000000004
2,4,54,0,2,2,2,-0.00012816223219220798,-3.399718464366506e-06,0,3.1500000000000004
2,4,55,0,2,2,2,-0.0010281184684966067,-7.5602687873812244e-05,0,3.1500000000000004
2,4,56,0,2,2,2,-0.001144133177655516,-7.7851545574504191e-05,0,3.1500000000000004
2,4,57,0,2,2,2,-0.0010686810284280741,-0.00010241989481907418,0,3.1500000000000004
2,4,58,0,2,2,2,-0.0010859916605419132,-9.8970822770620077e-05,0,3.1500000000000004
2,4,59,0,2,2,2,-0.00013763458588049983,4.037153999122457e-06,0,3.1500000000000004
2,4,60,0,2,2,2,-0.00012816758822634241,3.452369007038801e-06,0,3.1500000000000004
2,4,61,0,2,2,2,-0.0010696204891866964,1.7556739468723409e-05,0,3.1500000000000004
2,4,62,0,2,2,2,-0.0010720794720452159,2.5743310732159276e-05,0,3.1500000000000004
2,4,63,0,2,2,2,-0.0010720871196478513,-2.5774963869370855e-05,0,3.1500000000000004
2,4,64,0,2,2,2,-0.001069623049823377,-1.7588098681047717e-05,0,3.1500000000000004
2,4,65,0,2,2,2,-0.00033790464775420085,-0.00028082242121226094,0,3.1500000000000004
2,4,66,0,0,0,0,0.00045687094051275812,-3.3189034636617173e-05,0,3.1500000000000004
2,4,67,0,2,2,2,-0.0010859421166900906,9.8950534631442747e-05,0,3.1500000000000004
2,4,68,0,2,2,2,-0.0010686348415929806,0.00010239370800360463,0,3.1500000000000004
2,4,69,0,2,2,2,-0.0011440717230700983,7.7838636493056133e-05,0,3.1500000000000004
2,4,70,0,2,2,2,-0.0010280775026093717,7.5584382033195335e-05,0,3.1500000000000004
2,4,71,0,2,2,2,-0.00074633209528827222,-0.00038137151693703997,0,3.1500000000000004
2,4,72,0,2,2,2,-0.0014654194127987495,-0.0003792247141975339,0,3.1500000000000004
2,4,73,0,0,1,1,-2.3368414010048612e-05,3.0842586765117323e-05,0,3.1500000000000004
2,4,74,0,0,0,0,6.1313334530329328e-05,0,0,3.1500000000000004
2,4,75,0,2,2,2,-0.00038422965175436709,0.00014316907103056344,0,3.1500000000000004
2,4,76,0,2,2,2,-0.00050824841745339194,0.00016058920956986438,0,3.1500000000000004
2,4,77,0,2,2,2,-0.00046393107588446999,7.106132005769991e-05,0,3.1500000000000004
2,4,78,0,2,2,2,-0.0003763167157924826,8.5003153776358237e-05,0,3.1500000000000004
2,4,79,0,2,2,2,-3.5144569699252157e-05,2.6433155866011735e-09,0,3.1500000000000004
2,4,80,0,2,2,2,-2.6410340402070158e-05,1.415794540328623e-09,0,3.1500000000000004
2,4,81,0,2,2,2,-0.00039791320906705225,1.346282467927198e-06,0,3.1500000000000004
2,4,82,0,2,2,2,-0.00040898544222132472,9.7436658789690833e-06,0,3.1500000000000004
2,4,83,0,2,2,2,-0.00041070429022217069,-1.3208880141020434e-05,0,3.1500000000000004
2,4,84,0,2,2,2,-0.00040824976460834145,-5.0953069397654789e-06,0,3.1500000000000004
2,4,85,0,0,1,1,-2.3366431723796059e-05,-3.0830382048046297e-05,0,3.1500000000000004
2,4,86,0,0,0,0,6.130067506360907e-05,5.7377560008401362e-05,0,3.1500000000000004
2,4,87,0,2,2,2,-0.00040824346186479991,5.0885063186459362e-06,0,3.1500000000000004
2,4,88,0,2,2,2,-0.00041070279653557804,1.3201780357512866e-05,0,3.1500000000000004
2,4,89,0,2,2,2,-0.00040897485289399186,-9.7504664693523821e-06,0,3.1500000000000004
2,4,90,0,2,2,2,-0.00039790980236345226,-1.3532037958346579e-06,0,3.1500000000000004
2,4,91,0,2,2,2,-0.00037630830771291028,-8.4996695053151126e-05,0,3.1500000000000004
2,4,92,0,2,2,2,-0.00046391270979344285,-7.1055460484717499e-05,0,3.1500000000000004
2,4,93,0,2,2,2,-0.00050824532232882937,-0.00016058159418738026,0,3.1500000000000004
2,4,94,0,2,2,2,-0.00038422009010808734,-0.00014316228800956827,0,3.1500000000000004
2,4,95,0,2,2,2,-5.8166235413282616e-05,-7.908498340550962e-06,0,3.1500000000000004
2,4,96,0,0,0,0,0.00014656876113501891,8.6293477631614126e-06,0,3.1500000000000004
2,4,97,0,0,1,1,-6.4415429240109694e-06,4.2598093513145906e-06,0,3.1500000000000004
2,4,98,0,0,0,0,6.5700133143698159e-06,-1.4319790567178258e-06,0,3.1500000000000004
2,4,99,0,0,1,1,-6.4416635979759281e-06,-4.253353895543779e-06,0,3.1500000000000004
2,4,100,0,0,0,0,6.5677746709217623e-06,-4.8125450496395299e-05,0,3.1500000000000004
2,4,101,0,2,2,2,-5.8164416678642383e-05,7.9163696102381152e-06,0,3.1500000000000004
2,4,102,0,0,0,0,0.00014656594480792225,-8.7888109836192763e-05,0,3.1500000000000004
3,5,1,0,2,2,2,-0.055188796147647254,-0.018086387665844146,0,3.1500000000000004
3,5,2,0,2,2,2,-0.055472647432690224,0.016425109922556573,0,3.1500000000000004
3,5,3,0,0,0,0,0.020774322768845301,0,0,3.1500000000000004
3,5,4,0,2,2,2,-0.011043565482158541,-0.013255358828477608,0,3.1500000000000004
3,5,5,0,0,0,0,0.013824597478784601,0,0,3.1500000000000004
3,5,6,0,2,2,2,-0.016890303209804142,-0.013055681225773379,0,3.1500000000000004
3,5,7,0,2,2,2,-0.0011873063809920525,-0.00048922593649362552,0,3.1500000000000004
3,5,8,0,2,2,2,-0.001434954995392959,-0.00047780973593958493,0,3.1500000000000004
3,5,9,0,2,2,2,-0.0022162645805084607,-0.0020599257891002107,0,3.1500000000000004
3,5,10,0,2,2,0,0.00033649895062634345,-0.00084692266038758636,0,3.1500000000000004
3,5,11,0,2,2,2,-0.001477207338162388,-0.0011949223112680089,0,3.1500000000000004
3,5,12,0,2,2,2,-0.0015835560942031764,-0.0013937453230637856,0,3.1500000000000004
3,5,13,0,2,2,2,-0.0011854581310867004,0.00047667172925163365,0,3.1500000000000004
3,5,14,0,2,2,2,-0.0014180674670059145,0.00046802394622775959,0,3.1500000000000004
3,5,15,0,2,2,2,-0.0018987581074228711,0.0002929879475933808,0,3.1500000000000004
3,5,16,0,2,2,2,-0.0019553377991820484,0.00023982350291058908,0,3.1500000000000004
3,5,17,0,2,2,2,-0.001955847034625053,-0.00024212404526586753,0,3.1500000000000004
3,5,18,0,2,2,2,-0.0018992141899375017,-0.00029543733255363368,0,3.1500000000000004
3,5,19,0,0,0,0,0.020808731418776802,0,0,3.1500000000000004
3,5,20,0,2,2,2,-0.010817013415636206,0.013555192013578934,0,3.1500000000000004
3,5,21,0,2,2,2,-0.0015825419847506693,0.0013713005618289252,0,3.1500000000000004
3,5,22,0,2,2,2,-0.0014878085006141165,0.0011758434016466263,0,3.1500000000000004
3,5,23,0,2,2,0,0.00034618254038294759,0.00084386956046820887,0,3.1500000000000004
3,5,24,0,2,2,2,-0.0022195127466755641,0.0020345829253587558,0,3.1500000000000004
3,5,25,0,2,2,2,-0.016914155544734452,0.013135523181760941,0,3.1500000000000004
3,5,26,0,0,0,0,0.013883169105064598,0,0,3.1500000000000004
3,5,27,0,0,0,0,0.00066506800929617808,0,0,3.1500000000000004
3,5,28,0,2,2,2,-0.0016665741754398071,-0.00078536643869804048,0,3.1500000000000004
3,5,29,0,2,2,2,-0.0024932045113955064,-0.0013290751552457714,0,3.1500000000000004
3,5,30,0,2,2,2,-0.006083592683772324,-0.0014240790818920821,0,3.1500000000000004
3,5,31,0,2,2,1,-0.00077074302549364827,-0.0017502324232940244,0,3.1500000000000004
3,5,32,0,2,2,2,-0.0032337432139841436,-0.0017914990867144175,0,3.1500000000000004
3,5,33,0,2,2,2,-0.00058847073003458672,4.6875678586460248e-07,0,3.1500000000000004
3,5,34,0,2,2,2,-0.00050976030990784944,6.4640039089851688e-07,0,3.1500000000000004
3,5,35,0,2,2,2,-0.0017612284762979393,-5.5452587963840433e-05,0,3.1500000000000004
3,5,36,0,2,2,2,-0.001558458579698759,-8.4983523475758532e-05,0,3.1500000000000004
3,5,37,0,2,2,2,-0.001783142667357727,-0.00025544517665578991,0,3.1500000000000004
3,5,38,0,2,2,2,-0.0017258584258510051,-0.00029054597043307398,0,3.1500000000000004
3,5,39,0,0,0,0,0.00066215871939627393,0,0,3.1500000000000004
3,5,40,0,2,2,2,-0.0016684988489046805,0.00079195868216834823,0,3.1500000000000004
3,5,41,0,2,2,2,-0.0017265748149607042,0.00028923833770028119,0,3.1500000000000004
3,5,42,0,2,2,2,-0.0017824845542486853,0.00025428930536656048,0,3.1500000000000004
3,5,43,0,2,2,2,-0.0015610159327178459,8.3090968163160691e-05,0,3.1500000000000004
3,5,44,0,2,2,2,-0.0017620954748525722,5.3747319834539155e-05,0,3.1500000000000004
3,5,45,0,2,2,2,-0.003235243394079062,0.0017936458967750483,0,3.1500000000000004
3,5,46,0,2,2,1,-0.00076926579645957406,0.0017516078673496956,0,3.1500000000000004
3,5,47,0,2,2,2,-0.006088043905640439,0.0014267486181572865,0,3.1500000000000004
3,5,48,0,2,2,2,-0.0024943252305099331,0.001330892598401868,0,3.1500000000000004
3,5,49,0,2,2,1,-0.00046363551524023064,0.00073957788918955309,0,3.1500000000000004
3,5,50,0,0,0,0,0.00060999357814092259,0,0,3.1500000000000004
3,5,51,0,2,2,2,-0.002024251454724099,0.00031306543353138507,0,3.1500000000000004
3,5,52,0,2,2,2,-0.0011315097307952747,0.00032067928837708158,0,3.1500000000000004
3,5,53,0,2,2,2,-0.0002351052951999296,-3.5360750778078535e-05,0,3.1500000000000004
3,5,54,0,2,2,2,-0.00031667898106684238,-4.1509918407185756e-05,0,3.1500000000000004
3,5,55,0,2,2,2,-0.0010463781234658573,-0.00027148304440328735,0,3.1500000000000004
3,5,56,0,2,2,2,-0.0012862598714935547,-0.00029752513161667869,0,3.1500000000000004
3,5,57,0,2,2,2,-0.0010539489652984864,-0.00029024628188207451,0,3.1500000000000004
3,5,58,0,2,2,2,-0.0011991558000278228,-0.00030328480654480595,0,3.1500000000000004
3,5,59,0,2,2,2,-0.00023550201289990641,3.5501258086796357e-05,0,3.1500000000000004
3,5,60,0,2,2,2,-0.00031672298542561981,4.169936066690595e-05,0,3.1500000000000004
3,5,61,0,2,2,2,-0.0010959190772502486,3.4601623624547242e-05,0,3.1500000000000004
3,5,62,0,2,2,2,-0.0010954679039535669,2.643065381090136e-05,0,3.1500000000000004
3,5,63,0,2,2,2,-0.0010958421356694076,-2.6408576774909279e-05,0,3.1500000000000004
3,5,64,0,2,2,2,-0.0010958904571409854,-3.4581047049980854e-05,0,3.1500000000000004
3,5,65,0,2,2,1,-0.00046461917742583129,-0.00073948085462705569,0,3.1500000000000004
3,5,66,0,0,0,0,0.00061002405701668697,0,0,3.1500000000000004
3,5,67,0,2,2,2,-0.0011994353057801458,0.00030339316179055193,0,3.1500000000000004
3,5,68,0,2,2,2,-0.0010541423955700885,0.00029031141522145446,0,3.1500000000000004
3,5,69,0,2,2,2,-0.0012866357973484442,0.00029764683934868576,0,3.1500000000000004
3,5,70,0,2,2,2,-0.001046631286642564,0.00027155761485934417,0,3.1500000000000004
3,5,71,0,2,2,2,-0.0011319888469069257,-0.00032059807273225507,0,3.1500000000000004
3,5,72,0,2,2,2,-0.002024967372604818,-0.00031297453175851839,0,3.1500000000000004
3,5,73,0,0,1,1,-3.1812695095949833e-05,9.4902047936068886e-05,0,3.1500000000000004
3,5,74,0,0,0,0,5.0385531473448035e-05,0,0,3.1500000000000004
3,5,75,0,2,2,2,-0.00051300532428596654,0.00016259836671971874,0,3.1500000000000004
3,5,76,0,2,2,2,-0.00082634139993170794,0.00018495518220992043,0,3.1500000000000004
3,5,77,0,2,2,2,-0.00061803646022954325,4.5545494570151134e-05,0,3.1500000000000004
3,5,78,0,2,2,2,-0.00052437311784255339,6.4413097189178737e-05,0,3.1500000000000004
3,5,79,0,2,2,2,-6.9183159971714645e-05,-2.8247049470481665e-08,0,3.1500000000000004
3,5,80,0,2,2,2,-5.6828352797194011e-05,-1.9044454006326387e-08,0,3.1500000000000004
3,5,81,0,2,2,2,-0.00048166020403398011,-1.1197603568324455e-05,0,3.1500000000000004
3,5,82,0,2,2,2,-0.00048268270947914428,-4.8520892646925855e-06,0,3.1500000000000004
3,5,83,0,2,2,2,-0.0004993756606942333,-2.8392177166616063e-05,0,3.1500000000000004
3,5,84,0,2,2,2,-0.00049962166952600886,-2.2555514679968271e-05,0,3.1500000000000004
3,5,85,0,0,1,1,-3.1846484690867242e-05,-9.4933818277759469e-05,0,3.1500000000000004
3,5,86,0,0,0,0,5.0386413570637075e-05,0,0,3.1500000000000004
3,5,87,0,2,2,2,-0.00049968092953700245,2.2598552441720519e-05,0,3.1500000000000004
3,5,88,0,2,2,2,-0.0004993944087325733,2.8436300026337494e-05,0,3.1500000000000004
3,5,89,0,2,2,2,-0.0004827800709320199,4.8895383616011046e-06,0,3.1500000000000004
3,5,90,0,2,2,2,-0.00048170715445425879,1.1235628115426946e-05,0,3.1500000000000004
3,5,91,0,2,2,2,-0.0005244972095404712,-6.438078150726155e-05,0,3.1500000000000004
3,5,92,0,2,2,2,-0.00061814676954489447,-4.550892854563914e-05,0,3.1500000000000004
3,5,93,0,2,2,2,-0.00082654152817942205,-0.00018494637789430652,0,3.1500000000000004
3,5,94,0,2,2,2,-0.00051312206835480258,-0.0001625853842426347,0,3.1500000000000004
3,5,95,0,2,2,2,-9.8183737453160419e-05,1.1376760422737779e-05,0,3.1500000000000004
3,5,96,0,0,0,0,0.00029751660141026897,0,0,3.1500000000000004
3,5,97,0,0,1,1,-1.1357883847886677e-05,7.6249807248134581e-06,0,3.1500000000000004
3,5,98,0,0,0,0,-9.121344590350257e-06,0,0,3.1500000000000004
3,5,99,0,0,1,1,-1.1362897423036009e-05,-7.6370360425571867e-06,0,3.1500000000000004
3,5,100,0,0,0,0,-9.1169520145281936e-06,0,0,3.1500000000000004
3,5,101,0,2,2,2,-9.820390436205903e-05,-1.1352889813488121e-05,0,3.1500000000000004
3,5,102,0,0,0,0,0.00029756341691218558,0,0,3.1500000000000004
3,6,1,0,2,2,2,-0.055166220969119086,-0.018086582940062532,0,3.1500000000000004
3,6,2,0,2,2,2,-0.055450251048949975,0.016425566156728785,0,3.1500000000000004
3,6,3,0,0,0,0,0.020887159897942549,0,0,3.1500000000000004
3,6,4,0,2,2,2,-0.010943051036717187,-0.013188684421894888,0,3.1500000000000004
3,6,5,0,0,0,0,0.013857033676226359,0,0,3.1500000000000004
3,6,6,0,2,2,2,-0.016776451566892787,-0.013221702839211268,0,3.1500000000000004
3,6,7,0,2,2,2,-0.0012602916350471693,-0.00051550095484047547,0,3.1500000000000004
3,6,8,0,2,2,2,-0.0015067441851097161,-0.00050364594645032246,0,3.1500000000000004
3,6,9,0,2,2,2,-0.0022259414566697697,-0.0022950735704227948,0,3.1500000000000004
3,6,10,0,2,0,0,0.0004373510546784175,-0.00084692266038758636,0,3.1500000000000004
3,6,11,0,2,2,2,-0.0014569213995307864,-0.0012624709140331579,0,3.1500000000000004
3,6,12,0,2,2,2,-0.001560812993308857,-0.0014789650463886766,0,3.1500000000000004
3,6,13,0,2,2,2,-0.0012595221076374227,0.00050117176176101203,0,3.1500000000000004
3,6,14,0,2,2,2,-0.0014879334028740547,0.00049220610807570065,0,3.1500000000000004
3,6,15,0,2,2,2,-0.0018895584685180106,0.00030259650653898006,0,3.1500000000000004
3,6,16,0,2,2,2,-0.0019609104102817163,0.00024405434235968637,0,3.1500000000000004
3,6,17,0,2,2,2,-0.0019613591375164797,-0.00024648013641176289,0,3.1500000000000004
3,6,18,0,2,2,2,-0.0018900363192667481,-0.00030516473747393459,0,3.1500000000000004
3,6,19,0,0,0,0,0.02092245790851888,0,0,3.1500000000000004
3,6,20,0,2,2,2,-0.010719649963698126,0.013482713312194687,0,3.1500000000000004
3,6,21,0,2,2,2,-0.0015581655496377553,0.0014542615845076707,0,3.1500000000000004
3,6,22,0,2,2,2,-0.0014691293095263733,0.0012413485378914221,0,3.1500000000000004
3,6,23,0,2,0,0,0.00045246388995461104,0.00084386956046820887,0,3.1500000000000004
3,6,24,0,2,2,2,-0.0022263390141768371,0.0022652601483555586,0,3.1500000000000004
3,6,25,0,2,2,2,-0.016799941751004934,0.013299193062602263,0,3.1500000000000004
3,6,26,0,0,0,0,0.013916557042793406,0,0,3.1500000000000004
3,6,27,0,0,0,0,0.0008149136595111627,0,0,3.1500000000000004
3,6,28,0,2,2,2,-0.0016495014980993684,-0.00082253904075994897,0,3.1500000000000004
3,6,29,0,2,2,2,-0.00250256611120755,-0.0013096782797743637,0,3.1500000000000004
3,6,30,0,2,2,2,-0.0061858154099571541,-0.001398511412645929,0,3.1500000000000004
3,6,31,0,2,1,1,-0.00071475625476113047,-0.0017641016479084592,0,3.1500000000000004
3,6,32,0,2,2,2,-0.0032550743225316764,-0.0017992792884418476,0,3.1500000000000004
3,6,33,0,2,2,2,-0.00060780819282145601,4.9458297184734408e-07,0,3.1500000000000004
3,6,34,0,2,2,2,-0.00049736379651583735,6.5866662587723708e-07,0,3.1500000000000004
3,6,35,0,2,2,2,-0.0017737786944377898,-8.5825501817904192e-05,0,3.1500000000000004
3,6,36,0,2,2,2,-0.0015397024790345414,-0.00011600423470920267,0,3.1500000000000004
3,6,37,0,2,2,2,-0.0017912688212331756,-0.00024924910666642797,0,3.1500000000000004
3,6,38,0,2,2,2,-0.0017192457663610583,-0.00028661734475056216,0,3.1500000000000004
3,6,39,0,0,0,0,0.00080979220337120523,0,0,3.1500000000000004
3,6,40,0,2,2,2,-0.0016525713810063738,0.00082808865256124987,0,3.1500000000000004
3,6,41,0,2,2,2,-0.0017199886289245292,0.0002853117005884146,0,3.1500000000000004
3,6,42,0,2,2,2,-0.0017905949184287926,0.00024808919853636996,0,3.1500000000000004
3,6,43,0,2,2,2,-0.0015421803046401753,0.00011423275525451729,0,3.1500000000000004
3,6,44,0,2,2,2,-0.0017746846037850581,8.424326761533816e-05,0,3.1500000000000004
3,6,45,0,2,2,2,-0.0032568379044028784,0.0018027642018520703,0,3.1500000000000004
3,6,46,0,2,1,1,-0.00071432280938464317,0.0017668391034910305,0,3.1500000000000004
3,6,47,0,2,2,2,-0.0061904037979054654,0.0014022028478056011,0,3.1500000000000004
3,6,48,0,2,2,2,-0.0025043281756972325,0.0013125344438665832,0,3.1500000000000004
3,6,49,0,2,1,1,-0.00049084354477229404,0.0007514930783623613,0,3.1500000000000004
3,6,50,0,0,0,0,0.00060176787518831983,0,0,3.1500000000000004
3,6,51,0,2,2,2,-0.0020407696579938048,0.00031572794720785758,0,3.1500000000000004
3,6,52,0,2,2,2,-0.0011428614123764978,0.00032300109948168852,0,3.1500000000000004
3,6,53,0,2,2,2,-0.00020080414248110275,-5.4522217746112459e-05,0,3.1500000000000004
3,6,54,0,2,2,2,-0.00030346219542349488,-5.9475999579011646e-05,0,3.1500000000000004
3,6,55,0,2,2,2,-0.0010427672009097812,-0.00026090897655628735,0,3.1500000000000004
3,6,56,0,2,2,2,-0.0012931042885328729,-0.00028664572611639128,0,3.1500000000000004
3,6,57,0,2,2,2,-0.0010343170886736915,-0.00027727489096949858,0,3.1500000000000004
3,6,58,0,2,2,2,-0.0011947180260230669,-0.00029011036300950136,0,3.1500000000000004
3,6,59,0,2,2,2,-0.00020107988272888375,5.4671926577901034e-05,0,3.1500000000000004
3,6,60,0,2,2,2,-0.00030353589981683558,5.9703742375656697e-05,0,3.1500000000000004
3,6,61,0,2,2,2,-0.0010956405742397494,3.2649544935610205e-05,0,3.1500000000000004
3,6,62,0,2,2,2,-0.0010938047241916703,2.6185248139834659e-05,0,3.1500000000000004
3,6,63,0,2,2,2,-0.0010942014279394297,-2.6159567258828165e-05,0,3.1500000000000004
3,6,64,0,2,2,2,-0.0010956170091937167,-3.2625106516672368e-05,0,3.1500000000000004
3,6,65,0,2,1,1,-0.00049213980254015819,-0.00075098902454325868,0,3.1500000000000004
3,6,66,0,0,0,0,0.00060178092790357657,0,0,3.1500000000000004
3,6,67,0,2,2,2,-0.001195162645402856,0.00029025942374809663,0,3.1500000000000004
3,6,68,0,2,2,2,-0.001034497511001769,0.0002773733824276492,0,3.1500000000000004
3,6,69,0,2,2,2,-0.0012938572480077749,0.00028678524465988498,0,3.1500000000000004
3,6,70,0,2,2,2,-0.0010431512837028817,0.00026099254545623041,0,3.1500000000000004
3,6,71,0,2,2,2,-0.0011433292717659034,-0.00032288499148107477,0,3.1500000000000004
3,6,72,0,2,2,2,-0.0020415070813942439,-0.00031560157076490988,0,3.1500000000000004
3,6,73,0,0,1,1,-2.9213166770698349e-05,9.4074862387450182e-05,0,3.1500000000000004
3,6,74,0,0,0,0,4.8434600181474619e-05,0,0,3.1500000000000004
3,6,75,0,2,2,2,-0.00051416630244977479,0.00016169977512524894,0,3.1500000000000004
3,6,76,0,2,2,2,-0.00083399091233324221,0.00018410226425677833,0,3.1500000000000004
3,6,77,0,2,2,2,-0.00061590278526561923,4.3885126625745118e-05,0,3.1500000000000004
3,6,78,0,2,2,2,-0.00052636754895855507,6.2842496099322761e-05,0,3.1500000000000004
3,6,79,0,2,2,2,-6.5275081140655014e-05,-2.3264155394636259e-08,0,3.1500000000000004
3,6,80,0,2,2,2,-5.6075704711593104e-05,-1.1651144492643288e-08,0,3.1500000000000004
3,6,81,0,2,2,2,-0.00048150772477962547,-1.1124942652280609e-05,0,3.1500000000000004
3,6,82,0,2,2,2,-0.0004819212685231254,-4.5612137104001769e-06,0,3.1500000000000004
3,6,83,0,2,2,2,-0.00049611257810792703,-2.8005372656987212e-05,0,3.1500000000000004
3,6,84,0,2,2,2,-0.00049772040379848673,-2.1991376641181795e-05,0,3.1500000000000004
3,6,85,0,0,1,1,-2.9278674567225476e-05,-9.4140822500234306e-05,0,3.1500000000000004
3,6,86,0,0,0,0,4.8467621171390782e-05,0,0,3.1500000000000004
3,6,87,0,2,2,2,-0.00049779705967346215,2.2055636924625798e-05,0,3.1500000000000004
3,6,88,0,2,2,2,-0.00049612397750913929,2.8070451437778964e-05,0,3.1500000000000004
3,6,89,0,2,2,2,-0.00048205633007690463,4.6213119919116015e-06,0,3.1500000000000004
3,6,90,0,2,2,2,-0.00048156270619932541,1.1184830322001984e-05,0,3.1500000000000004
3,6,91,0,2,2,2,-0.00052652124271831253,-6.2819855559609686e-05,0,3.1500000000000004
3,6,92,0,2,2,2,-0.00061608103737296018,-4.3858055100756883e-05,0,3.1500000000000004
3,6,93,0,2,2,2,-0.00083421107439072455,-0.00018410835729513705,0,3.1500000000000004
3,6,94,0,2,2,2,-0.00051431989418942233,-0.00016170093407963474,0,3.1500000000000004
3,6,95,0,2,2,2,-9.8855638675879722e-05,1.221002699327358e-05,0,3.1500000000000004
3,6,96,0,0,0,0,0.00029909851610297576,0,0,3.1500000000000004
3,6,97,0,0,1,1,-1.0866424094755264e-05,5.8761818754997437e-06,0,3.1500000000000004
3,6,98,0,0,0,0,-1.0502165823902255e-05,0,0,3.1500000000000004
3,6,99,0,0,1,1,-1.0870797319157443e-05,-5.8976018907737713e-06,0,3.1500000000000004
3,6,100,0,0,0,0,-1.0492732773826762e-05,0,0,3.1500000000000004
3,6,101,0,2,2,2,-9.888041677968966e-05,-1.2178643582048619e-05,0,3.1500000000000004
3,6,102,0,0,0,0,0.00029916117631127563,0,0,3.1500000000000004
4,7,1,0,2,2,2,-0.0632283460877891,-0.026779897612901726,0,3.1500000000000004
4,7,2,0,2,2,2,-0.064125650567238263,0.023569411675874084,0,3.1500000000000004
4,7,3,0,0,0,0,0.032222857125431215,0,0,3.1500000000000004
4,7,4,0,2,2,2,-0.015205172211161758,-0.018564355249429128,0,3.1500000000000004
4,7,5,0,0,0,0,0.022993349243681932,0,0,3.1500000000000004
4,7,6,0,2,2,2,-0.021825015845319928,-0.018485210317281637,0,3.1500000000000004
4,7,7,0,2,2,2,-0.0024387279659986651,-0.00053888962530082335,0,3.1500000000000004
4,7,8,0,2,2,2,-0.0022226176755557273,-0.0005359003589047569,0,3.1500000000000004
4,7,9,0,2,2,1,-0.0010308645412450339,-0.0034994393704510384,0,3.1500000000000004
4,7,10,0,0,0,0,0.0038480179983744092,0,0,3.1500000000000004
4,7,11,0,2,2,1,-0.00079595842098716552,-0.001814607058666901,0,3.1500000000000004
4,7,12,0,2,2,1,-0.00038698778038605101,-0.0021058148848838499,0,3.1500000000000004
4,7,13,0,2,2,2,-0.0024271824202449512,0.00051262108144497522,0,3.1500000000000004
4,7,14,0,2,2,2,-0.0021862141037101192,0.000514882078167467,0,3.1500000000000004
4,7,15,0,2,2,2,-0.0012075638734041949,0.00049816776222618949,0,3.1500000000000004
4,7,16,0,2,2,2,-0.0013319039771726299,0.00040791172299011868,0,3.1500000000000004
4,7,17,0,2,2,2,-0.0013336918236887484,-0.0004136559820989438,0,3.1500000000000004
4,7,18,0,2,2,2,-0.0012096825133487274,-0.00050419019048964105,0,3.1500000000000004
4,7,19,0,0,0,0,0.032104241502196214,0,0,3.1500000000000004
4,7,20,0,2,2,2,-0.014643229099065666,0.019262668329362718,0,3.1500000000000004
4,7,21,0,2,2,1,-0.00039460200343051366,0.0020555088988661522,0,3.1500000000000004
4,7,22,0,2,2,1,-0.00081862489764008065,0.001772350357650753,0,3.1500000000000004
4,7,23,0,0,0,0,0.0038453715974426229,0,0,3.1500000000000004
4,7,24,0,2,2,1,-0.0010441674823631472,0.0034289899910257943,0,3.1500000000000004
4,7,25,0,2,2,2,-0.021895454708389134,0.018730348996572027,0,3.1500000000000004
4,7,26,0,0,0,0,0.023048239059887246,0,0,3.1500000000000004
4,7,27,0,0,0,0,0.001390766232416951,0,0,3.1500000000000004
4,7,28,0,2,2,2,-0.0026373666547758745,-0.0009033411946729582,0,3.1500000000000004
4,7,29,0,2,2,2,-0.0026589162682261976,-0.0023045669881443152,0,3.1500000000000004
4,7,30,0,2,2,2,-0.0081060746117145414,-0.0024552871025907558,0,3.1500000000000004
4,7,31,0,0,1,0,1.3586499838651156e-05,-3.1500000000000002e-13,0,3.1500000000000004
4,7,32,0,2,2,2,-0.003987276768150293,-0.0029911323369636636,0,3.1500000000000004
4,7,33,0,2,2,2,-0.0010024447582409582,2.1983479899345989e-06,0,3.1500000000000004
4,7,34,0,2,2,2,-0.00081026760717888783,2.6406935674257082e-06,0,3.1500000000000004
4,7,35,0,2,2,2,-0.0013934533210379788,-0.00024295955113147119,0,3.1500000000000004
4,7,36,0,2,2,2,-0.00089786045298262255,-0.00030544644636343321,0,3.1500000000000004
4,7,37,0,2,2,2,-0.0014193744369924745,-0.00040582820164103059,0,3.1500000000000004
4,7,38,0,2,2,2,-0.0012922458244625547,-0.00047798268702332935,0,3.1500000000000004
4,7,39,0,0,0,0,0.0013705934888891666,0,0,3.1500000000000004
4,7,40,0,2,2,2,-0.0026461266252404184,0.0009179289298075358,0,3.1500000000000004
4,7,41,0,2,2,2,-0.0012954282193893914,0.0004762670354193267,0,3.1500000000000004
4,7,42,0,2,2,2,-0.0014166666664362083,0.00040440096190367343,0,3.1500000000000004
4,7,43,0,2,2,2,-0.00090754266972624929,0.00030220940471848074,0,3.1500000000000004
4,7,44,0,2,2,2,-0.0013962159910151774,0.00024009680607469188,0,3.1500000000000004
4,7,45,0,2,2,2,-0.00399383472804111,0.0030022709017467697,0,3.1500000000000004
4,7,46,0,0,1,0,9.3456189594458847e-06,3.1500000000000002e-13,0,3.1500000000000004
4,7,47,0,2,2,2,-0.0081173458632075677,0.0024665679556136089,0,3.1500000000000004
4,7,48,0,2,2,2,-0.0026649239182925271,0.0023133211286336264,0,3.1500000000000004
4,7,49,0,0,1,1,-0.00069115855474627288,0.00057434964418762765,0,3.1500000000000004
4,7,50,0,0,0,0,0.00070305538415030581,0,0,3.1500000000000004
4,7,51,0,2,2,2,-0.0026085468344891499,0.00018173391241985373,0,3.1500000000000004
4,7,52,0,2,2,2,-0.0015407923485504516,0.00019431316686967636,0,3.1500000000000004
4,7,53,0,2,2,2,-0.00023504858053485602,-0.00010118363971064158,0,3.1500000000000004
4,7,54,0,2,2,2,-0.00050930111274071909,-0.00011298938963978802,0,3.1500000000000004
4,7,55,0,2,2,2,-0.00093473223209417805,-0.00047312775715450082,0,3.1500000000000004
4,7,56,0,2,2,2,-0.0013338737291265714,-0.00052263426994234063,0,3.1500000000000004
4,7,57,0,2,2,2,-0.00086552401845326106,-0.00048159980512329809,0,3.1500000000000004
4,7,58,0,2,2,2,-0.0012177159182934069,-0.00050970759573696776,0,3.1500000000000004
4,7,59,0,2,2,2,-0.0002362134771422035,0.00010070614963373304,0,3.1500000000000004
4,7,60,0,2,2,2,-0.00050933421572024826,0.0001129427492399734,0,3.1500000000000004
4,7,61,0,2,2,2,-0.0009952545961528364,4.7364450968147722e-05,0,3.1500000000000004
4,7,62,0,2,2,2,-0.00097861111147833535,2.7674336164495776e-05,0,3.1500000000000004
4,7,63,0,2,2,2,-0.00097995201430330905,-2.7078227165747822e-05,0,3.1500000000000004
4,7,64,0,2,2,2,-0.0009950906032567511,-4.6777818957649589e-05,0,3.1500000000000004
4,7,65,0,0,1,1,-0.000693548193665311,-0.00057488895782832074,0,3.1500000000000004
4,7,66,0,0,0,0,0.00070366725893161492,0,0,3.1500000000000004
4,7,67,0,2,2,2,-0.001219678709829233,0.00051046769572060885,0,3.1500000000000004
4,7,68,0,2,2,2,-0.00086701580671505441,0.00048224862149908029,0,3.1500000000000004
4,7,69,0,2,2,2,-0.0013366076338810476,0.00052328230780771413,0,3.1500000000000004
4,7,70,0,2,2,2,-0.00093639786718254447,0.00047364287542080272,0,3.1500000000000004
4,7,71,0,2,2,2,-0.0015421602759092944,-0.00019431758791491009,0,3.1500000000000004
4,7,72,0,2,2,2,-0.0026118730511316733,-0.00018170007369842971,0,3.1500000000000004
4,7,73,0,0,1,1,-3.6657710420640153e-05,0.00013102627128121428,0,3.1500000000000004
4,7,74,0,0,0,0,2.2891469257447077e-06,0,0,3.1500000000000004
4,7,75,0,2,2,2,-0.00059105666355182011,0.00013290354053931025,0,3.1500000000000004
4,7,76,0,2,2,2,-0.0011377243585954067,0.00015851580673981237,0,3.1500000000000004
4,7,77,0,2,2,2,-0.00071047535823290842,-2.6385499103361558e-05,0,3.1500000000000004
4,7,78,0,2,2,2,-0.00063939096657221321,-2.9226554452385271e-06,0,3.1500000000000004
4,7,79,0,2,2,2,-9.4143692832384274e-05,-1.6405119133135005e-07,0,3.1500000000000004
4,7,80,0,2,2,2,-0.00010173135390795972,-1.0664475970429823e-07,0,3.1500000000000004
4,7,81,0,2,2,2,-0.00048860344701161078,-3.166934176202732e-05,0,3.1500000000000004
4,7,82,0,2,2,2,-0.00046472329767680161,-2.8694708260980927e-05,0,3.1500000000000004
4,7,83,0,2,2,2,-0.0004967822975933899,-5.0691773814121144e-05,0,3.1500000000000004
4,7,84,0,2,2,2,-0.00051255312372769162,-4.8385915426973569e-05,0,3.1500000000000004
4,7,85,0,0,1,1,-3.6902871169760855e-05,-0.00013125969019835281,0,3.1500000000000004
4,7,86,0,0,0,0,2.5887442937331891e-06,0,0,3.1500000000000004
4,7,87,0,2,2,2,-0.00051292547834927828,4.872543685687166e-05,0,3.1500000000000004
4,7,88,0,2,2,2,-0.00049688893783477839,5.1039307025117952e-05,0,3.1500000000000004
4,7,89,0,2,2,2,-0.00046533284820174739,2.9017130285945942e-05,0,3.1500000000000004
4,7,90,0,2,2,2,-0.00048884112540904313,3.1993684902307005e-05,0,3.1500000000000004
4,7,91,0,2,2,2,-0.00064001079638320894,2.9246396710398931e-06,0,3.1500000000000004
4,7,92,0,2,2,2,-0.00071132124558847154,2.6408265824727385e-05,0,3.1500000000000004
4,7,93,0,2,2,2,-0.0011385283439554197,-0.0001586240308537898,0,3.1500000000000004
4,7,94,0,2,2,2,-0.000591700583830456,-0.00013298635932480941,0,3.1500000000000004
4,7,95,0,2,2,2,-0.00013582164480664761,4.8344039313998051e-05,0,3.1500000000000004
4,7,96,0,0,0,0,0.00046626080814008244,0,0,3.1500000000000004
4,7,97,0,0,1,1,-1.6716885900972369e-05,7.7368252033910372e-06,0,3.1500000000000004
4,7,98,0,0,0,0,-5.1565110199486003e-05,0,0,3.1500000000000004
4,7,99,0,0,1,1,-1.6732069814864219e-05,-7.846673331015685e-06,0,3.1500000000000004
4,7,100,0,0,0,0,-5.148205197872084e-05,0,0,3.1500000000000004
4,7,101,0,2,2,2,-0.00013592798964032858,-4.82456438033778e-05,0,3.1500000000000004
4,7,102,0,0,0,0,0.00046654159749026815,0,0,3.1500000000000004
4,8,1,0,2,2,2,-0.06320856100647812,-0.026762028349919614,0,3.1500000000000004
4,8,2,0,2,2,2,-0.064107464375187162,0.023552238687476405,0,3.1500000000000004
4,8,3,0,0,0,0,0.032281855155091785,0,0,3.1500000000000004
4,8,4,0,2,2,2,-0.014981756151019961,-0.018713571080489284,0,3.1500000000000004
4,8,5,0,0,0,0,0.022978874281391497,0,0,3.1500000000000004
4,8,6,0,2,2,2,-0.021756255020700419,-0.018630576736064934,0,3.1500000000000004
4,8,7,0,2,2,2,-0.0025220178165122286,-0.0006371017399708828,0,3.1500000000000004
4,8,8,0,2,2,2,-0.0024788831370061029,-0.00063679883666355034,0,3.1500000000000004
4,8,9,0,2,1,1,-0.0011315943087599812,-0.0038960417912431182,0,3.1500000000000004
4,8,10,0,0,0,0,0.0036919504094723343,0,0,3.1500000000000004
4,8,11,0,2,1,1,-0.00068050807756421636,-0.0021972581360409785,0,3.1500000000000004
4,8,12,0,2,1,1,-0.0003604096118633444,-0.0025017296297834123,0,3.1500000000000004
4,8,13,0,2,2,2,-0.002507550174676913,0.00060564759956235339,0,3.1500000000000004
4,8,14,0,2,2,2,-0.0024293484903979588,0.00061101368507667419,0,3.1500000000000004
4,8,15,0,2,2,2,-0.0012496752092518546,0.00039875719488167207,0,3.1500000000000004
4,8,16,0,2,2,2,-0.0013176178350003355,0.00028146130611930026,0,3.1500000000000004
4,8,17,0,2,2,2,-0.0013205768452256008,-0.00029755072079730986,0,3.1500000000000004
4,8,18,0,2,2,2,-0.001248624842270606,-0.00041463210130914668,0,3.1500000000000004
4,8,19,0,0,0,0,0.032158719999545331,0,0,3.1500000000000004
4,8,20,0,2,2,2,-0.014428897839685203,0.019392948447781309,0,3.1500000000000004
4,8,21,0,2,1,1,-0.00036978486603150298,0.0024280363521373182,0,3.1500000000000004
4,8,22,0,2,1,1,-0.00070943191717631976,0.0021316294189722431,0,3.1500000000000004
4,8,23,0,0,0,0,0.0036981550784673041,0,0,3.1500000000000004
4,8,24,0,2,1,1,-0.0011402881694769955,0.0038034143490150939,0,3.1500000000000004
4,8,25,0,2,2,2,-0.02182922959060932,0.018867232166757647,0,3.1500000000000004
4,8,26,0,0,0,0,0.023032540883337407,0,0,3.1500000000000004
4,8,27,0,0,0,0,0.0013911705410909806,0,0,3.1500000000000004
4,8,28,0,2,2,2,-0.0026794123255539188,-0.0010256076623673196,0,3.1500000000000004
4,8,29,0,2,2,2,-0.0026851146663332596,-0.0023165340368086953,0,3.1500000000000004
4,8,30,0,2,2,2,-0.00819399735831715,-0.0024759902414538152,0,3.1500000000000004
4,8,31,0,0,0,0,0.00011465017471306291,-3.1500000000000002e-13,0,3.1500000000000004
4,8,32,0,2,2,2,-0.0039333600594016332,-0.003046872492453358,0,3.1500000000000004
4,8,33,0,2,2,2,-0.00081348096095252794,-1.0216655612683229e-06,0,3.1500000000000004
4,8,34,0,2,2,2,-0.00076054290150718695,-5.6081443225318888e-07,0,3.1500000000000004
4,8,35,0,2,2,2,-0.0014022303291468534,-0.00026307220093008848,0,3.1500000000000004
4,8,36,0,2,2,2,-0.00091927348108944017,-0.00030970174538207194,0,3.1500000000000004
4,8,37,0,2,2,2,-0.0013593623291942333,-0.00037955088588301536,0,3.1500000000000004
4,8,38,0,2,2,2,-0.0012878711072155872,-0.00043809886941138137,0,3.1500000000000004
4,8,39,0,0,0,0,0.0013722184306091847,0,0,3.1500000000000004
4,8,40,0,2,2,2,-0.0026868100651812853,0.0010342110709644463,0,3.1500000000000004
4,8,41,0,2,2,2,-0.001291615167306671,0.00043972209719108052,0,3.1500000000000004
4,8,42,0,2,2,2,-0.0013598944546436497,0.00038095681657346597,0,3.1500000000000004
4,8,43,0,2,2,2,-0.00092672458986355814,0.00031043748605634702,0,3.1500000000000004
4,8,44,0,2,2,2,-0.001405511151288823,0.00026368055572811475,0,3.1500000000000004
4,8,45,0,2,2,2,-0.0039408223634034029,0.0030602027460133107,0,3.1500000000000004
4,8,46,0,0,0,0,0.00010648079316677331,3.1500000000000002e-13,0,3.1500000000000004
4,8,47,0,2,2,2,-0.0082025709993279686,0.0024889569722306524,0,3.1500000000000004
4,8,48,0,2,2,2,-0.0026914481729213031,0.0023277477196108768,0,3.1500000000000004
4,8,49,0,0,1,1,-0.00073475767491832256,0.00049410918622796974,0,3.1500000000000004
4,8,50,0,0,0,0,0.00068095585558903551,0,0,3.1500000000000004
4,8,51,0,2,2,2,-0.0025812571643096631,0.00017349438016541494,0,3.1500000000000004
4,8,52,0,2,2,2,-0.0015414898693139267,0.00018536918758579781,0,3.1500000000000004
4,8,53,0,2,2,2,-0.00017504689238065694,-0.00011434997856061599,0,3.1500000000000004
4,8,54,0,2,2,2,-0.00049856690641301342,-0.00012844120256326952,0,3.1500000000000004
4,8,55,0,2,2,2,-0.00094281921729523195,-0.00045980036653865675,0,3.1500000000000004
4,8,56,0,2,2,2,-0.001384848895565253,-0.00050868240832060898,0,3.1500000000000004
4,8,57,0,2,2,2,-0.00083764993431999365,-0.00047078605500630718,0,3.1500000000000004
4,8,58,0,2,2,2,-0.0012282489546137899,-0.00049832950266237293,0,3.1500000000000004
4,8,59,0,2,2,2,-0.00017608336658513158,0.00011382454093846052,0,3.1500000000000004
4,8,60,0,2,2,2,-0.0004985584854624546,0.00012831209333103854,0,3.1500000000000004
4,8,61,0,2,2,2,-0.00098738472969802922,4.4549407029808685e-05,0,3.1500000000000004
4,8,62,0,2,2,2,-0.00096620144160348845,2.7750121615276064e-05,0,3.1500000000000004
4,8,63,0,2,2,2,-0.00096729800963540934,-2.683909259511618e-05,0,3.1500000000000004
4,8,64,0,2,2,2,-0.00098720769444457686,-4.3647190555194627e-05,0,3.1500000000000004
4,8,65,0,0,1,1,-0.0007368782381205639,-0.00049522837947449415,0,3.1500000000000004
4,8,66,0,0,0,0,0.00068178744390056029,0,0,3.1500000000000004
4,8,67,0,2,2,2,-0.0012299076945462846,0.00049936169124049717,0,3.1500000000000004
4,8,68,0,2,2,2,-0.00083899395378713533,0.00047171210339602926,0,3.1500000000000004
4,8,69,0,2,2,2,-0.0013870175954781697,0.00050965124105336863,0,3.1500000000000004
4,8,70,0,2,2,2,-0.0009441592300218763,0.00046064237636702575,0,3.1500000000000004
4,8,71,0,2,2,2,-0.0015425971701610026,-0.00018528954734474892,0,3.1500000000000004
4,8,72,0,2,2,2,-0.0025845720982646168,-0.00017336013932128878,0,3.1500000000000004
4,8,73,0,0,1,1,-3.8613283721234208e-05,0.00013347072499814242,0,3.1500000000000004
4,8,74,0,0,0,0,4.4185466591230291e-06,0,0,3.1500000000000004
4,8,75,0,2,2,2,-0.00059279679540612544,0.00013363255214436919,0,3.1500000000000004
4,8,76,0,2,2,2,-0.0011402074246058777,0.00015912531410603752,0,3.1500000000000004
4,8,77,0,2,2,2,-0.0007133226972172483,-2.6099816710006328e-05,0,3.1500000000000004
4,8,78,0,2,2,2,-0.00064056464880641499,-2.7761213113058783e-06,0,3.1500000000000004
4,8,79,0,2,2,2,-8.8197855534958018e-05,-1.7741614106644453e-07,0,3.1500000000000004
4,8,80,0,2,2,2,-0.00010457043437895708,-1.2670498760884374e-07,0,3.1500000000000004
4,8,81,0,2,2,2,-0.00048687418677508356,-3.353275278581171e-05,0,3.1500000000000004
4,8,82,0,2,2,2,-0.00046581993462757913,-3.0538790359470828e-05,0,3.1500000000000004
4,8,83,0,2,2,2,-0.00049015430658470773,-5.2110055277870118e-05,0,3.1500000000000004
4,8,84,0,2,2,2,-0.00051060887456640255,-4.9741875429953881e-05,0,3.1500000000000004
4,8,85,0,0,1,1,-3.8803625630822005e-05,-0.00013372572318504493,0,3.1500000000000004
4,8,86,0,0,0,0,4.6924693236272518e-06,0,0,3.1500000000000004
4,8,87,0,2,2,2,-0.00051093864113777162,5.0084328880674603e-05,0,3.1500000000000004
4,8,88,0,2,2,2,-0.00049028124222446462,5.2460082956181403e-05,0,3.1500000000000004
4,8,89,0,2,2,2,-0.00046631872905362613,3.0867079596035845e-05,0,3.1500000000000004
4,8,90,0,2,2,2,-0.00048707678281187454,3.3863183774687563e-05,0,3.1500000000000004
4,8,91,0,2,2,2,-0.00064111085408534983,2.8098428074948618e-06,0,3.1500000000000004
4,8,92,0,2,2,2,-0.0007140873684845098,2.6154123093404326e-05,0,3.1500000000000004
4,8,93,0,2,2,2,-0.0011408987202875323,-0.00015918722722299222,0,3.1500000000000004
4,8,94,0,2,2,2,-0.00059335853888453378,-0.00013366995117296233,0,3.1500000000000004
4,8,95,0,2,2,2,-0.00013640416514430125,4.777779736669703e-05,0,3.1500000000000004
4,8,96,0,0,0,0,0.0004679471865427832,0,0,3.1500000000000004
4,8,97,0,0,1,1,-1.6209511222730429e-05,7.5217839735775095e-06,0,3.1500000000000004
4,8,98,0,0,0,0,-5.2809384447138995e-05,0,0,3.1500000000000004
4,8,99,0,0,1,1,-1.6221538354638534e-05,-7.6241271261681605e-06,0,3.1500000000000004
4,8,100,0,0,0,0,-5.2735110105717122e-05,0,0,3.1500000000000004
4,8,101,0,2,2,2,-0.00013649662846126421,-4.7687504681236031e-05,0,3.1500000000000004
4,8,102,0,0,0,0,0.00046820529673508878,0,0,3.1500000000000004
5,9,1,0,2,2,2,-0.071582282306450945,-0.038027104304881078,0,3.1500000000000004
5,9,2,0,2,2,2,-0.07335254017007195,0.032711022807351255,0,3.1500000000000004
5,9,3,0,0,0,0,0.04767299958433964,0,0,3.1500000000000004
5,9,4,0,2,2,2,-0.019474238329219865,-0.024669671236116016,0,3.1500000000000004
5,9,5,0,0,0,0,0.034003224241088627,0,0,3.1500000000000004
5,9,6,0,2,2,2,-0.028178065354774878,-0.025030976739638538,0,3.1500000000000004
5,9,7,0,2,2,2,-0.0044781185328463874,-0.0006870065111208042,0,3.1500000000000004
5,9,8,0,2,2,2,-0.0036791704065370886,-0.00069892816561745836,0,3.1500000000000004
5,9,9,0,0,1,1,-4.3837831716177613e-05,-0.0022266075565795769,0,3.1500000000000004
5,9,10,0,0,0,0,0.0082895772051635019,0,0,3.1500000000000004
5,9,11,0,0,1,1,-0.00021698110142425429,-0.0011197195284560829,0,3.1500000000000004
5,9,12,0,0,1,0,0.00098534998060213828,-3.1500000000000002e-13,0,3.1500000000000004
5,9,13,0,2,2,2,-0.004438959148260032,0.00064451327888958936,0,3.1500000000000004
5,9,14,0,2,2,2,-0.0035999316700701992,0.00066133731054514387,0,3.1500000000000004
5,9,15,0,2,2,2,-0.00083644079425559189,0.00055517916648387274,0,3.1500000000000004
5,9,16,0,2,2,2,-0.00091409497259498118,0.00036268035970270349,0,3.1500000000000004
5,9,17,0,2,2,2,-0.00092307171216681817,-0.00039971920933096184,0,3.1500000000000004
5,9,18,0,2,2,2,-0.00083628425915431733,-0.00059169212491148101,0,3.1500000000000004
5,9,19,0,0,0,0,0.047250145285066047,0,0,3.1500000000000004
5,9,20,0,2,2,2,-0.018555894998521193,0.025983369666458242,0,3.1500000000000004
5,9,21,0,0,1,0,0.00095235505088354954,3.1500000000000002e-13,0,3.1500000000000004
5,9,22,0,0,1,1,-0.0002615043085189398,0.0010685326415139492,0,3.1500000000000004
5,9,23,0,0,0,0,0.008253454831449774,0,0,3.1500000000000004
5,9,24,0,0,1,1,-6.8758022320203338e-05,0.0021289398547026024,0,3.1500000000000004
5,9,25,0,2,2,2,-0.028357058101316071,0.025589248532788749,0,3.1500000000000004
5,9,26,0,0,0,0,0.034102039241666472,0,0,3.1500000000000004
5,9,27,0,0,0,0,0.002402703970060946,0,0,3.1500000000000004
5,9,28,0,2,2,2,-0.0041254334301748033,-0.0014104316712162633,0,3.1500000000000004
5,9,29,0,2,2,2,-0.0028785854077192159,-0.0036930715154757177,0,3.1500000000000004
5,9,30,0,2,2,2,-0.01106046383503553,-0.0039474488750243786,0,3.1500000000000004
5,9,31,0,0,0,0,0.0013918553325076141,0,0,3.1500000000000004
5,9,32,0,2,2,2,-0.0049332034566328085,-0.0047579151839940281,0,3.1500000000000004
5,9,33,0,2,2,2,-0.001147023895831387,-1.3772429033305663e-07,0,3.1500000000000004
5,9,34,0,2,2,2,-0.0011326893919865666,1.0056642698849784e-06,0,3.1500000000000004
5,9,35,0,2,2,2,-0.00092045477486683456,-0.00047696444110948485,0,3.1500000000000004
5,9,36,0,2,2,1,-3.9183288126962536e-05,-0.00055153805350476894,0,3.1500000000000004
5,9,37,0,2,2,2,-0.00091356431709541195,-0.00056252101692531289,0,3.1500000000000004
5,9,38,0,2,2,2,-0.00082537299840587707,-0.00065272668705009906,0,3.1500000000000004
5,9,39,0,0,0,0,0.0023419069473106097,0,0,3.1500000000000004
5,9,40,0,2,2,2,-0.0041468194378120734,0.001425739102415897,0,3.1500000000000004
5,9,41,0,2,2,2,-0.00083634686795128394,0.00066083310339913647,0,3.1500000000000004
5,9,42,0,2,2,2,-0.00091253812423567585,0.00057010647594186884,0,3.1500000000000004
5,9,43,0,2,2,1,-6.2720424425878932e-05,0.00055683985357128153,0,3.1500000000000004
5,9,44,0,2,2,2,-0.0009287094338991666,0.00048199124814355901,0,3.1500000000000004
5,9,45,0,2,2,2,-0.004956169547297563,0.0047962762517838025,0,3.1500000000000004
5,9,46,0,0,0,0,0.0013601689780800153,0,0,3.1500000000000004
5,9,47,0,2,2,2,-0.011080519588230947,0.0039835946851528789,0,3.1500000000000004
5,9,48,0,2,2,2,-0.002896470636278715,0.0037247330977424266,0,3.1500000000000004
5,9,49,0,0,1,1,-0.0010762478952646478,0.00080288994518605983,0,3.1500000000000004
5,9,50,0,0,0,0,0.00073872261984192858,0,0,3.1500000000000004
5,9,51,0,2,2,2,-0.0033930447144733724,-0.00011865752112006725,0,3.1500000000000004
5,9,52,0,2,2,2,-0.0021682598288249562,-0.00010024385699216627,0,3.1500000000000004
5,9,53,0,2,2,2,-0.00017578602058492898,-9.5076063544597395e-05,0,3.1500000000000004
5,9,54,0,2,2,2,-0.00082771717340682574,-0.00012730734159314307,0,3.1500000000000004
5,9,55,0,2,2,2,-0.00076734651943958024,-0.00077922465866795375,0,3.1500000000000004
5,9,56,0,2,2,2,-0.0014517449888568404,-0.00085973190032189481,0,3.1500000000000004
5,9,57,0,2,2,2,-0.00058545681009626442,-0.00080032979998652311,0,3.1500000000000004
5,9,58,0,2,2,2,-0.0013029258263044078,-0.0008462608595359004,0,3.1500000000000004
5,9,59,0,2,2,2,-0.00017892778531375381,9.2241621704902281e-05,0,3.1500000000000004
5,9,60,0,2,2,2,-0.00082741220679394549,0.00012566232101399622,0,3.1500000000000004
5,9,61,0,2,2,2,-0.00078974541160641595,5.9004373642366484e-05,0,3.1500000000000004
5,9,62,0,2,2,2,-0.00071314797861771174,2.7303254855190987e-05,0,3.1500000000000004
5,9,63,0,2,2,2,-0.00071608211143086046,-2.3212708012472205e-05,0,3.1500000000000004
5,9,64,0,2,2,2,-0.00078895489576986705,-5.4945255510556327e-05,0,3.1500000000000004
5,9,65,0,0,1,1,-0.0010829620157188126,-0.00080682179335125361,0,3.1500000000000004
5,9,66,0,0,0,0,0.00074284964376257251,0,0,3.1500000000000004
5,9,67,0,2,2,2,-0.0013083740432497776,0.00085041084544612198,0,3.1500000000000004
5,9,68,0,2,2,2,-0.0005904679233951402,0.00080418926666629199,0,3.1500000000000004
5,9,69,0,2,2,2,-0.0014581094684494068,0.00086371075558143657,0,3.1500000000000004
5,9,70,0,2,2,2,-0.00077120505104047508,0.00078283575342465573,0,3.1500000000000004
5,9,71,0,2,2,2,-0.0021710322638310558,9.9963936892388274e-05,0,3.1500000000000004
5,9,72,0,2,2,2,-0.0034045588739779254,0.00011849065482907281,0,3.1500000000000004
5,9,73,0,0,1,1,-6.7350030892006235e-05,0.00025012392199944472,0,3.1500000000000004
5,9,74,0,0,0,0,-0.0001022097171399865,0,0,3.1500000000000004
5,9,75,0,2,2,2,-0.00066832241264816266,3.4963513225086599e-05,0,3.1500000000000004
5,9,76,0,2,2,2,-0.0015899636429519593,6.3462962984354432e-05,0,3.1500000000000004
5,9,77,0,2,2,2,-0.0008360299100789244,-0.00018427759798807214,0,3.1500000000000004
5,9,78,0,2,2,2,-0.0007926812270526789,-0.00015472165798761158,0,3.1500000000000004
5,9,79,0,2,2,2,-0.00011395254107925379,-7.9496370730900701e-07,0,3.1500000000000004
5,9,80,0,2,2,2,-0.00021425815658595324,-6.2380052248245943e-07,0,3.1500000000000004
5,9,81,0,2,2,2,-0.00044504347661730942,-7.8657519354696486e-05,0,3.1500000000000004
5,9,82,0,2,2,2,-0.00036953191440209661,-8.2100825543001028e-05,0,3.1500000000000004
5,9,83,0,2,2,2,-0.00041560201068366673,-0.00010639156972278621,0,3.1500000000000004
5,9,84,0,2,2,2,-0.00049007113576824378,-0.00011021990598425606,0,3.1500000000000004
5,9,85,0,0,1,1,-6.7889969788656511e-05,-0.00025139154880344047,0,3.1500000000000004
5,9,86,0,0,0,0,-0.00010088484341351342,0,0,3.1500000000000004
5,9,87,0,2,2,2,-0.00049126244469155735,0.00011166523308516298,0,3.1500000000000004
5,9,88,0,2,2,2,-0.0004162319283971167,0.00010786531083936766,0,3.1500000000000004
5,9,89,0,2,2,2,-0.0003710540534465058,8.3535650572627026e-05,0,3.1500000000000004
5,9,90,0,2,2,2,-0.00044559818540622825,8.009809011164554e-05,0,3.1500000000000004
5,9,91,0,2,2,2,-0.00079451253493645205,0.00015475748496847203,0,3.1500000000000004
5,9,92,0,2,2,2,-0.00083896769121704511,0.00018438710260070505,0,3.1500000000000004
5,9,93,0,2,2,2,-0.0015921543848441235,-6.3730745170136779e-05,0,3.1500000000000004
5,9,94,0,2,2,2,-0.00067022131264297784,-3.5139631353952615e-05,0,3.1500000000000004
5,9,95,0,2,2,2,-0.00018967767383019435,0.00012436655788379926,0,3.1500000000000004
5,9,96,0,0,0,0,0.00075320089245180819,0,0,3.1500000000000004
5,9,97,0,0,1,1,-3.1564758755050839e-05,2.1291383716223539e-05,0,3.1500000000000004
5,9,98,0,0,0,0,-0.00017038500064934327,0,0,3.1500000000000004
5,9,99,0,0,1,1,-3.1569554650877611e-05,-2.1797649974730205e-05,0,3.1500000000000004
5,9,100,0,0,0,0,-0.00017001147778353045,0,0,3.1500000000000004
5,9,101,0,2,2,2,-0.00018998035996638504,-0.00012413774740363569,0,3.1500000000000004
5,9,102,0,0,0,0,0.0007543173385758618,0,0,3.1500000000000004
5,10,1,0,2,2,2,-0.071561010646003315,-0.038022821772194224,0,3.1500000000000004
5,10,2,0,2,2,2,-0.073332862193444925,0.032706149313069449,0,3.1500000000000004
5,10,3,0,0,0,0,0.047762942457732313,0,0,3.1500000000000004
5,10,4,0,2,2,2,-0.019332713440771102,-0.024630157307068759,0,3.1500000000000004
5,10,5,0,0,0,0,0.034014709566610381,0,0,3.1500000000000004
5,10,6,0,2,2,2,-0.028127117180830472,-0.025176168986810295,0,3.1500000000000004
5,10,7,0,2,2,2,-0.004574805649419816,-0.00081235224249045959,0,3.1500000000000004
5,10,8,0,2,2,2,-0.0038479448028014783,-0.00083367462894196986,0,3.1500000000000004
5,10,9,0,0,1,0,3.0327881972006844e-06,-0.0022266075565795769,0,3.1500000000000004
5,10,10,0,0,0,0,0.0083474278550729007,0,0,3.1500000000000004
5,10,11,0,0,1,0,2.7125441779714396e-05,-0.0011197195284560829,0,3.1500000000000004
5,10,12,0,0,0,0,0.0013766809300992668,-3.1500000000000002e-13,0,3.1500000000000004
5,10,13,0,2,2,2,-0.004533990179893534,0.00076702539588224719,0,3.1500000000000004
5,10,14,0,2,2,2,-0.0037673454166361935,0.00079332050233163411,0,3.1500000000000004
5,10,15,0,2,2,2,-0.00092487041862788252,0.00042372233438099139,0,3.1500000000000004
5,10,16,0,2,2,2,-0.00080443648707662551,0.00021542780532258653,0,3.1500000000000004
5,10,17,0,2,2,2,-0.00081685049218408509,-0.00025523774514977609,0,3.1500000000000004
5,10,18,0,2,2,2,-0.00092208638212060395,-0.00046318211328087451,0,3.1500000000000004
5,10,19,0,0,0,0,0.04733767678800338,0,0,3.1500000000000004
5,10,20,0,2,2,2,-0.018417128281873314,0.025937680128424866,0,3.1500000000000004
5,10,21,0,0,0,0,0.0013306320487874931,3.1500000000000002e-13,0,3.1500000000000004
5,10,22,0,0,1,1,-2.3750601240506825e-05,0.001380515153279375,0,3.1500000000000004
5,10,23,0,0,0,0,0.0083070986295552783,0,0,3.1500000000000004
5,10,24,0,0,1,1,-2.4425751392560379e-05,0.0024384790933209598,0,3.1500000000000004
5,10,25,0,2,2,2,-0.028307827890031799,0.02573148185045699,0,3.1500000000000004
5,10,26,0,0,0,0,0.034110673182696033,0,0,3.1500000000000004
5,10,27,0,0,0,0,0.0023940628515268006,0,0,3.1500000000000004
5,10,28,0,2,2,2,-0.0040197790919900339,-0.0017386935307382775,0,3.1500000000000004
5,10,29,0,2,2,2,-0.0029298138632270813,-0.0036738007352855955,0,3.1500000000000004
5,10,30,0,2,2,2,-0.011129410880409463,-0.0039395347860366001,0,3.1500000000000004
5,10,31,0,0,0,0,0.0015031550610083808,0,0,3.1500000000000004
5,10,32,0,2,2,2,-0.0048521465036041583,-0.0047510134017091045,0,3.1500000000000004
5,10,33,0,2,2,2,-0.00088705401672121097,-2.9253079446027344e-06,0,3.1500000000000004
5,10,34,0,2,2,2,-0.00125410455342967,-1.8120524927022145e-06,0,3.1500000000000004
5,10,35,0,2,2,2,-0.00097266163638603869,-0.00056802347178447408,0,3.1500000000000004
5,10,36,0,2,1,1,-0.00025587998059281537,-0.00063711555534081516,0,3.1500000000000004
5,10,37,0,2,2,2,-0.00079009720984752154,-0.0006249192606335392,0,3.1500000000000004
5,10,38,0,2,2,2,-0.00089972308409792822,-0.0007071959470770087,0,3.1500000000000004
5,10,39,0,0,0,0,0.0023338916530629495,0,0,3.1500000000000004
5,10,40,0,2,2,2,-0.0040440040632904193,0.0017431976177187042,0,3.1500000000000004
5,10,41,0,2,2,2,-0.00090822736797007309,0.00071176888779668458,0,3.1500000000000004
5,10,42,0,2,2,2,-0.00079203242473378766,0.00062913273111151195,0,3.1500000000000004
5,10,43,0,2,1,1,-0.00027121020413006531,0.00063774531670220396,0,3.1500000000000004
5,10,44,0,2,2,2,-0.00097883327069727094,0.00056861803914187378,0,3.1500000000000004
5,10,45,0,2,2,2,-0.0048758385963793473,0.004788571454850319,0,3.1500000000000004
5,10,46,0,0,0,0,0.0014696107484004136,0,0,3.1500000000000004
5,10,47,0,2,2,2,-0.011148728547614582,0.0039757960309019739,0,3.1500000000000004
5,10,48,0,2,2,2,-0.0029483767922533384,0.0037057331994015973,0,3.1500000000000004
5,10,49,0,0,1,1,-0.0010881104227068274,0.00067055543879138548,0,3.1500000000000004
5,10,50,0,0,0,0,0.00071742790780445008,0,0,3.1500000000000004
5,10,51,0,2,2,2,-0.0033391641283579652,-0.00013153224780520652,0,3.1500000000000004
5,10,52,0,2,2,2,-0.0021652116944168008,-0.00011362493291849652,0,3.1500000000000004
5,10,53,0,2,2,2,-0.00013917082713489027,-7.2969281644480997e-05,0,3.1500000000000004
5,10,54,0,2,2,2,-0.00082670398511676207,-0.00011168555958778943,0,3.1500000000000004
5,10,55,0,2,2,2,-0.00080063177888949316,-0.00077313191327041115,0,3.1500000000000004
5,10,56,0,2,2,2,-0.0015232883635034346,-0.00085111734668225905,0,3.1500000000000004
5,10,57,0,2,2,2,-0.00058957619792057931,-0.00080255038774629044,0,3.1500000000000004
5,10,58,0,2,2,2,-0.0013322182095308352,-0.00084603206339513531,0,3.1500000000000004
5,10,59,0,2,2,2,-0.00014320810578943293,7.0524888241875564e-05,0,3.1500000000000004
5,10,60,0,2,2,2,-0.00082757480310009313,0.00011034279302410426,0,3.1500000000000004
5,10,61,0,2,2,2,-0.00078632602483022019,5.5411404850004847e-05,0,3.1500000000000004
5,10,62,0,2,2,2,-0.00070165966387355843,2.4073386595575408e-05,0,3.1500000000000004
5,10,63,0,2,2,2,-0.00070416786969699043,-2.0449319938270606e-05,0,3.1500000000000004
5,10,64,0,2,2,2,-0.00078558344499124325,-5.1805088443613289e-05,0,3.1500000000000004
5,10,65,0,0,1,1,-0.0010937498216968579,-0.00067454031017188595,0,3.1500000000000004
5,10,66,0,0,0,0,0.00072214061151552259,0,0,3.1500000000000004
5,10,67,0,2,2,2,-0.0013371761717506118,0.00085094247944449792,0,3.1500000000000004
5,10,68,0,2,2,2,-0.0005938775633036698,0.00080711549883288403,0,3.1500000000000004
5,10,69,0,2,2,2,-0.0015291767405893541,0.00085593309888851155,0,3.1500000000000004
5,10,70,0,2,2,2,-0.00080396386821183173,0.00077751317999695188,0,3.1500000000000004
5,10,71,0,2,2,2,-0.0021678300975654079,0.00011358148232372775,0,3.1500000000000004
5,10,72,0,2,2,2,-0.0033501825867404923,0.00013161735094071897,0,3.1500000000000004
5,10,73,0,0,1,1,-7.3219706324524088e-05,0.00024612710788471457,0,3.1500000000000004
5,10,74,0,0,0,0,-9.609469651668762e-05,0,0,3.1500000000000004
5,10,75,0,2,2,2,-0.00067091422285252484,3.7024150969759185e-05,0,3.1500000000000004
5,10,76,0,2,2,2,-0.0015889888173019049,6.537688420815566e-05,0,3.1500000000000004
5,10,77,0,2,2,2,-0.00084270363990336964,-0.00018240945306106018,0,3.1500000000000004
5,10,78,0,2,2,2,-0.00079304884880126167,-0.00015309334800678315,0,3.1500000000000004
5,10,79,0,2,2,2,-0.0001072193367037663,-7.4764850223441501e-07,0,3.1500000000000004
5,10,80,0,2,2,2,-0.00022227942474105356,-5.9477648851738938e-07,0,3.1500000000000004
5,10,81,0,2,2,2,-0.00044880555324963082,-8.2837454593939118e-05,0,3.1500000000000004
5,10,82,0,2,2,2,-0.00038010617854620371,-8.6348915524987941e-05,0,3.1500000000000004
5,10,83,0,2,2,2,-0.00040965959172871278,-0.00011042801791423079,0,3.1500000000000004
5,10,84,0,2,2,2,-0.00049246735719311429,-0.00011422028922366073,0,3.1500000000000004
5,10,85,0,0,1,1,-7.3749990479724431e-05,-0.00024743092363954113,0,3.1500000000000004
5,10,86,0,0,0,0,-9.4903347753842943e-05,0,0,3.1500000000000004
5,10,87,0,2,2,2,-0.00049356489397503196,0.00011562726690471701,0,3.1500000000000004
5,10,88,0,2,2,2,-0.00041026132551151789,0.00011185017171593486,0,3.1500000000000004
5,10,89,0,2,2,2,-0.00038142796103465392,8.7758925105384532e-05,0,3.1500000000000004
5,10,90,0,2,2,2,-0.00044927853694593184,8.4242055399583329e-05,0,3.1500000000000004
5,10,91,0,2,2,2,-0.00079476889480603336,0.00015323714858710345,0,3.1500000000000004
5,10,92,0,2,2,2,-0.0008454803447121113,0.00018262766937611713,0,3.1500000000000004
5,10,93,0,2,2,2,-0.0015910269007746586,-6.5517233688304726e-05,0,3.1500000000000004
5,10,94,0,2,2,2,-0.00067267500760425085,-3.7074649629987815e-05,0,3.1500000000000004
5,10,95,0,2,2,2,-0.00019010986158901741,0.00012214324778345731,0,3.1500000000000004
5,10,96,0,0,0,0,0.00075533865360548217,0,0,3.1500000000000004
5,10,97,0,0,1,1,-3.1385375262332681e-05,1.9925399087625854e-05,0,3.1500000000000004
5,10,98,0,0,0,0,-0.00017163727222017182,0,0,3.1500000000000004
5,10,99,0,0,1,1,-3.1387790765789596e-05,-2.0419619732278118e-05,0,3.1500000000000004
5,10,100,0,0,0,0,-0.00017131029496422162,0,0,3.1500000000000004
5,10,101,0,2,2,2,-0.00019039370929548172,-0.00012194069580078742,0,3.1500000000000004
5,10,102,0,0,0,0,0.00075641155867292738,0,0,3.1500000000000004
5,11,1,0,2,2,2,-0.071559601193173894,-0.038020094015204786,0,3.1500000000000004
5,11,2,0,2,2,2,-0.073331590045411732,0.032703584360635606,0,3.1500000000000004
5,11,3,0,0,0,0,0.04776075847276634,0,0,3.1500000000000004
5,11,4,0,2,2,2,-0.019309910500638183,-0.02465059101386818,0,3.1500000000000004
5,11,5,0,0,0,0,0.034013799294523445,0,0,3.1500000000000004
5,11,6,0,2,2,2,-0.028127992386648495,-0.025185153853281871,0,3.1500000000000004
5,11,7,0,2,2,2,-0.0045806221138163898,-0.00083547033353106501,0,3.1500000000000004
5,11,8,0,2,2,2,-0.0038799375221548913,-0.00085800232445558487,0,3.1500000000000004
5,11,9,0,0,0,0,5.8440030853881397e-06,-0.0022266075565795769,0,3.1500000000000004
5,11,10,0,0,0,0,0.0083270942870355431,0,0,3.1500000000000004
5,11,11,0,0,0,0,5.8229783439904992e-05,-0.0011197195284560829,0,3.1500000000000004
5,11,12,0,0,0,0,0.0013871837940561055,-3.1500000000000002e-13,0,3.1500000000000004
5,11,13,0,2,2,2,-0.0045455023364900232,0.00077705280325086684,0,3.1500000000000004
5,11,14,0,2,2,2,-0.0037967033507350107,0.00080429953133779545,0,3.1500000000000004
5,11,15,0,2,2,2,-0.00092200889830061953,0.00040423018172412132,0,3.1500000000000004
5,11,16,0,2,2,2,-0.00079771957461474859,0.00019097267563352008,0,3.1500000000000004
5,11,17,0,2,2,2,-0.0008146688068156031,-0.00022884484286445975,0,3.1500000000000004
5,11,18,0,2,2,2,-0.00092265792431249971,-0.00044157618601130933,0,3.1500000000000004
5,11,19,0,0,0,0,0.04734162775123564,0,0,3.1500000000000004
5,11,20,0,2,2,2,-0.018395216122432743,0.025954130531960141,0,3.1500000000000004
5,11,21,0,0,0,0,0.0013316657219423493,3.1500000000000002e-13,0,3.1500000000000004
5,11,22,0,0,1,1,-1.0593123905554042e-05,0.0014362594494820241,0,3.1500000000000004
5,11,23,0,0,0,0,0.0082891291853728361,0,0,3.1500000000000004
5,11,24,0,0,1,1,-2.78926119975612e-05,0.0024742315624980784,0,3.1500000000000004
5,11,25,0,2,2,2,-0.02830858180531769,0.025740399101069854,0,3.1500000000000004
5,11,26,0,0,0,0,0.034109491510015966,0,0,3.1500000000000004
5,11,27,0,0,0,0,0.002373305109555462,0,0,3.1500000000000004
5,11,28,0,2,2,2,-0.0040379649859090001,-0.0017449983486700941,0,3.1500000000000004
5,11,29,0,2,2,2,-0.0029308131472306504,-0.0036673077786363714,0,3.1500000000000004
5,11,30,0,2,2,2,-0.011130915627420773,-0.0039341859242764416,0,3.1500000000000004
5,11,31,0,0,0,0,0.0015050473042678533,0,0,3.1500000000000004
5,11,32,0,2,2,2,-0.0048570927264923519,-0.0047306643250232018,0,3.1500000000000004
5,11,33,0,2,2,2,-0.00084595621721930356,5.0364610638652855e-07,0,3.1500000000000004
5,11,34,0,2,2,2,-0.0012209330588152701,1.1857560842042231e-06,0,3.1500000000000004
5,11,35,0,2,2,2,-0.00096778515234136183,-0.00053285690713867186,0,3.1500000000000004
5,11,36,0,2,1,1,-0.00026037767355715699,-0.00059792117190571466,0,3.1500000000000004
5,11,37,0,2,2,2,-0.00078827492968752981,-0.00060879162890087432,0,3.1500000000000004
5,11,38,0,2,2,2,-0.00090084225987449281,-0.00068675175588640716,0,3.1500000000000004
5,11,39,0,0,0,0,0.0023125363019095161,0,0,3.1500000000000004
5,11,40,0,2,2,2,-0.0040625834880237289,0.0017468360324870949,0,3.1500000000000004
5,11,41,0,2,2,2,-0.00090710198766278337,0.00069058526099083557,0,3.1500000000000004
5,11,42,0,2,2,2,-0.00078721584540292601,0.00061208925791541202,0,3.1500000000000004
5,11,43,0,2,1,1,-0.00027329262900953712,0.00059887529547739745,0,3.1500000000000004
5,11,44,0,2,2,2,-0.0009721292680483426,0.00053361971477928843,0,3.1500000000000004
5,11,45,0,2,2,2,-0.0048807316414363139,0.0047689525190966258,0,3.1500000000000004
5,11,46,0,0,0,0,0.0014711850585563116,0,0,3.1500000000000004
5,11,47,0,2,2,2,-0.011150235913978204,0.0039704796633874516,0,3.1500000000000004
5,11,48,0,2,2,2,-0.002949191831431856,0.0036992741268637936,0,3.1500000000000004
5,11,49,0,0,1,1,-0.0010742825542925942,0.00067455415302439855,0,3.1500000000000004
5,11,50,0,0,0,0,0.00072297305340676839,0,0,3.1500000000000004
5,11,51,0,2,2,2,-0.0033388254298454328,-0.0001323771153595436,0,3.1500000000000004
5,11,52,0,2,2,2,-0.0021654837424042576,-0.00011428422175979426,0,3.1500000000000004
5,11,53,0,2,2,2,-0.00015389179428397582,-6.6972679406556359e-05,0,3.1500000000000004
5,11,54,0,2,2,2,-0.00083292392890865427,-0.00010595372487468384,0,3.1500000000000004
5,11,55,0,2,2,2,-0.00080204625368170612,-0.00077929796748250403,0,3.1500000000000004
5,11,56,0,2,2,2,-0.0015188787374566621,-0.00085751126892780812,0,3.1500000000000004
5,11,57,0,2,2,2,-0.00059532510358920369,-0.00080894607772142788,0,3.1500000000000004
5,11,58,0,2,2,2,-0.0013318322287807227,-0.00085258202124967666,0,3.1500000000000004
5,11,59,0,2,2,2,-0.00015701874517066211,6.4942365700967273e-05,0,3.1500000000000004
5,11,60,0,2,2,2,-0.00083415025005501194,0.00010496101917107872,0,3.1500000000000004
5,11,61,0,2,2,2,-0.00078600656601032911,5.5664574807391098e-05,0,3.1500000000000004
5,11,62,0,2,2,2,-0.00070167451310876056,2.390043267117075e-05,0,3.1500000000000004
5,11,63,0,2,2,2,-0.00070361124435584441,-2.0833321791233913e-05,0,3.1500000000000004
5,11,64,0,2,2,2,-0.00078539488526372444,-5.260751900822269e-05,0,3.1500000000000004
5,11,65,0,0,1,1,-0.0010806182775789991,-0.00067866743780712452,0,3.1500000000000004
5,11,66,0,0,0,0,0.00072758641054328471,0,0,3.1500000000000004
5,11,67,0,2,2,2,-0.0013365027629382235,0.00085730250411809785,0,3.1500000000000004
5,11,68,0,2,2,2,-0.00059870302883511899,0.00081330674021016234,0,3.1500000000000004
5,11,69,0,2,2,2,-0.0015248111883102698,0.00086219138671355311,0,3.1500000000000004
5,11,70,0,2,2,2,-0.00080497635880303806,0.00078352244147719718,0,3.1500000000000004
5,11,71,0,2,2,2,-0.0021680923179873295,0.00011421499154510835,0,3.1500000000000004
5,11,72,0,2,2,2,-0.0033499484048610099,0.00013242573978491473,0,3.1500000000000004
5,11,73,0,0,1,1,-7.3601180778387366e-05,0.00024432681629219427,0,3.1500000000000004
5,11,74,0,0,0,0,-9.6170426738801179e-05,0,0,3.1500000000000004
5,11,75,0,2,2,2,-0.00067046308674106186,3.6449042458195369e-05,0,3.1500000000000004
5,11,76,0,2,2,2,-0.0015882037874824038,6.4813172109592993e-05,0,3.1500000000000004
5,11,77,0,2,2,2,-0.00084207083315299602,-0.00018282897269451093,0,3.1500000000000004
5,11,78,0,2,2,2,-0.0007926445081476519,-0.00015349593673068918,0,3.1500000000000004
5,11,79,0,2,2,2,-0.0001082749762537487,-6.1677886195919985e-07,0,3.1500000000000004
5,11,80,0,2,2,2,-0.00022309791892980661,-4.8540565952393978e-07,0,3.1500000000000004
5,11,81,0,2,2,2,-0.0004492713222156372,-8.3111447197929537e-05,0,3.1500000000000004
5,11,82,0,2,2,2,-0.00038111036106211536,-8.6692558099317252e-05,0,3.1500000000000004
5,11,83,0,2,2,2,-0.00041026427351560521,-0.00011089432945758597,0,3.1500000000000004
5,11,84,0,2,2,2,-0.00049309288621156256,-0.0001147452568102231,0,3.1500000000000004
5,11,85,0,0,1,1,-7.4098545486695291e-05,-0.00024574517890600499,0,3.1500000000000004
5,11,86,0,0,0,0,-9.5113491733553543e-05,0,0,3.1500000000000004
5,11,87,0,2,2,2,-0.00049407389820512414,0.00011604513338632502,0,3.1500000000000004
5,11,88,0,2,2,2,-0.000410756629999756,0.0001122023630194284,0,3.1500000000000004
5,11,89,0,2,2,2,-0.00038224829522472012,8.8013017673223954e-05,0,3.1500000000000004
5,11,90,0,2,2,2,-0.00044966994966160823,8.4421449166917632e-05,0,3.1500000000000004
5,11,91,0,2,2,2,-0.00079435709134567439,0.0001536838701648045,0,3.1500000000000004
5,11,92,0,2,2,2,-0.00084475994901695741,0.00018309206536475513,0,3.1500000000000004
5,11,93,0,2,2,2,-0.0015903144085363092,-6.4921749522689896e-05,0,3.1500000000000004
5,11,94,0,2,2,2,-0.00067219413045349619,-3.6469148011951131e-05,0,3.1500000000000004
5,11,95,0,2,2,2,-0.00018993734645342494,0.00012219000026842574,0,3.1500000000000004
5,11,96,0,0,0,0,0.0007549725285444502,0,0,3.1500000000000004
5,11,97,0,0,1,1,-3.1636354967943894e-05,2.0085155671762493e-05,0,3.1500000000000004
5,11,98,0,0,0,0,-0.00017138028270231298,0,0,3.1500000000000004
5,11,99,0,0,1,1,-3.1626267163827653e-05,-2.0537208377407685e-05,0,3.1500000000000004
5,11,100,0,0,0,0,-0.00017113636435547012,0,0,3.1500000000000004
5,11,101,0,2,2,2,-0.00019023495558775799,-0.00012200988365774491,0,3.1500000000000004
5,11,102,0,0,0,0,0.00075605393062123352,0,0,3.1500000000000004
6,12,1,1,2,3,1,-0.013073419625621144,-0.038020094015204786,0,3.1500000000000004
6,12,2,0,2,2,2,-0.0044982157353846497,-0.0017926746355299734,0,3.1500000000000004
6,12,3,0,2,2,2,-0.0053686194978476388,-0.0017559168494887616,0,3.1500000000000004
6,12,4,0,0,0,0,0.0013186896656254409,-0.02465059101386818,0,3.1500000000000004
6,12,5,0,0,0,0,0.0046263302806867556,0,0,3.1500000000000004
6,12,6,0,0,0,0,0.0014874488369615159,-0.025185153853281871,0,3.1500000000000004
6,12,7,0,0,0,0,0.0012074889180832904,-0.00083547033353106501,0,3.1500000000000004
6,12,8,0,2,2,2,-0.0045048338536873645,0.0014112997556561891,0,3.1500000000000004
6,12,9,0,2,2,2,-0.0052212804935709446,0.0013623688351774481,0,3.1500000000000004
6,12,10,0,2,2,2,-0.00056142212016970405,0.00029814977090144153,0,3.1500000000000004
6,12,11,0,2,2,2,-0.00026945561466390131,-8.603698614876844e-06,0,3.1500000000000004
6,12,12,0,2,2,2,-0.00043488897255724359,-5.0349575400627063e-05,0,3.1500000000000004
6,12,13,0,2,2,2,-0.00061256894114314082,-0.00035320286459082753,0,3.1500000000000004
6,12,14,1,2,1,1,-0.014210672315597021,0.00080429953133779545,0,3.1500000000000004
6,12,15,0,0,0,0,0.00067048821321634964,0.00040423018172412132,0,3.1500000000000004
6,12,16,0,0,1,0,0.00092663736230265837,3.1500000000000002e-13,0,3.1500000000000004
6,12,17,0,0,0,0,0.0041545982983060385,-0.00022884484286445975,0,3.1500000000000004
6,12,18,0,0,1,0,0.00065157164510710932,3.1500000000000002e-13,0,3.1500000000000004
6,12,19,0,0,0,0,0.0014028584157867671,0,0,3.1500000000000004
6,12,20,0,2,2,2,-0.0021481830696993076,2.0729050305107232e-05,0,3.1500000000000004
6,12,21,0,2,2,2,-0.0015744499618725093,-0.0017944005030231,0,3.1500000000000004
6,12,22,0,2,2,2,-0.0059868665464923049,-0.0018325219337281609,0,3.1500000000000004
6,12,23,0,0,0,0,-0.00010191280388885285,0,0,3.1500000000000004
6,12,24,0,2,2,2,-0.0031151874401092279,-0.0026611516091302073,0,3.1500000000000004
6,12,25,0,2,2,2,-0.00065143279958298714,5.1010653670841028e-05,0,3.1500000000000004
6,12,26,0,2,2,2,-0.0011664925702930384,4.2610460321162027e-05,0,3.1500000000000004
6,12,27,0,2,2,2,-0.00068714205746865469,-0.00049584729202216567,0,3.1500000000000004
6,12,28,0,0,1,2,-8.1779131660596898e-05,6.0455393839932905e-05,0,3.1500000000000004
6,12,29,0,2,2,2,-0.0004758924344853405,-0.00058959548993707566,0,3.1500000000000004
6,12,30,0,2,2,2,-0.00071341007791802657,-0.00062844732150725536,0,3.1500000000000004
6,12,31,0,0,0,0,0.0014740987799704919,0,0,3.1500000000000004
6,12,32,0,2,2,2,-0.0022394169601157631,0.00011405848944792598,0,3.1500000000000004
6,12,33,0,2,2,2,-0.00066620039117199035,0.00061971704308356318,0,3.1500000000000004
6,12,34,0,2,2,2,-0.00043358706658810524,0.00057688021574811067,0,3.1500000000000004
6,12,35,0,0,1,2,-1.5295512726809545e-05,-6.6839362201574561e-05,0,3.1500000000000004
6,12,36,0,2,2,2,-0.0006376647809432425,0.00048776881161716548,0,3.1500000000000004
6,12,37,0,2,2,2,-0.0030726641008096433,0.0027448243943048729,0,3.1500000000000004
6,12,38,0,0,0,0,9.7451466423603868e-05,-0.00068675175588640716,0,3.1500000000000004
6,12,39,0,2,2,2,-0.006075001110595139,0.0019179881241941964,0,3.1500000000000004
6,12,40,0,2,2,2,-0.0015128292721698017,0.0018756723725731007,0,3.1500000000000004
6,12,41,0,0,1,2,-0.00087013204133979392,-0.00038195840514649562,0,3.1500000000000004
6,12,42,0,0,0,0,0.00045588139921660817,0.00061208925791541202,0,3.1500000000000004
6,12,43,0,2,2,2,-0.0027663857419194687,-0.00035435303173407252,0,3.1500000000000004
6,12,44,0,2,2,2,-0.0020569234695821015,-0.00035742866249994414,0,3.1500000000000004
6,12,45,0,2,2,2,-0.00013259208828181356,2.6234862291762997e-05,0,3.1500000000000004
6,12,46,0,2,2,2,-0.00086602413444344765,-7.0336256749321103e-06,0,3.1500000000000004
6,12,47,0,2,2,2,-0.00058561079103870142,-0.00074969657900540298,0,3.1500000000000004
6,12,48,0,2,2,2,-0.0012784000914033442,-0.00081112639008493561,0,3.1500000000000004
6,12,49,0,2,2,1,-0.00049854778539238655,-0.00084383496347310112,0,3.1500000000000004
6,12,50,0,2,2,2,-0.001223329403018674,-0.00087162166804347898,0,3.1500000000000004
6,12,51,0,2,2,2,-0.00013192862441838266,-2.8602175145897577e-05,0,3.1500000000000004
6,12,52,0,2,2,2,-0.00087468068805756543,3.2753683482272301e-06,0,3.1500000000000004
6,12,53,0,2,2,2,-0.00062497475074120242,5.3632357127223516e-05,0,3.1500000000000004
6,12,54,0,2,2,2,-0.00050610931223522414,2.2158672857354174e-05,0,3.1500000000000004
6,12,55,0,2,2,2,-0.00049430641369365346,-2.6739894252191481e-05,0,3.1500000000000004
6,12,56,0,2,2,2,-0.00062549493849614168,-5.805470794050425e-05,0,3.1500000000000004
6,12,57,0,0,1,2,-0.00087294545573329656,0.00036827983338910859,0,3.1500000000000004
6,12,58,0,0,0,0,0.00044904395736425497,-0.00085258202124967666,0,3.1500000000000004
6,12,59,0,2,2,2,-0.0012157270966084927,0.00087692884213718986,0,3.1500000000000004
6,12,60,0,2,2,1,-0.00049114564997031749,0.00084792653850804874,0,3.1500000000000004
6,12,61,0,2,2,2,-0.0012654395857959249,0.00081751927294273607,0,3.1500000000000004
6,12,62,0,2,2,2,-0.00057526680265468345,0.00075483066353919902,0,3.1500000000000004
6,12,63,0,2,2,2,-0.0020625066520783765,0.00037002905244193742,0,3.1500000000000004
6,12,64,0,2,2,2,-0.0027698017481810108,0.00036756932645187762,0,3.1500000000000004
6,12,65,0,0,1,1,-0.00012240686158406308,0.00010786118106145582,0,3.1500000000000004
6,12,66,0,0,0,0,-0.0001572187230814531,0,0,3.1500000000000004
6,12,67,0,2,2,2,-0.00058974258304964403,-2.9761918399820252e-05,0,3.1500000000000004
6,12,68,0,2,2,2,-0.0017238511032780625,-7.5328995132192898e-06,0,3.1500000000000004
6,12,69,0,2,2,2,-0.00085192917257573644,-0.00026660444715313503,0,3.1500000000000004
6,12,70,0,2,2,2,-0.00076646668806668202,-0.00024108649568684371,0,3.1500000000000004
6,12,71,0,2,2,2,-0.00011168858684441161,5.09072240240972e-07,0,3.1500000000000004
6,12,72,0,2,2,2,-0.00030095180381539861,2.1465851463834108e-07,0,3.1500000000000004
6,12,73,0,2,2,2,-0.00039679983911016599,-0.00010266915182909338,0,3.1500000000000004
6,12,74,0,2,2,2,-0.00028056549148640771,-0.00010944639285500121,0,3.1500000000000004
6,12,75,0,2,2,2,-0.00033766713698580859,-0.00015053183327440247,0,3.1500000000000004
6,12,76,0,2,2,2,-0.00046316531689904219,-0.00015727233139155327,0,3.1500000000000004
6,12,77,0,0,1,1,-0.00012258217097045062,-0.00010885963244637452,0,3.1500000000000004
6,12,78,0,0,0,0,-0.00015926779257856134,-0.00015349593673068918,0,3.1500000000000004
6,12,79,0,2,2,2,-0.00046206081130510527,0.0001573081318126886,0,3.1500000000000004
6,12,80,0,2,2,2,-0.00033747814335630295,0.0001504175125892431,0,3.1500000000000004
6,12,81,0,2,2,2,-0.00027740029669619443,0.00010970728238272374,0,3.1500000000000004
6,12,82,0,2,2,2,-0.00039536452043087574,0.00010281200188140811,0,3.1500000000000004
6,12,83,0,2,2,2,-0.0007665447052428901,0.00024345416494012372,0,3.1500000000000004
6,12,84,0,2,2,2,-0.00085132450970980462,0.00026891409544394803,0,3.1500000000000004
6,12,85,0,2,2,2,-0.0017255437190641944,9.8643799579555599e-06,0,3.1500000000000004
6,12,86,0,2,2,2,-0.00058920821885315318,3.1986315793562851e-05,0,3.1500000000000004
6,12,87,0,2,2,2,-0.00021131509521665642,0.00017673949749751121,0,3.1500000000000004
6,12,88,0,0,0,0,0.00098539273237108638,0.0001122023630194284,0,3.1500000000000004
6,12,89,0,0,1,1,-5.4610781004149815e-05,2.2536801544102063e-05,0,3.1500000000000004
6,12,90,0,0,0,0,-0.00028289939577691924,8.4421449166917632e-05,0,3.1500000000000004
6,12,91,0,0,1,1,-5.4503758970934253e-05,-2.2282106097473879e-05,0,3.1500000000000004
6,12,92,0,0,0,0,-0.00028351423447815766,0.00018309206536475513,0,3.1500000000000004
6,12,93,0,2,2,2,-0.0002116565063758191,-0.00017710337964574696,0,3.1500000000000004
6,12,94,0,0,0,0,0.00098676564026778791,-3.6469148011951131e-05,0,3.1500000000000004
6,13,1,1,2,1,1,-0.013650288141273568,-0.038020094015204786,0,3.1500000000000004
6,13,2,0,2,2,2,-0.0044115951907866364,-0.0017499984118745631,0,3.1500000000000004
6,13,3,0,2,2,2,-0.00529854726948899,-0.0017141103030261717,0,3.1500000000000004
6,13,4,0,0,0,0,0.001158278661039474,-0.02465059101386818,0,3.1500000000000004
6,13,5,0,0,0,0,0.0043973525048411118,0,0,3.1500000000000004
6,13,6,0,0,0,0,0.0014243341151081704,-0.025185153853281871,0,3.1500000000000004
6,13,7,0,0,0,0,0.0010537288069692086,-0.00083547033353106501,0,3.1500000000000004
6,13,8,0,2,2,2,-0.0043855235938856573,0.0017618214179477179,0,3.1500000000000004
6,13,9,0,2,2,2,-0.0053169797746252306,0.0017306714532702582,0,3.1500000000000004
6,13,10,0,2,2,2,-0.00054571438102253903,0.00031451681088873678,0,3.1500000000000004
6,13,11,0,2,2,2,-0.00029100676902622964,1.4762625448031669e-05,0,3.1500000000000004
6,13,12,0,2,2,2,-0.00030747232656804034,-4.2966545201026952e-05,0,3.1500000000000004
6,13,13,0,2,2,2,-0.00054823615325358291,-0.00034199772645624713,0,3.1500000000000004
6,13,14,1,2,1,1,-0.014146942433477907,0.00080429953133779545,0,3.1500000000000004
6,13,15,0,0,0,0,0.00099747807513650075,0.00040423018172412132,0,3.1500000000000004
6,13,16,0,0,0,0,0.0014221248279941982,3.1500000000000002e-13,0,3.1500000000000004
6,13,17,0,0,0,0,0.0042708456866177727,-0.00022884484286445975,0,3.1500000000000004
6,13,18,0,0,0,0,0.001115094616974724,3.1500000000000002e-13,0,3.1500000000000004
6,13,19,0,0,0,0,0.0014264600411748552,0,0,3.1500000000000004
6,13,20,0,2,2,2,-0.0021416423489245846,1.4055404332750888e-05,0,3.1500000000000004
6,13,21,0,2,2,2,-0.0014172965037145267,-0.001758284729771862,0,3.1500000000000004
6,13,22,0,2,2,2,-0.0059607956050314785,-0.0017978883921889607,0,3.1500000000000004
6,13,23,0,0,0,0,-0.00014796017907883351,0,0,3.1500000000000004
6,13,24,0,2,2,2,-0.0032525607001165869,-0.0026501233477709881,0,3.1500000000000004
6,13,25,0,2,2,2,-0.00065657638209436816,2.3307351346658091e-06,0,3.1500000000000004
6,13,26,0,2,2,2,-0.0012018654286515005,3.0792706957172137e-06,0,3.1500000000000004
6,13,27,0,2,2,2,-0.0006694765945667499,-0.00048975396326059835,0,3.1500000000000004
6,13,28,0,0,2,2,-0.00013482819580992893,6.3326708693117181e-05,0,3.1500000000000004
6,13,29,0,2,2,2,-0.00046912878182922194,-0.00059854901231346034,0,3.1500000000000004
6,13,30,0,2,2,2,-0.00071205195025497009,-0.00064227992323834607,0,3.1500000000000004
6,13,31,0,0,0,0,0.0013696793909180847,0,0,3.1500000000000004
6,13,32,0,2,2,2,-0.0021710982418433325,-2.5589223800201368e-05,0,3.1500000000000004
6,13,33,0,2,2,2,-0.0007194032735483209,0.00064773847073169551,0,3.1500000000000004
6,13,34,0,2,2,2,-0.00046637222008919215,0.00060329244095677908,0,3.1500000000000004
6,13,35,0,0,2,2,-0.00015213083067107375,-6.215945472055945e-05,0,3.1500000000000004
6,13,36,0,2,2,2,-0.00067401646293434878,0.00049134762303812082,0,3.1500000000000004
6,13,37,0,2,2,2,-0.0032667259161979455,0.0026780152103801601,0,3.1500000000000004
6,13,38,0,0,0,0,-0.00017856244175950349,-0.00068675175588640716,0,3.1500000000000004
6,13,39,0,2,2,2,-0.0059666965619590649,0.0018193202179117535,0,3.1500000000000004
6,13,40,0,2,2,2,-0.0014267599314402083,0.0017791692768968266,0,3.1500000000000004
6,13,41,0,0,2,2,-0.00089729148243252637,-8.7699984642757156e-05,0,3.1500000000000004
6,13,42,0,0,0,0,0.00047241603437230798,0.00061208925791541202,0,3.1500000000000004
6,13,43,0,2,2,2,-0.0029245702931850327,-0.00031479934488205092,0,3.1500000000000004
6,13,44,0,2,2,2,-0.0020785883643497805,-0.00031760262092391412,0,3.1500000000000004
6,13,45,0,2,2,2,-0.00015252001090691565,4.2539087758878012e-05,0,3.1500000000000004
6,13,46,0,2,2,2,-0.00082860600191293765,1.6701106794487819e-05,0,3.1500000000000004
6,13,47,0,2,2,2,-0.00055840785928657388,-0.00072619851975341853,0,3.1500000000000004
6,13,48,0,2,2,2,-0.0011550489824871859,-0.00078869633082036836,0,3.1500000000000004
6,13,49,0,2,1,1,-0.00052318199268174144,-0.00080848732512377023,0,3.1500000000000004
6,13,50,0,2,2,2,-0.0011738023537178593,-0.00083821639663939844,0,3.1500000000000004
6,13,51,0,2,2,2,-0.00015635668054310179,-4.54524660768852e-05,0,3.1500000000000004
6,13,52,0,2,2,2,-0.00082989553215422084,-1.8499281023293923e-05,0,3.1500000000000004
6,13,53,0,2,2,2,-0.00063451954802284656,5.1736753024543275e-05,0,3.1500000000000004
6,13,54,0,2,2,2,-0.00050693180332868977,2.0104759554657688e-05,0,3.1500000000000004
6,13,55,0,2,2,2,-0.00050925944674455755,-1.4654998479000161e-05,0,3.1500000000000004
6,13,56,0,2,2,2,-0.00063377520613782116,-4.628655075135742e-05,0,3.1500000000000004
6,13,57,0,0,2,2,-0.00090427761164758565,8.8258924461304323e-05,0,3.1500000000000004
6,13,58,0,0,0,0,0.00047806014719119395,-0.00085258202124967666,0,3.1500000000000004
6,13,59,0,2,2,2,-0.0011788940246296427,0.00084514525327557841,0,3.1500000000000004
6,13,60,0,2,1,1,-0.00052786471523776546,0.0008152257817765989,0,3.1500000000000004
6,13,61,0,2,2,2,-0.0011614254146404706,0.00079446410851075999,0,3.1500000000000004
6,13,62,0,2,2,2,-0.00056124881963463174,0.00073167397544120509,0,3.1500000000000004
6,13,63,0,2,2,2,-0.0020803902548869753,0.00031772506218311536,0,3.1500000000000004
6,13,64,0,2,2,2,-0.00293577705508159,0.00031490228343980867,0,3.1500000000000004
6,13,65,0,0,1,1,-0.00011244247735484183,8.5550917593986788e-05,0,3.1500000000000004
6,13,66,0,0,0,0,-0.00016785767567048266,0,0,3.1500000000000004
6,13,67,0,2,2,2,-0.00058795730613997736,-3.325830704899105e-05,0,3.1500000000000004
6,13,68,0,2,2,2,-0.0017429782393172805,-1.0808083770146251e-05,0,3.1500000000000004
6,13,69,0,2,2,2,-0.00083365555965301847,-0.00027147734685705632,0,3.1500000000000004
6,13,70,0,2,2,2,-0.00076709242441083832,-0.00024553045081326773,0,3.1500000000000004
6,13,71,0,2,2,2,-9.802457817332681e-05,-7.5414036384872468e-07,0,3.1500000000000004
6,13,72,0,2,2,2,-0.0002927551564022913,-5.7523544440264976e-07,0,3.1500000000000004
6,13,73,0,2,2,2,-0.0004037724238278592,-9.7938309025180441e-05,0,3.1500000000000004
6,13,74,0,2,2,2,-0.00028426254816265597,-0.00010366994363878237,0,3.1500000000000004
6,13,75,0,2,2,2,-0.00033560827693772095,-0.00014548699102024615,0,3.1500000000000004
6,13,76,0,2,2,2,-0.00046125108219756031,-0.00015146443355426139,0,3.1500000000000004
6,13,77,0,0,1,1,-0.00011389788669491699,-8.6057046038313806e-05,0,3.1500000000000004
6,13,78,0,0,0,0,-0.00016631373112631944,-0.00015349593673068918,0,3.1500000000000004
6,13,79,0,2,2,2,-0.00046269830581004227,0.0001532449491867155,0,3.1500000000000004
6,13,80,0,2,2,2,-0.00033620914847035772,0.00014726579238877801,0,3.1500000000000004
6,13,81,0,2,2,2,-0.00028598172917036155,0.00010547977181325459,0,3.1500000000000004
6,13,82,0,2,2,2,-0.00040412051642038584,9.9721527417125818e-05,0,3.1500000000000004
6,13,83,0,2,2,2,-0.00076910757715359845,0.00024573019286853895,0,3.1500000000000004
6,13,84,0,2,2,2,-0.0008374383038480971,0.00027174212602547977,0,3.1500000000000004
6,13,85,0,2,2,2,-0.0017456271900741862,1.0654676699924852e-05,0,3.1500000000000004
6,13,86,0,2,2,2,-0.00059007567532326716,3.3188986369878551e-05,0,3.1500000000000004
6,13,87,0,2,2,2,-0.00021226487434710458,0.00017914692696370125,0,3.1500000000000004
6,13,88,0,0,0,0,0.00098641252881584017,0.0001122023630194284,0,3.1500000000000004
6,13,89,0,0,1,1,-5.353295694734892e-05,1.3650038436386614e-05,0,3.1500000000000004
6,13,90,0,0,0,0,-0.00028507954042291094,8.4421449166917632e-05,0,3.1500000000000004
6,13,91,0,0,1,1,-5.3530419446525931e-05,-1.4163586693603736e-05,0,3.1500000000000004
6,13,92,0,0,0,0,-0.00028457853760018492,0.00018309206536475513,0,3.1500000000000004
6,13,93,0,2,2,2,-0.00021273361612801061,-0.00017879408426223285,0,3.1500000000000004
6,13,94,0,0,0,0,0.00098835274037198189,-3.6469148011951131e-05,0,3.1500000000000004
7,14,1,1,0,1,1,-0.010132471646229688,0,0,3.1500000000000004
7,14,2,0,2,2,2,-0.0039742806595447176,-0.0019244242884099254,0,3.1500000000000004
7,14,3,0,2,2,2,-0.0059536695586508686,-0.0019147736318149528,0,3.1500000000000004
7,14,4,0,0,0,0,0.0013976627037579905,0,0,3.1500000000000004
7,14,5,0,0,0,0,0.0016178489534566629,0,0,3.1500000000000004
7,14,6,0,0,0,0,0.0020907520129682046,0,0,3.1500000000000004
7,14,7,0,0,0,0,0.00061612332100722958,0,0,3.1500000000000004
7,14,8,0,2,2,2,-0.0039622078831282924,0.0019611710815092736,0,3.1500000000000004
7,14,9,0,2,2,2,-0.0060228762143096533,0.0019694928121161497,0,3.1500000000000004
7,14,10,0,2,2,2,-0.00016981784004883096,0.00015821057280371716,0,3.1500000000000004
7,14,11,0,2,2,0,0.00016681584011915562,1.4762625448031669e-05,0,3.1500000000000004
7,14,12,0,2,2,0,0.00015568901252607678,-4.2966545201026952e-05,0,3.1500000000000004
7,14,13,0,2,2,2,-0.00017107126225985285,-0.00016424198046232529,0,3.1500000000000004
7,14,14,1,0,1,1,-0.010461303849347882,0,0,3.1500000000000004
7,14,15,0,0,0,0,0.00055080423221774244,0,0,3.1500000000000004
7,14,16,0,0,0,0,0.0021233094807359574,0,0,3.1500000000000004
7,14,17,0,0,0,0,0.0014375474457574314,0,0,3.1500000000000004
7,14,18,0,0,0,0,0.0013453271805359986,0,0,3.1500000000000004
7,14,19,0,0,0,0,0.00070935851328050121,0,0,3.1500000000000004
7,14,20,0,2,2,2,-0.00096355248968337881,0.00072328278500617389,0,3.1500000000000004
7,14,21,0,2,2,2,-0.00071997811948735829,-0.00074830950671936044,0,3.1500000000000004
7,14,22,0,2,2,2,-0.002883156045528306,-0.00075726869675748175,0,3.1500000000000004
7,14,23,0,0,0,1,-0.00078516702813841458,0.0012765746759834183,0,3.1500000000000004
7,14,24,0,2,2,2,-0.0021275465068799418,-0.0013719097345018451,0,3.1500000000000004
7,14,25,0,2,2,2,-0.00032246805546375269,1.1313065607423278e-06,0,3.1500000000000004
7,14,26,0,2,2,2,-0.00097487908097165245,1.7631901475733497e-06,0,3.1500000000000004
7,14,27,0,2,2,2,-0.00040698253968654905,-0.00040918818662810902,0,3.1500000000000004
7,14,28,0,1,2,1,-6.1123231219296792e-05,0.00016470596746999693,0,3.1500000000000004
7,14,29,0,2,2,1,-0.00019411225117162433,-0.0004849075309677623,0,3.1500000000000004
7,14,30,0,2,2,2,-0.00052209586916343457,-0.00050247187979575176,0,3.1500000000000004
7,14,31,0,0,0,0,0.00066033626784618162,0,0,3.1500000000000004
7,14,32,0,2,2,2,-0.00098246226719748107,-0.00073700162983780456,0,3.1500000000000004
7,14,33,0,2,2,2,-0.00052860341063481889,0.00050790520434714262,0,3.1500000000000004
7,14,34,0,2,2,1,-0.00019267544383936609,0.00048996622530906599,0,3.1500000000000004
7,14,35,0,1,2,1,-7.6218540988891984e-05,-0.00016389556848635446,0,3.1500000000000004
7,14,36,0,2,2,2,-0.00040982755043994068,0.000410810242796179,0,3.1500000000000004
7,14,37,0,2,2,2,-0.0021365944604620855,0.0013901044246599722,0,3.1500000000000004
7,14,38,0,0,0,1,-0.00081336639741372882,-0.0012859567668671748,0,3.1500000000000004
7,14,39,0,2,2,2,-0.0028818264086051251,0.0007691894677247027,0,3.1500000000000004
7,14,40,0,2,2,2,-0.00072585298969070507,0.00076002971627150561,0,3.1500000000000004
7,14,41,0,1,2,2,-0.0006248371655836522,-0.0005132720177407281,0,3.1500000000000004
7,14,42,0,0,0,0,0.0001417542575203436,0,0,3.1500000000000004
7,14,43,0,2,2,2,-0.0021192808178307669,-0.00043576301608121891,0,3.1500000000000004
7,14,44,0,2,2,2,-0.0017520848293077953,-0.00044346803142638984,0,3.1500000000000004
7,14,45,0,2,2,2,-9.3312597319589126e-05,0.00011507701172310206,0,3.1500000000000004
7,14,46,0,2,2,2,-0.00069556926323668326,9.7128541091359119e-05,0,3.1500000000000004
7,14,47,0,2,2,1,-0.0002961166930710963,-0.00053501156546006566,0,3.1500000000000004
7,14,48,0,2,2,2,-0.00074864118922660984,-0.00057782310229520485,0,3.1500000000000004
7,14,49,0,0,1,2,-0.00040676831790768575,0.00013892911436617241,0,3.1500000000000004
7,14,50,0,2,2,2,-0.00092618085678732487,-0.00068549268267515534,0,3.1500000000000004
7,14,51,0,2,2,2,-9.7050741221310893e-05,-0.00011879149359332162,0,3.1500000000000004
7,14,52,0,2,2,2,-0.00069531589497956133,-0.00010003609400658616,0,3.1500000000000004
7,14,53,0,2,2,2,-0.0004646551009242714,4.8935660310690191e-05,0,3.1500000000000004
7,14,54,0,2,2,2,-0.00030993837237092581,2.6039885985865452e-05,0,3.1500000000000004
7,14,55,0,2,2,2,-0.00031210490485121284,-2.0131231865748478e-05,0,3.1500000000000004
7,14,56,0,2,2,2,-0.00046329412462438199,-4.304690885269345e-05,0,3.1500000000000004
7,14,57,0,1,2,2,-0.0006312858994150974,0.00051533971172696693,0,3.1500000000000004
7,14,58,0,0,0,0,0.00014681546597729045,0,0,3.1500000000000004
7,14,59,0,2,2,2,-0.00093087416419648783,0.00069134286121459699,0,3.1500000000000004
7,14,60,0,0,1,2,-0.00041224961311140551,-0.00014006867156465643,0,3.1500000000000004
7,14,61,0,2,2,2,-0.00075417297351676221,0.00058289679366570939,0,3.1500000000000004
7,14,62,0,2,2,1,-0.00029832672508879604,0.00053976746957127284,0,3.1500000000000004
7,14,63,0,2,2,2,-0.0017523958373413719,0.00044355995004980884,0,3.1500000000000004
7,14,64,0,2,2,2,-0.0021281904732337953,0.00043576376900675604,0,3.1500000000000004
7,14,65,0,0,1,1,-0.00015082857206020819,1.4650885514329401e-05,0,3.1500000000000004
7,14,66,0,0,0,0,-0.00022165184518107477,0,0,3.1500000000000004
7,14,67,0,2,2,2,-0.00037842753965476388,-9.4192949173238361e-05,0,3.1500000000000004
7,14,68,0,2,2,2,-0.0016868172371699095,-8.0604027804815717e-05,0,3.1500000000000004
7,14,69,0,2,2,2,-0.00072277914813303763,-0.00031228876721383362,0,3.1500000000000004
7,14,70,0,2,2,2,-0.00060333592715303347,-0.00029300020783685392,0,3.1500000000000004
7,14,71,0,2,2,2,-9.1982980920245043e-05,-1.3723112666092089e-06,0,3.1500000000000004
7,14,72,0,2,2,2,-0.00033887479704690387,-1.1635311280763276e-06,0,3.1500000000000004
7,14,73,0,2,2,2,-0.00033148993292659906,-8.3753297578665074e-05,0,3.1500000000000004
7,14,74,0,2,2,2,-0.0001457963507007017,-9.0723062727644305e-05,0,3.1500000000000004
7,14,75,0,2,2,2,-0.00024863070163147472,-0.00016806122830036603,0,3.1500000000000004
7,14,76,0,2,2,2,-0.00040131184067166418,-0.00017481777943911087,0,3.1500000000000004
7,14,77,0,0,1,1,-0.00015192400291837147,-1.488099225306762e-05,0,3.1500000000000004
7,14,78,0,0,0,0,-0.0002189598935365146,0,0,3.1500000000000004
7,14,79,0,2,2,2,-0.00040309388391607904,0.00017754701816187821,0,3.1500000000000004
7,14,80,0,2,2,2,-0.00024983481264497333,0.00017080942197294808,0,3.1500000000000004
7,14,81,0,2,2,2,-0.00014747717618746248,9.3526774267415426e-05,0,3.1500000000000004
7,14,82,0,2,2,2,-0.00033149714006626717,8.6540614137243984e-05,0,3.1500000000000004
7,14,83,0,2,2,2,-0.00060494731744174053,0.00029306857523732956,0,3.1500000000000004
7,14,84,0,2,2,2,-0.00072683388079522319,0.00031239880034316731,0,3.1500000000000004
7,14,85,0,2,2,2,-0.0016893788566337902,8.0500891066747073e-05,0,3.1500000000000004
7,14,86,0,2,2,2,-0.00038019967219932513,9.4160001884619149e-05,0,3.1500000000000004
7,14,87,0,2,2,2,-0.00019878855465556245,0.00022493284524574648,0,3.1500000000000004
7,14,88,0,0,0,0,0.0012108738581557462,0,0,3.1500000000000004
7,14,89,0,0,1,1,-9.1075166102203177e-05,1.233382852533607e-05,0,3.1500000000000004
7,14,90,0,0,0,2,-0.00041701223802705306,1.3856560183627686e-05,0,3.1500000000000004
7,14,91,0,0,1,1,-9.1017392698449076e-05,-1.3006333281776447e-05,0,3.1500000000000004
7,14,92,0,0,0,2,-0.00041590809365904373,-1.4534612993404441e-05,0,3.1500000000000004
7,14,93,0,2,2,2,-0.00019919664590352772,-0.00022448804785872518,0,3.1500000000000004
7,14,94,0,0,0,0,0.0012139088679833645,0,0,3.1500000000000004
7,15,1,1,0,1,1,-0.010129465573918002,0,0,3.1500000000000004
7,15,2,0,2,2,2,-0.0039670051671851616,-0.0018956450114919123,0,3.1500000000000004
7,15,3,0,2,2,2,-0.0059568181482039413,-0.0018843169946058838,0,3.1500000000000004
7,15,4,0,0,0,0,0.0011862205519607713,0,0,3.1500000000000004
7,15,5,0,0,0,0,0.0015488051826433036,0,0,3.1500000000000004
7,15,6,0,0,0,0,0.0021197501360217027,0,0,3.1500000000000004
7,15,7,0,0,0,0,0.00065044905651703952,0,0,3.1500000000000004
7,15,8,0,2,2,2,-0.0039576580537579375,0.0019361629933865518,0,3.1500000000000004
7,15,9,0,2,2,2,-0.0060241798634993113,0.0019428712748610383,0,3.1500000000000004
7,15,10,0,2,2,2,-0.00012677800044407324,0.00015436720308728585,0,3.1500000000000004
7,15,11,0,2,0,0,0.00022629692571221561,1.4762625448031669e-05,0,3.1500000000000004
7,15,12,0,2,0,0,0.00020919743652941623,-4.2966545201026952e-05,0,3.1500000000000004
7,15,13,0,2,2,2,-0.00012902978479881655,-0.00016103220242510459,0,3.1500000000000004
7,15,14,1,0,1,1,-0.010458472275045524,0,0,3.1500000000000004
7,15,15,0,0,0,0,0.00058312161939865826,0,0,3.1500000000000004
7,15,16,0,0,0,0,0.0021501389564240201,0,0,3.1500000000000004
7,15,17,0,0,0,0,0.0013657126112706953,0,0,3.1500000000000004
7,15,18,0,0,0,0,0.0011249824697929008,0,0,3.1500000000000004
7,15,19,0,0,0,0,0.00079516397289516329,0,0,3.1500000000000004
7,15,20,0,2,2,2,-0.0010087088651953454,0.00047657036128336905,0,3.1500000000000004
7,15,21,0,2,2,2,-0.00065131338265090309,-0.00079415721771408838,0,3.1500000000000004
7,15,22,0,2,2,2,-0.0029619250997581503,-0.00080412312983719949,0,3.1500000000000004
7,15,23,0,0,1,1,-0.00051918935603836413,0.0012596812670816044,0,3.1500000000000004
7,15,24,0,2,2,2,-0.0020064090137026213,-0.0013947639679220288,0,3.1500000000000004
7,15,25,0,2,2,2,-0.00031541538394087284,2.1217622086422753e-06,0,3.1500000000000004
7,15,26,0,2,2,2,-0.0010024303183219345,2.631138828185631e-06,0,3.1500000000000004
7,15,27,0,2,2,2,-0.00038228224825312228,-0.00037719408295025731,0,3.1500000000000004
7,15,28,0,1,1,1,-4.2292900062763626e-05,0.00019221069471605135,0,3.1500000000000004
7,15,29,0,2,1,1,-0.00018725736450875095,-0.00049721261113281224,0,3.1500000000000004
7,15,30,0,2,2,2,-0.00052939375209023185,-0.00051027850323755023,0,3.1500000000000004
7,15,31,0,0,0,0,0.00075192401263328478,0,0,3.1500000000000004
7,15,32,0,2,2,2,-0.0010265986890208481,-0.00048266450248512675,0,3.1500000000000004
7,15,33,0,2,2,2,-0.00053469752451472234,0.00051879630960923416,0,3.1500000000000004
7,15,34,0,2,1,1,-0.00018498088399339401,0.00050521133272887872,0,3.1500000000000004
7,15,35,0,1,1,1,-5.4922443385757119e-05,-0.00018807301013692578,0,3.1500000000000004
7,15,36,0,2,2,2,-0.00038327664666125194,0.00038193619796686478,0,3.1500000000000004
7,15,37,0,2,2,2,-0.0020112079107828429,0.0014161518890918616,0,3.1500000000000004
7,15,38,0,0,1,1,-0.00053773646514107803,-0.0012658792780875117,0,3.1500000000000004
7,15,39,0,2,2,2,-0.0029635140358024652,0.00081833604736271598,0,3.1500000000000004
7,15,40,0,2,2,2,-0.00065470422972029431,0.00080820758191416575,0,3.1500000000000004
7,15,41,0,1,2,2,-0.00060192266685222639,-0.00056578368355977566,0,3.1500000000000004
7,15,42,0,0,0,0,0.00017695717810066908,0,0,3.1500000000000004
7,15,43,0,2,2,2,-0.0021175951505016831,-0.00045644921414870825,0,3.1500000000000004
7,15,44,0,2,2,2,-0.0017556740837730246,-0.00046202898724064304,0,3.1500000000000004
7,15,45,0,2,2,2,-0.00013312156548674962,0.00014706333853990641,0,3.1500000000000004
7,15,46,0,2,2,2,-0.0007504467536824668,0.00012304234739526828,0,3.1500000000000004
7,15,47,0,2,1,1,-0.00033316004820813425,-0.00059809158859327647,0,3.1500000000000004
7,15,48,0,2,2,2,-0.00079443431787190166,-0.00063366426561807998,0,3.1500000000000004
7,15,49,0,0,2,2,-0.00042531122374700193,4.199335711078728e-05,0,3.1500000000000004
7,15,50,0,2,2,2,-0.00093065102859600578,-0.00077779497844118577,0,3.1500000000000004
7,15,51,0,2,2,2,-0.00013680100938227174,-0.00015145318388546015,0,3.1500000000000004
7,15,52,0,2,2,2,-0.00075055179504183328,-0.00012641636038024704,0,3.1500000000000004
7,15,53,0,2,2,2,-0.00047968095915758215,1.1210509315937531e-05,0,3.1500000000000004
7,15,54,0,2,2,2,-0.00030259141164629095,-1.6000667936246971e-05,0,3.1500000000000004
7,15,55,0,2,2,2,-0.00030476815894885551,2.2052852401826103e-05,0,3.1500000000000004
7,15,56,0,2,2,2,-0.00047847671201994146,-5.1695827284602638e-06,0,3.1500000000000004
7,15,57,0,1,2,2,-0.00060923961146563889,0.00056962497348150105,0,3.1500000000000004
7,15,58,0,0,0,0,0.00018144847823771773,0,0,3.1500000000000004
7,15,59,0,2,2,2,-0.00093597756391381143,0.00078405288596335729,0,3.1500000000000004
7,15,60,0,0,2,2,-0.00043131869631075708,-4.2653853514503594e-05,0,3.1500000000000004
7,15,61,0,2,2,2,-0.00080122827511936703,0.00063857738160796385,0,3.1500000000000004
7,15,62,0,2,1,1,-0.00033610272219003609,0.00060276709228790988,0,3.1500000000000004
7,15,63,0,2,2,2,-0.0017560750270810338,0.00046251326314373229,0,3.1500000000000004
7,15,64,0,2,2,2,-0.0021261153066402657,0.0004568620287029584,0,3.1500000000000004
7,15,65,0,0,1,2,-0.00018001700994046255,-1.7943295126885252e-05,0,3.1500000000000004
7,15,66,0,0,0,0,-0.00022482104834187474,0,0,3.1500000000000004
7,15,67,0,2,2,2,-0.00038703646760557102,-9.1686492836647173e-05,0,3.1500000000000004
7,15,68,0,2,2,2,-0.0016888633222011083,-7.9201631863981767e-05,0,3.1500000000000004
7,15,69,0,2,2,2,-0.00072288367022548081,-0.00032846671776168063,0,3.1500000000000004
7,15,70,0,2,2,2,-0.00064280092217674925,-0.00030500541169947834,0,3.1500000000000004
7,15,71,0,2,2,2,-1.6380736245590538e-05,-1.2109245890986339e-06,0,3.1500000000000004
7,15,72,0,2,2,2,-0.00031567583619713792,-9.8796974369541484e-07,0,3.1500000000000004
7,15,73,0,2,2,2,-0.00030194656217183554,-0.00010348297780480845,0,3.1500000000000004
7,15,74,0,2,2,2,-0.00017852060903068387,-0.00010370764958630054,0,3.1500000000000004
7,15,75,0,2,2,2,-0.00023024073305905925,-0.00015648242085740052,0,3.1500000000000004
7,15,76,0,2,2,2,-0.00040520948686124816,-0.00015142665008627376,0,3.1500000000000004
7,15,77,0,0,1,2,-0.00018160045808442334,1.781297376086167e-05,0,3.1500000000000004
7,15,78,0,0,0,0,-0.00022216992828816471,0,0,3.1500000000000004
7,15,79,0,2,2,2,-0.00040716244391907444,0.00015412007907146291,0,3.1500000000000004
7,15,80,0,2,2,2,-0.00023127463870504779,0.0001591863696022117,0,3.1500000000000004
7,15,81,0,2,2,2,-0.00018056513983637205,0.00010632900244858005,0,3.1500000000000004
7,15,82,0,2,2,2,-0.00030218730396883674,0.00010606893097043743,0,3.1500000000000004
7,15,83,0,2,2,2,-0.00064437878457887564,0.00030496166111728545,0,3.1500000000000004
7,15,84,0,2,2,2,-0.00072719818730175817,0.00032843524191258975,0,3.1500000000000004
7,15,85,0,2,2,2,-0.0016915469154012825,7.8957973068465088e-05,0,3.1500000000000004
7,15,86,0,2,2,2,-0.00038896112353563556,9.1495566853722955e-05,0,3.1500000000000004
7,15,87,0,2,2,2,-0.00021330776659377539,0.00025577979100070469,0,3.1500000000000004
7,15,88,0,0,0,0,0.0011409383946184447,0,0,3.1500000000000004
7,15,89,0,0,1,1,-4.79599230439655e-05,4.5778836276723558e-05,0,3.1500000000000004
7,15,90,0,0,2,2,-0.00032468305305661155,4.5340098499631645e-05,0,3.1500000000000004
7,15,91,0,0,1,1,-4.8067773669802606e-05,-4.6388715098976979e-05,0,3.1500000000000004
7,15,92,0,0,2,2,-0.00032401577978960483,-4.5943567126295629e-05,0,3.1500000000000004
7,15,93,0,2,2,2,-0.00021378841009864319,-0.00025514308980342397,0,3.1500000000000004
7,15,94,0,0,0,0,0.0011442061081347813,0,0,3.1500000000000004
8,16,1,1,0,1,1,-0.0081732621219440544,0,0,3.1500000000000004
8,16,2,0,2,2,2,-0.0035498703515550755,-0.0017403318610868417,0,3.1500000000000004
8,16,3,0,2,2,2,-0.006025171984131111,-0.0017399567649299692,0,3.1500000000000004
8,16,4,0,0,0,0,0.00087529444011612257,0,0,3.1500000000000004
8,16,5,0,0,0,0,5.7369232604868132e-05,0,0,3.1500000000000004
8,16,6,0,0,0,0,0.00230434295652443,0,0,3.1500000000000004
8,16,7,0,0,0,0,0.00034469313639043413,0,0,3.1500000000000004
8,16,8,0,2,2,2,-0.0035422211155901251,0.0017853988958877692,0,3.1500000000000004
8,16,9,0,2,2,2,-0.0061047052176784033,0.0018077076745866309,0,3.1500000000000004
8,16,10,0,2,2,0,0.00015335975530822774,0.00015436720308728585,0,3.1500000000000004
8,16,11,0,0,0,0,0.00055189700492202988,0,0,3.1500000000000004
8,16,12,0,0,0,0,0.00053473656594358308,0,0,3.1500000000000004
8,16,13,0,2,2,0,0.00015221881497242353,-0.00016103220242510459,0,3.1500000000000004
8,16,14,1,0,1,1,-0.0084116336612216833,0,0,3.1500000000000004
8,16,15,0,0,0,0,0.00026696825624889566,0,0,3.1500000000000004
8,16,16,0,0,0,0,0.002340150435350922,0,0,3.1500000000000004
8,16,17,0,0,0,0,-0.0001488562594482211,0,0,3.1500000000000004
8,16,18,0,0,0,0,0.00080177493083189832,0,0,3.1500000000000004
8,16,19,0,0,0,0,0.00050384756795472023,0,0,3.1500000000000004
8,16,20,0,2,2,2,-0.00061783782058754625,0.0004866225315261429,0,3.1500000000000004
8,16,21,0,2,2,2,-0.00035661865419645206,-0.00050682338892865046,0,3.1500000000000004
8,16,22,0,2,2,2,-0.0017184871041490575,-0.00050594080772165722,0,3.1500000000000004
8,16,23,0,0,1,1,-0.00049892688580477254,0.00042923580145315827,0,3.1500000000000004
8,16,24,0,2,2,2,-0.0014018661587174039,-0.00096397513104896752,0,3.1500000000000004
8,16,25,0,2,2,2,-7.6043698349012465e-05,1.1049014092906013e-06,0,3.1500000000000004
8,16,26,0,2,2,2,-0.00083073664698225282,1.4957650771244425e-06,0,3.1500000000000004
8,16,27,0,2,2,1,-0.00023344208761707374,-0.00034833457416068119,0,3.1500000000000004
8,16,28,0,0,1,1,-1.2634923356641016e-05,3.8836134314452137e-05,0,3.1500000000000004
8,16,29,0,0,1,2,-2.423406435163406e-05,8.6951319513549693e-05,0,3.1500000000000004
8,16,30,0,2,2,2,-0.00041245118503653702,-0.00041395922718779455,0,3.1500000000000004
8,16,31,0,0,0,0,0.00046926660365828311,0,0,3.1500000000000004
8,16,32,0,2,2,2,-0.00063100235593657001,-0.00049023844109556463,0,3.1500000000000004
8,16,33,0,2,2,2,-0.00041646825089973331,0.0004244391164453071,0,3.1500000000000004
8,16,34,0,0,1,2,-2.3055522803636552e-05,-8.4735097426379445e-05,0,3.1500000000000004
8,16,35,0,0,1,1,-2.1830170289919182e-05,-3.6071920710310748e-05,0,3.1500000000000004
8,16,36,0,2,2,1,-0.00023343437039196192,0.00035608176035966326,0,3.1500000000000004
8,16,37,0,2,2,2,-0.0014032263912929219,0.00098421486954711982,0,3.1500000000000004
8,16,38,0,0,1,1,-0.00051217019501854607,-0.00043013130147565959,0,3.1500000000000004
8,16,39,0,2,2,2,-0.0017191862148037661,0.00051793301852896411,0,3.1500000000000004
8,16,40,0,2,2,1,-0.00035795524748736662,0.00051894768342332896,0,3.1500000000000004
8,16,41,0,1,2,1,-0.00045795709986168245,-0.00087555089997802136,0,3.1500000000000004
8,16,42,0,0,0,0,-2.6450105368316495e-05,0,0,3.1500000000000004
8,16,43,0,2,2,2,-0.0015788285526851032,-0.00048649604812481446,0,3.1500000000000004
8,16,44,0,2,2,2,-0.0015158826018203926,-0.00049222848435956715,0,3.1500000000000004
8,16,45,0,2,2,1,-6.5691587404140172e-05,0.0001789794151939026,0,3.1500000000000004
8,16,46,0,2,2,2,-0.00063038743396213678,0.00016008259183824093,0,3.1500000000000004
8,16,47,0,0,1,2,-0.00015987482928087914,0.00016315390813786257,0,3.1500000000000004
8,16,48,0,2,2,2,-0.00055678442260537566,-0.00046003011566168558,0,3.1500000000000004
8,16,49,0,1,2,2,-0.00033887483799838322,0.0001553352689524399,0,3.1500000000000004
8,16,50,0,2,2,2,-0.00076380580028371679,-0.00065746456194453948,0,3.1500000000000004
8,16,51,0,2,2,1,-6.8323281275057488e-05,-0.00018303838992589399,0,3.1500000000000004
8,16,52,0,2,2,2,-0.00062967639378220576,-0.00016343112172180783,0,3.1500000000000004
8,16,53,0,2,2,2,-0.00036330216652027291,-3.1470671112979224e-06,0,3.1500000000000004
8,16,54,0,2,2,2,-0.00017902693093922655,-2.2715561918424543e-05,0,3.1500000000000004
8,16,55,0,2,2,2,-0.00018075277533637446,2.856381664189929e-05,0,3.1500000000000004
8,16,56,0,2,2,2,-0.00036195516433551835,8.9886788259697695e-06,0,3.1500000000000004
8,16,57,0,1,2,1,-0.00046605988011178304,0.00088077524858629725,0,3.1500000000000004
8,16,58,0,0,0,0,-2.3298304524752928e-05,0,0,3.1500000000000004
8,16,59,0,2,2,2,-0.00076828746780557735,0.00066267931669996259,0,3.1500000000000004
8,16,60,0,1,2,2,-0.00034429786650753161,-0.00015702356906519509,0,3.1500000000000004
8,16,61,0,2,2,2,-0.00056305504352597321,0.0004636582993878159,0,3.1500000000000004
8,16,62,0,0,1,2,-0.00016176482885423235,-0.00016441624953133076,0,3.1500000000000004
8,16,63,0,2,2,2,-0.0015155226452381828,0.00049280198648073929,0,3.1500000000000004
8,16,64,0,2,2,2,-0.0015853555733091711,0.00048696627189429937,0,3.1500000000000004
8,16,65,0,1,2,2,-0.00022282385638796931,-1.1500026633211111e-05,0,3.1500000000000004
8,16,66,0,0,0,0,-0.00025168371291047246,0,0,3.1500000000000004
8,16,67,0,2,2,2,-0.00023236029636310941,-0.00012376021351085062,0,3.1500000000000004
8,16,68,0,2,2,2,-0.0015524849256562238,-0.00011548338004293361,0,3.1500000000000004
8,16,69,0,2,2,2,-0.00063357119939897366,-0.00034256561037224789,0,3.1500000000000004
8,16,70,0,2,2,2,-0.00052019525361304776,-0.00032199656779850544,0,3.1500000000000004
8,16,71,0,2,2,0,1.2135918774709133e-05,-1.2109245890986339e-06,0,3.1500000000000004
8,16,72,0,2,2,2,-0.00030541228295561632,-1.1544787983014631e-06,0,3.1500000000000004
8,16,73,0,2,2,2,-0.00021610048105560691,-9.1153750924947128e-05,0,3.1500000000000004
8,16,74,0,2,2,2,-7.5199649143290468e-05,-9.0961325545537493e-05,0,3.1500000000000004
8,16,75,0,2,2,2,-0.00017023139407464075,-0.00015115762937167486,0,3.1500000000000004
8,16,76,0,2,2,2,-0.00035261059567398318,-0.00014496240749296138,0,3.1500000000000004
8,16,77,0,1,2,2,-0.00022462795731801493,1.1161743951792996e-05,0,3.1500000000000004
8,16,78,0,0,0,0,-0.00024846726819823743,0,0,3.1500000000000004
8,16,79,0,2,2,2,-0.00035458890331538465,0.00014804933895956962,0,3.1500000000000004
8,16,80,0,2,2,2,-0.000171434379736578,0.0001542509732888272,0,3.1500000000000004
8,16,81,0,2,2,2,-7.708496660421458e-05,9.3939067619410772e-05,0,3.1500000000000004
8,16,82,0,2,2,2,-0.00021605345964740771,9.4084467743096373e-05,0,3.1500000000000004
8,16,83,0,2,2,2,-0.00052118450404027995,0.00032175895877741342,0,3.1500000000000004
8,16,84,0,2,2,2,-0.00063795635594102206,0.00034232470499152162,0,3.1500000000000004
8,16,85,0,2,2,2,-0.001554956467252309,0.00011522540150515366,0,3.1500000000000004
8,16,86,0,2,2,2,-0.00023388447398092936,0.00012354643582979685,0,3.1500000000000004
8,16,87,0,2,2,1,-0.00019821277774508347,0.00028785577716196965,0,3.1500000000000004
8,16,88,0,0,0,0,0.00121011366628187,0,0,3.1500000000000004
8,16,89,0,0,1,1,-5.3833517492203756e-05,3.3245136072203619e-05,0,3.1500000000000004
8,16,90,0,1,2,2,-0.00035540568708691735,7.8863150269853751e-05,0,3.1500000000000004
8,16,91,0,0,1,1,-5.3990236800713488e-05,-3.3555074699126604e-05,0,3.1500000000000004
8,16,92,0,1,2,2,-0.00035454869244359448,-7.9787011334447758e-05,0,3.1500000000000004
8,16,93,0,2,2,1,-0.00019859191229087091,-0.00028704015131547086,0,3.1500000000000004
8,16,94,0,0,0,0,0.001214411421360784,0,0,3.1500000000000004
8,17,1,1,0,1,1,-0.0081708173648763864,0,0,3.1500000000000004
8,17,2,0,2,2,2,-0.0035462374539092676,-0.0017099821254533557,0,3.1500000000000004
8,17,3,0,2,2,2,-0.0060299631880130974,-0.0017065944708758119,0,3.1500000000000004
8,17,4,0,0,0,0,0.00088432846258448394,0,0,3.1500000000000004
8,17,5,0,0,0,0,5.4679943795412017e-05,0,0,3.1500000000000004
8,17,6,0,0,0,0,0.0023357143697735174,0,0,3.1500000000000004
8,17,7,0,0,0,0,0.00034978666245959319,0,0,3.1500000000000004
8,17,8,0,2,2,2,-0.0035383166759970618,0.0017557751018905093,0,3.1500000000000004
8,17,9,0,2,2,2,-0.0061082292968939094,0.0017751465235080583,0,3.1500000000000004
8,17,10,0,2,0,0,0.00023519307783175761,0.00015436720308728585,0,3.1500000000000004
8,17,11,0,0,0,0,0.00061646477307404017,0,0,3.1500000000000004
8,17,12,0,0,0,0,0.00059831842063400888,0,0,3.1500000000000004
8,17,13,0,2,0,0,0.00023348187912458659,-0.00016103220242510459,0,3.1500000000000004
8,17,14,1,0,1,1,-0.0084090345734495996,0,0,3.1500000000000004
8,17,15,0,0,0,0,0.00027235752710981839,0,0,3.1500000000000004
8,17,16,0,0,0,0,0.0023712879815221202,0,0,3.1500000000000004
8,17,17,0,0,0,0,-0.0001515889475558127,0,0,3.1500000000000004
8,17,18,0,0,0,0,0.0008107628345374767,0,0,3.1500000000000004
8,17,19,0,0,0,0,0.00052011336907666159,0,0,3.1500000000000004
8,17,20,0,2,2,2,-0.00061229524566689905,0.00049329533267362209,0,3.1500000000000004
8,17,21,0,2,2,2,-0.00037503873679357814,-0.00051037961513658342,0,3.1500000000000004
8,17,22,0,2,2,2,-0.0017221016423456402,-0.00050949362333066266,0,3.1500000000000004
8,17,23,0,0,1,1,-0.00049319928182353472,0.00044422463486868666,0,3.1500000000000004
8,17,24,0,2,2,2,-0.0013752681920810458,-0.00094921934539813886,0,3.1500000000000004
8,17,25,0,2,2,2,-0.00012063958701837756,1.6645706370204084e-06,0,3.1500000000000004
8,17,26,0,2,2,2,-0.00084761794711655104,2.0275696684785058e-06,0,3.1500000000000004
8,17,27,0,2,1,1,-0.00025614069145265958,-0.00034158921560825141,0,3.1500000000000004
8,17,28,0,0,1,1,-2.054334462365265e-07,4.8282073566608334e-05,0,3.1500000000000004
8,17,29,0,0,2,2,-5.6372117622920012e-05,7.7946365850878931e-05,0,3.1500000000000004
8,17,30,0,2,2,2,-0.00042675043076545406,-0.00041862378013045011,0,3.1500000000000004
8,17,31,0,0,0,0,0.00048468729215741163,0,0,3.1500000000000004
8,17,32,0,2,2,2,-0.00062567931311636299,-0.00049655243989429182,0,3.1500000000000004
8,17,33,0,2,2,2,-0.00043092429687509684,0.00042806836270615871,0,3.1500000000000004
8,17,34,0,0,2,2,-5.4653210775812189e-05,-7.6854407226069942e-05,0,3.1500000000000004
8,17,35,0,0,1,1,-1.0011139201720527e-05,-4.6508389237408698e-05,0,3.1500000000000004
8,17,36,0,2,1,1,-0.0002559213153453265,0.00034829519416818694,0,3.1500000000000004
8,17,37,0,2,2,2,-0.0013771769755253631,0.00096869418917453778,0,3.1500000000000004
8,17,38,0,0,1,1,-0.00050669606521559795,-0.00044590506262848402,0,3.1500000000000004
8,17,39,0,2,2,2,-0.0017225577474864766,0.00052152595691654861,0,3.1500000000000004
8,17,40,0,2,1,1,-0.00037585938133558131,0.00052250842222175342,0,3.1500000000000004
8,17,41,0,1,1,1,-0.00043954175529878331,-0.00092052255673798276,0,3.1500000000000004
8,17,42,0,0,0,0,2.7930151390236188e-06,0,0,3.1500000000000004
8,17,43,0,2,2,2,-0.0015614773540311186,-0.00052021431134635274,0,3.1500000000000004
8,17,44,0,2,2,2,-0.0014993427234011813,-0.00052207675454311062,0,3.1500000000000004
8,17,45,0,2,1,1,-7.7095632618657593e-05,0.00017057813142624183,0,3.1500000000000004
8,17,46,0,2,2,2,-0.00066245402759425179,0.00015041191506167919,0,3.1500000000000004
8,17,47,0,0,2,2,-0.00017848615020072442,9.6171558792678454e-05,0,3.1500000000000004
8,17,48,0,2,2,2,-0.00058218129177949063,-0.00052297507054051273,0,3.1500000000000004
8,17,49,0,1,2,2,-0.00033096092783491268,0.00011919464047247684,0,3.1500000000000004
8,17,50,0,2,2,2,-0.00077188920273022193,-0.00069367134065011226,0,3.1500000000000004
8,17,51,0,2,1,1,-7.9734958107261544e-05,-0.00017501506831279153,0,3.1500000000000004
8,17,52,0,2,2,2,-0.00066171498733820651,-0.00015411837492615077,0,3.1500000000000004
8,17,53,0,2,2,2,-0.00036642290037309019,-5.4971157371423533e-06,0,3.1500000000000004
8,17,54,0,2,2,2,-0.00018081217757870898,-2.679064649237191e-05,0,3.1500000000000004
8,17,55,0,2,2,2,-0.00018226722669745476,3.2830317720461474e-05,0,3.1500000000000004
8,17,56,0,2,2,2,-0.00036486400578519557,1.1520178905531303e-05,0,3.1500000000000004
8,17,57,0,1,1,1,-0.00044687774958877184,0.00092468142819660979,0,3.1500000000000004
8,17,58,0,0,0,0,6.6659978448103789e-06,0,0,3.1500000000000004
8,17,59,0,2,2,2,-0.00077630909564134064,0.00069910040507554908,0,3.1500000000000004
8,17,60,0,1,2,2,-0.00033650623967712296,-0.00012071717691171553,0,3.1500000000000004
8,17,61,0,2,2,2,-0.00058795084658412773,0.00052722930348495108,0,3.1500000000000004
8,17,62,0,0,2,2,-0.00018037053462214238,-9.6817831952477942e-05,0,3.1500000000000004
8,17,63,0,2,2,2,-0.0014990338854853256,0.00052255084537737248,0,3.1500000000000004
8,17,64,0,2,2,2,-0.0015685279023883009,0.00052058881447713526,0,3.1500000000000004
8,17,65,0,1,2,2,-0.00019205196799824276,-2.2014448214260161e-05,0,3.1500000000000004
8,17,66,0,0,0,0,-0.00023367303475166208,0,0,3.1500000000000004
8,17,67,0,2,2,2,-0.00023335574357184456,-0.00011093672851528934,0,3.1500000000000004
8,17,68,0,2,2,2,-0.0015629728514137845,-0.00010657763139871499,0,3.1500000000000004
8,17,69,0,2,2,2,-0.00062593187769930249,-0.00032589313798869345,0,3.1500000000000004
8,17,70,0,2,2,2,-0.00052130534405131403,-0.00030942108981231838,0,3.1500000000000004
8,17,71,0,2,0,0,1.7017476133099988e-05,-1.2109245890986339e-06,0,3.1500000000000004
8,17,72,0,2,2,2,-0.00030381448347547972,-1.3545698422247327e-06,0,3.1500000000000004
8,17,73,0,2,2,2,-0.00021850957434124853,-9.2505861686135947e-05,0,3.1500000000000004
8,17,74,0,2,2,2,-7.7213798024481845e-05,-9.2291793977748282e-05,0,3.1500000000000004
8,17,75,0,2,2,2,-0.00016836804902114946,-0.00015037845039986874,0,3.1500000000000004
8,17,76,0,2,2,2,-0.00035220935429285398,-0.00014414547171819498,0,3.1500000000000004
8,17,77,0,1,2,2,-0.00019345425748529033,2.1732082361819836e-05,0,3.1500000000000004
8,17,78,0,0,0,0,-0.00023039049209164342,0,0,3.1500000000000004
8,17,79,0,2,2,2,-0.00035419704737865574,0.00014718309970767962,0,3.1500000000000004
8,17,80,0,2,2,2,-0.00016977143454501698,0.00015343237574501884,0,3.1500000000000004
8,17,81,0,2,2,2,-7.8952429668319938e-05,9.5245197175745512e-05,0,3.1500000000000004
8,17,82,0,2,2,2,-0.00021857993748113406,9.5421163706982737e-05,0,3.1500000000000004
8,17,83,0,2,2,2,-0.00052215622944531417,0.0003091224169967937,0,3.1500000000000004
8,17,84,0,2,2,2,-0.00063013163154669496,0.00032556189946305935,0,3.1500000000000004
8,17,85,0,2,2,2,-0.0015656366502745593,0.00010629915668626369,0,3.1500000000000004
8,17,86,0,2,2,2,-0.00023507534552941141,0.0001106745448802654,0,3.1500000000000004
8,17,87,0,2,1,1,-0.00019846382969154592,0.00028796962943650461,0,3.1500000000000004
8,17,88,0,0,0,0,0.0012105642260438307,0,0,3.1500000000000004
8,17,89,0,0,1,1,-5.1664120062948778e-05,3.0435102339473541e-05,0,3.1500000000000004
8,17,90,0,1,2,2,-0.00035525787684170774,7.6160966210988879e-05,0,3.1500000000000004
8,17,91,0,0,1,1,-5.1786910189627242e-05,-3.0637058207376024e-05,0,3.1500000000000004
8,17,92,0,1,2,2,-0.00035443277698486361,-7.6974929850048005e-05,0,3.1500000000000004
8,17,93,0,2,1,1,-0.00019883018261299975,-0.00028681971243157311,0,3.1500000000000004
8,17,94,0,0,0,0,0.0012148238196842268,0,0,3.1500000000000004
9,18,1,1,0,1,1,-0.0065290118808236574,0,0,3.1500000000000004
9,18,2,0,2,2,2,-0.0029959262959352215,-0.0013384679590159345,0,3.1500000000000004
9,18,3,0,2,2,2,-0.0057859878787016065,-0.0013386494326397198,0,3.1500000000000004
9,18,4,0,0,0,0,0.00047168490063562022,0,0,3.1500000000000004
9,18,5,0,0,0,2,-0.0010951215929346991,0.00042776426312266745,0,3.1500000000000004
9,18,6,0,0,0,0,0.0023928535254430249,0,0,3.1500000000000004
9,18,7,0,0,0,0,3.4350074102581759e-05,0,0,3.1500000000000004
9,18,8,0,2,2,2,-0.0029853346495887336,0.0013811874390423492,0,3.1500000000000004
9,18,9,0,2,2,2,-0.0058598084432143916,0.001405186229923461,0,3.1500000000000004
9,18,10,0,0,0,0,0.00068252161918088035,0,0,3.1500000000000004
9,18,11,0,0,0,0,0.0010400480573245327,0,0,3.1500000000000004
9,18,12,0,0,0,0,0.0010180525678533182,0,0,3.1500000000000004
9,18,13,0,0,0,0,0.00068189708369457297,0,0,3.1500000000000004
9,18,14,1,0,1,1,-0.0066951551513275151,0,0,3.1500000000000004
9,18,15,0,0,0,0,-5.3699586945688818e-05,0,0,3.1500000000000004
9,18,16,0,0,0,0,0.0024213219154225838,0,0,3.1500000000000004
9,18,17,0,0,0,2,-0.0013127505830257066,-0.00040702779570138625,0,3.1500000000000004
9,18,18,0,0,0,0,0.0003916163161685537,0,0,3.1500000000000004
9,18,19,0,0,0,0,0.00037405978705074819,0,0,3.1500000000000004
9,18,20,0,2,2,2,-0.00039157742195367377,0.00041075876722944052,0,3.1500000000000004
9,18,21,0,2,2,1,-0.00021732666132278215,-0.00036941503427811214,0,3.1500000000000004
9,18,22,0,2,2,2,-0.00095984963672846014,-0.00036563337608340598,0,3.1500000000000004
9,18,23,0,0,1,1,-0.00037069712278277149,0.00028702508269277022,0,3.1500000000000004
9,18,24,0,2,2,2,-0.00092860902881788791,-0.00066760584459906814,0,3.1500000000000004
9,18,25,0,2,2,0,1.9920279075073081e-05,1.6645706370204084e-06,0,3.1500000000000004
9,18,26,0,2,2,2,-0.0006511525443646689,8.5685094326997442e-07,0,3.1500000000000004
9,18,27,0,0,1,2,-0.00016828298846300189,5.9517300601106059e-05,0,3.1500000000000004
9,18,28,0,0,1,0,3.9913868039335326e-05,3.1500000000000002e-13,0,3.1500000000000004
9,18,29,0,1,2,0,1.1668517148919991e-05,7.7946365850878931e-05,0,3.1500000000000004
9,18,30,0,2,2,2,-0.00033342128891226518,-0.00031512685299426863,0,3.1500000000000004
9,18,31,0,0,0,0,0.00035004102594034811,0,0,3.1500000000000004
9,18,32,0,2,2,2,-0.00039127019656198336,-0.00041841372471261925,0,3.1500000000000004
9,18,33,0,2,2,2,-0.00033674590696023223,0.0003234303333533248,0,3.1500000000000004
9,18,34,0,1,2,0,1.2313488792787599e-05,-7.6854407226069942e-05,0,3.1500000000000004
9,18,35,0,0,1,0,3.2817957658173323e-05,-3.1500000000000002e-13,0,3.1500000000000004
9,18,36,0,0,1,2,-0.00016685663809491225,-6.104688630402324e-05,0,3.1500000000000004
9,18,37,0,2,2,2,-0.0009289163169333035,0.00067153495185092891,0,3.1500000000000004
9,18,38,0,0,1,1,-0.0003856706508564646,-0.00030237705399747982,0,3.1500000000000004
9,18,39,0,2,2,2,-0.00095693202430603827,0.00035081441187228874,0,3.1500000000000004
9,18,40,0,0,1,2,-0.00021194613002807096,-0.00016861594219710958,0,3.1500000000000004
9,18,41,0,0,1,1,-0.00029851567246261262,-0.00028880129060395815,0,3.1500000000000004
9,18,42,0,0,0,0,-0.00012734083335296564,0,0,3.1500000000000004
9,18,43,0,2,2,2,-0.0010819037303819632,-0.00053318689253116893,0,3.1500000000000004
9,18,44,0,2,2,2,-0.0012374714756133807,-0.00053241328782021008,0,3.1500000000000004
9,18,45,0,0,1,2,-3.3104820906526512e-05,-5.4522634282842043e-06,0,3.1500000000000004
9,18,46,0,2,2,2,-0.00055735020234314427,0.0001507336220287681,0,3.1500000000000004
9,18,47,0,1,2,1,-4.5389254646669645e-05,0.00020332822833930221,0,3.1500000000000004
9,18,48,0,2,2,2,-0.00038581910460287977,-0.00040568573451641257,0,3.1500000000000004
9,18,49,0,1,2,2,-0.00023337453896079774,0.00021279235887473272,0,3.1500000000000004
9,18,50,0,2,2,2,-0.0005989296767417643,-0.00059451157616080379,0,3.1500000000000004
9,18,51,0,0,1,2,-3.6235862952986739e-05,5.0974127751601282e-06,0,3.1500000000000004
9,18,52,0,2,2,2,-0.00055646578292139722,-0.00015500163053496006,0,3.1500000000000004
9,18,53,0,2,2,2,-0.00027071078691205821,-2.3701289554502482e-05,0,3.1500000000000004
9,18,54,0,2,2,2,-8.2823676959946504e-05,-3.8304795307934246e-05,0,3.1500000000000004
9,18,55,0,2,2,2,-8.3706856845929076e-05,4.4225909275967723e-05,0,3.1500000000000004
9,18,56,0,2,2,2,-0.00026894663586708126,2.9620678492152464e-05,0,3.1500000000000004
9,18,57,0,0,1,1,-0.00031810536002375024,0.00028421339748727303,0,3.1500000000000004
9,18,58,0,0,0,0,-0.00012895331173394241,0,0,3.1500000000000004
9,18,59,0,2,2,2,-0.00060245495489723083,0.00059982024581673149,0,3.1500000000000004
9,18,60,0,1,2,2,-0.00023881112892242012,-0.00021456819885499274,0,3.1500000000000004
9,18,61,0,2,2,2,-0.00039028178957949057,0.00040934331672099915,0,3.1500000000000004
9,18,62,0,1,2,1,-4.5705577718336979e-05,-0.00020466143226424523,0,3.1500000000000004
9,18,63,0,2,2,2,-0.0012345996727574902,0.00053672925563080559,0,3.1500000000000004
9,18,64,0,2,2,2,-0.0010919748070322669,0.00053844521975521514,0,3.1500000000000004
9,18,65,0,1,2,2,-0.00019998180831947782,-6.186900377555482e-05,0,3.1500000000000004
9,18,66,0,0,0,0,-0.00022931024227784472,0,0,3.1500000000000004
9,18,67,0,2,2,1,-8.1732546155163571e-05,-0.00012921438610389265,0,3.1500000000000004
9,18,68,0,2,2,2,-0.0013679107541423421,-0.00012957468381597634,0,3.1500000000000004
9,18,69,0,2,2,2,-0.00050841303562824036,-0.00030709333689728382,0,3.1500000000000004
9,18,70,0,2,2,2,-0.00038073563896084235,-0.00029493292759246402,0,3.1500000000000004
9,18,71,0,0,0,0,5.3321695982445287e-05,0,0,3.1500000000000004
9,18,72,0,2,2,2,-0.00027800244753733788,-1.5830829239123571e-06,0,3.1500000000000004
9,18,73,0,2,2,2,-0.00014246423043930856,-7.8156536633198614e-05,0,3.1500000000000004
9,18,74,0,2,2,0,9.9391072611923335e-06,-9.2291793977748282e-05,0,3.1500000000000004
9,18,75,0,2,2,2,-0.00010553284892804694,-0.00013733640192891479,0,3.1500000000000004
9,18,76,0,2,2,2,-0.00029196913377228182,-0.00013060816102844545,0,3.1500000000000004
9,18,77,0,1,2,2,-0.00020195048071501492,6.0913152114444309e-05,0,3.1500000000000004
9,18,78,0,0,0,0,-0.00022552034202711303,0,0,3.1500000000000004
9,18,79,0,2,2,2,-0.00029391274813391215,0.00013393331348871755,0,3.1500000000000004
9,18,80,0,2,2,2,-0.00010716211738184982,0.00014066318712198251,0,3.1500000000000004
9,18,81,0,2,2,0,8.5551044644261522e-06,9.5245197175745512e-05,0,3.1500000000000004
9,18,82,0,2,2,2,-0.00014221267415665104,8.1365156179957128e-05,0,3.1500000000000004
9,18,83,0,2,2,2,-0.00038085877370261915,0.00029451489731743743,0,3.1500000000000004
9,18,84,0,2,2,2,-0.00051296343265326094,0.00030657466711562321,0,3.1500000000000004
9,18,85,0,2,2,2,-0.0013699650009567159,0.0001293889220609532,0,3.1500000000000004
9,18,86,0,2,2,1,-8.3016951963976119e-05,0.00012898487511797519,0,3.1500000000000004
9,18,87,0,0,1,1,-0.00016568843310779015,1.1053739531852625e-05,0,3.1500000000000004
9,18,88,0,0,0,0,0.0012268953202096901,0,0,3.1500000000000004
9,18,89,0,0,1,1,-5.2479613803776208e-05,1.5804234034061011e-05,0,3.1500000000000004
9,18,90,0,1,2,2,-0.0003711801817432946,9.3276403366637502e-05,0,3.1500000000000004
9,18,91,0,0,1,1,-5.2596638326358523e-05,-1.6078928055400965e-05,0,3.1500000000000004
9,18,92,0,1,2,2,-0.00037014756592734603,-9.4375380435108306e-05,0,3.1500000000000004
9,18,93,0,0,1,1,-0.00016549874579650055,-1.0758133667330498e-05,0,3.1500000000000004
9,18,94,0,0,0,0,0.0012322411130370496,0,0,3.1500000000000004
9,19,1,1,0,1,1,-0.0065704922306592337,0,0,3.1500000000000004
9,19,2,0,2,2,2,-0.003125333823937918,-0.0012918476683272703,0,3.1500000000000004
9,19,3,0,2,2,2,-0.0057146625245036555,-0.0012984592579304212,0,3.1500000000000004
9,19,4,0,0,0,0,0.00069188232358536402,0,0,3.1500000000000004
9,19,5,0,0,2,2,-0.00064290592614036669,0.00043605440426223795,0,3.1500000000000004
9,19,6,0,0,0,0,0.002325975222414468,0,0,3.1500000000000004
9,19,7,0,0,0,0,0.00019090816843003199,0,0,3.1500000000000004
9,19,8,0,2,2,2,-0.003134481382466991,0.0013167055460159038,0,3.1500000000000004
9,19,9,0,2,2,2,-0.0057721449741694672,0.0013463641659436144,0,3.1500000000000004
9,19,10,0,0,0,0,0.00064888218679121687,0,0,3.1500000000000004
9,19,11,0,0,0,0,0.0010147549929971239,0,0,3.1500000000000004
9,19,12,0,0,0,0,0.00099659904155224898,0,0,3.1500000000000004
9,19,13,0,0,0,0,0.00064306441527352308,0,0,3.1500000000000004
9,19,14,1,0,1,1,-0.0067490476357713897,0,0,3.1500000000000004
9,19,15,0,0,0,0,0.00013979378395161349,0,0,3.1500000000000004
9,19,16,0,0,0,0,0.0023409623677720127,0,0,3.1500000000000004
9,19,17,0,0,2,2,-0.00076834037088292274,-0.00045143072799712494,0,3.1500000000000004
9,19,18,0,0,0,0,0.00063924050951842865,0,0,3.1500000000000004
9,19,19,0,0,0,0,0.00042298617945258916,0,0,3.1500000000000004
9,19,20,0,2,2,2,-0.0003570972325299738,0.00046560751346117466,0,3.1500000000000004
9,19,21,0,2,1,1,-0.00029440435725373686,-0.0003566655631267973,0,3.1500000000000004
9,19,22,0,2,2,2,-0.0010469474067326076,-0.00035131140551338826,0,3.1500000000000004
9,19,23,0,0,1,1,-0.00040125625751255946,0.00028342595365934617,0,3.1500000000000004
9,19,24,0,2,2,2,-0.00095732346499765653,-0.00066796844996162581,0,3.1500000000000004
9,19,25,0,2,0,0,2.8796937427777358e-05,1.6645706370204084e-06,0,3.1500000000000004
9,19,26,0,2,2,2,-0.00067045065552195525,5.9053131765860989e-06,0,3.1500000000000004
9,19,27,0,0,2,2,-0.00015766307534355534,2.0980876162828507e-05,0,3.1500000000000004
9,19,28,0,0,0,0,6.4235536819326673e-05,3.1500000000000002e-13,0,3.1500000000000004
9,19,29,0,1,0,0,1.9626825027515393e-05,7.7946365850878931e-05,0,3.1500000000000004
9,19,30,0,2,2,2,-0.00033521137540544975,-0.00032375937743704929,0,3.1500000000000004
9,19,31,0,0,0,0,0.00038273156834970685,0,0,3.1500000000000004
9,19,32,0,2,2,2,-0.00039127989702661392,-0.00046180409940963445,0,3.1500000000000004
9,19,33,0,2,2,2,-0.00033976333964383436,0.00033963471612376912,0,3.1500000000000004
9,19,34,0,1,0,0,2.5304200184150567e-05,-7.6854407226069942e-05,0,3.1500000000000004
9,19,35,0,0,0,0,5.1032182436496311e-05,-3.1500000000000002e-13,0,3.1500000000000004
9,19,36,0,0,2,2,-0.00015886574256338389,-1.1660748283417354e-05,0,3.1500000000000004
9,19,37,0,2,2,2,-0.00097108241426682805,0.00071851414733056958,0,3.1500000000000004
9,19,38,0,0,1,1,-0.00041085151527660865,-0.00025233034764062938,0,3.1500000000000004
9,19,39,0,2,2,2,-0.0010677641178184543,0.00042182036144244514,0,3.1500000000000004
9,19,40,0,0,2,2,-0.000313601914127242,-9.224580738195301e-05,0,3.1500000000000004
9,19,41,0,0,1,1,-0.0003115800822699041,-0.00033717500616689669,0,3.1500000000000004
9,19,42,0,0,0,0,-0.00012984180037189217,0,0,3.1500000000000004
9,19,43,0,2,2,2,-0.0010767110937618105,-0.00052289967045980796,0,3.1500000000000004
9,19,44,0,2,2,2,-0.0012483378255749278,-0.00052358676404831771,0,3.1500000000000004
9,19,45,0,0,2,1,-3.2082784538856279e-06,6.9681996326259387e-06,0,3.1500000000000004
9,19,46,0,2,2,2,-0.00055057886805360125,0.00016041503391402777,0,3.1500000000000004
9,19,47,0,1,1,1,-5.9159043608059296e-05,0.00021916246690495303,0,3.1500000000000004
9,19,48,0,2,2,2,-0.00042748790965527813,-0.00039287716979576547,0,3.1500000000000004
9,19,49,0,1,2,2,-0.00023537942725174461,0.00022031245090935365,0,3.1500000000000004
9,19,50,0,2,2,2,-0.00061823609031374767,-0.00058795562866385538,0,3.1500000000000004
9,19,51,0,0,2,1,-3.0626137420177167e-06,-5.9223851703298978e-06,0,3.1500000000000004
9,19,52,0,2,2,2,-0.0005494345349004795,-0.00016313174411633336,0,3.1500000000000004
9,19,53,0,2,2,2,-0.00026920826998663841,-2.4968215958459336e-05,0,3.1500000000000004
9,19,54,0,2,2,2,-7.5155485693745105e-05,-3.7547238522828934e-05,0,3.1500000000000004
9,19,55,0,2,2,2,-7.5515924999114263e-05,4.3454374068551926e-05,0,3.1500000000000004
9,19,56,0,2,2,2,-0.00026806305365560397,3.085075848499518e-05,0,3.1500000000000004
9,19,57,0,0,1,1,-0.00028867366051025449,0.00034368324086119195,0,3.1500000000000004
9,19,58,0,0,0,0,-0.00011188759044314173,0,0,3.1500000000000004
9,19,59,0,2,2,2,-0.00062133643614447254,0.00059238698801109468,0,3.1500000000000004
9,19,60,0,1,2,2,-0.00023875363676477047,-0.00022237303890158621,0,3.1500000000000004
9,19,61,0,2,2,2,-0.00043300163343667363,0.00039802822402931564,0,3.1500000000000004
9,19,62,0,1,1,1,-6.1497407031799241e-05,-0.00021856745008412554,0,3.1500000000000004
9,19,63,0,2,2,2,-0.001254430467263631,0.00051339861373285803,0,3.1500000000000004
9,19,64,0,2,2,2,-0.0010772228885442903,0.00051010786489670958,0,3.1500000000000004
9,19,65,0,1,2,2,-0.00020927555635965152,-5.6338881402970468e-05,0,3.1500000000000004
9,19,66,0,0,0,0,-0.00022714969869648354,0,0,3.1500000000000004
9,19,67,0,2,1,1,-7.9655267599069757e-05,-0.00013212778627399215,0,3.1500000000000004
9,19,68,0,2,2,2,-0.0013685988396108725,-0.00013127461290303601,0,3.1500000000000004
9,19,69,0,2,2,2,-0.00051940793064348572,-0.00031512650239379241,0,3.1500000000000004
9,19,70,0,2,2,2,-0.0003881604389846142,-0.00030193842178627964,0,3.1500000000000004
9,19,71,0,0,0,0,5.5818774902554924e-05,0,0,3.1500000000000004
9,19,72,0,2,2,2,-0.00028920492839162838,-1.0056949387496974e-06,0,3.1500000000000004
9,19,73,0,2,2,2,-0.00014189369289902332,-8.7359182811074562e-05,0,3.1500000000000004
9,19,74,0,2,0,0,3.4652183665235479e-06,-9.2291793977748282e-05,0,3.1500000000000004
9,19,75,0,2,2,2,-0.00010110654016576043,-0.0001429953296108537,0,3.1500000000000004
9,19,76,0,2,2,2,-0.00029405033133632612,-0.00013728371761183089,0,3.1500000000000004
9,19,77,0,1,2,2,-0.00020843768154812326,5.7829405224065178e-05,0,3.1500000000000004
9,19,78,0,0,0,0,-0.00022321346826447856,0,0,3.1500000000000004
9,19,79,0,2,2,2,-0.0002958810680565302,0.00014047031395203897,0,3.1500000000000004
9,19,80,0,2,2,2,-0.00010216221096798489,0.00014620684015597234,0,3.1500000000000004
9,19,81,0,2,0,0,1.4921029438283125e-06,9.5245197175745512e-05,0,3.1500000000000004
9,19,82,0,2,2,2,-0.00014204663307872359,9.0650438774397439e-05,0,3.1500000000000004
9,19,83,0,2,2,2,-0.00038908431666260222,0.00030123942054986335,0,3.1500000000000004
9,19,84,0,2,2,2,-0.00052196664688182199,0.00031451565564141932,0,3.1500000000000004
9,19,85,0,2,2,2,-0.0013733919408327731,0.00013029430162956603,0,3.1500000000000004
9,19,86,0,2,1,1,-8.0674670113884311e-05,0.00013126348773299178,0,3.1500000000000004
9,19,87,0,0,1,1,-0.00016977834631995724,2.0556668784372907e-05,0,3.1500000000000004
9,19,88,0,0,0,0,0.0012292425227729551,0,0,3.1500000000000004
9,19,89,0,0,1,1,-4.9953932736991127e-05,1.845621650847036e-05,0,3.1500000000000004
9,19,90,0,1,2,2,-0.00036856343253414758,9.5788010542509247e-05,0,3.1500000000000004
9,19,91,0,0,1,1,-4.9849742356701606e-05,-1.8213554175461498e-05,0,3.1500000000000004
9,19,92,0,1,2,2,-0.00036758180924942508,-9.6396429320188344e-05,0,3.1500000000000004
9,19,93,0,0,1,1,-0.00016994312171668031,-2.1326244066936565e-05,0,3.1500000000000004
9,19,94,0,0,0,0,0.0012344634937279143,0,0,3.1500000000000004
10,20,1,1,0,1,1,-0.0056039294529217666,0,0,3.1500000000000004
10,20,2,0,2,2,2,-0.0028198040336623155,-0.000988241172676755,0,3.1500000000000004
10,20,3,0,2,2,2,-0.0053650171581743223,-0.00099860691116377331,0,3.1500000000000004
10,20,4,0,0,0,0,0.00060904692974047994,0,0,3.1500000000000004
10,20,5,0,1,2,2,-0.00085038590005640825,0.00081556745645461402,0,3.1500000000000004
10,20,6,0,0,0,0,0.0022770925724135225,0,0,3.1500000000000004
10,20,7,0,0,0,0,0.00015887885551070993,0,0,3.1500000000000004
10,20,8,0,2,2,2,-0.0028333998162011461,0.0010058737137573672,0,3.1500000000000004
10,20,9,0,2,2,2,-0.0054099926936025337,0.0010368851641294077,0,3.1500000000000004
10,20,10,0,0,0,0,0.00091322785377968472,0,0,3.1500000000000004
10,20,11,0,0,0,0,0.0012667405730817775,0,0,3.1500000000000004
10,20,12,0,0,0,0,0.0012488831713708319,0,0,3.1500000000000004
10,20,13,0,0,0,0,0.00090439939773473399,0,0,3.1500000000000004
10,20,14,1,0,1,1,-0.0057429126104812872,0,0,3.1500000000000004
10,20,15,0,0,0,0,0.0001217579782242258,0,0,3.1500000000000004
10,20,16,0,0,0,0,0.0022839260871661735,0,0,3.1500000000000004
10,20,17,0,1,2,2,-0.00093953319014409371,-0.00083771200134685243,0,3.1500000000000004
10,20,18,0,0,0,0,0.00056248650400981019,0,0,3.1500000000000004
10,20,19,0,0,0,0,0.00041808413806161443,0,0,3.1500000000000004
10,20,20,0,2,2,1,-0.00022580136787526595,0.0004185598483010326,0,3.1500000000000004
10,20,21,0,0,1,2,-0.00025328097867170605,0.00010364689992142741,0,3.1500000000000004
10,20,22,0,2,2,2,-0.00077411960580973916,-0.00024669644653795936,0,3.1500000000000004
10,20,23,0,0,1,1,-0.00032262314556960527,0.00015608846262219267,0,3.1500000000000004
10,20,24,0,2,2,2,-0.00076060359602054032,-0.00051355532341385913,0,3.1500000000000004
10,20,25,0,0,0,0,0.00014197294088312822,0,0,3.1500000000000004
10,20,26,0,2,2,2,-0.00053792090135487355,8.8188292842709693e-06,0,3.1500000000000004
10,20,27,0,1,2,2,-0.00010321910219395235,4.3437005069519631e-05,0,3.1500000000000004
10,20,28,0,0,0,0,9.5852785420562413e-05,0,0,3.1500000000000004
10,20,29,0,0,0,0,7.6369136195380129e-05,0,0,3.1500000000000004
10,20,30,0,2,2,2,-0.00026650006354846258,-0.00025441135999921703,0,3.1500000000000004
10,20,31,0,0,0,0,0.00037149447786480257,0,0,3.1500000000000004
10,20,32,0,2,2,1,-0.00027500732438896775,-0.00040711606944397836,0,3.1500000000000004
10,20,33,0,2,2,2,-0.00027059807013554455,0.0002769328845941337,0,3.1500000000000004
10,20,34,0,0,0,0,8.5010217939035499e-05,0,0,3.1500000000000004
10,20,35,0,0,0,0,8.3311390794967596e-05,0,0,3.1500000000000004
10,20,36,0,1,2,2,-0.00010686558132617929,-2.3130925648512671e-05,0,3.1500000000000004
10,20,37,0,2,2,2,-0.00077131656164913299,0.00059148392194688718,0,3.1500000000000004
10,20,38,0,0,1,1,-0.0003238586306447407,-0.00012921802072589269,0,3.1500000000000004
10,20,39,0,2,2,2,-0.00080128841712923495,0.00036863996364829715,0,3.1500000000000004
10,20,40,0,1,2,2,-0.00028627135649185719,-0.00014365985251552326,0,3.1500000000000004
10,20,41,0,0,1,1,-0.00026075661338745049,-0.00015559100395444515,0,3.1500000000000004
10,20,42,0,0,0,0,-0.00018766898602112835,0,0,3.1500000000000004
10,20,43,0,2,2,2,-0.00082742832996368513,-0.00050112481694159698,0,3.1500000000000004
10,20,44,0,2,2,2,-0.0010885964474609793,-0.00049944469028362468,0,3.1500000000000004
10,20,45,0,0,1,0,4.369048070435437e-05,3.1500000000000002e-13,0,3.1500000000000004
10,20,46,0,2,2,2,-0.0004755434395219266,0.0001496319399390086,0,3.1500000000000004
10,20,47,0,0,1,0,1.1512509483400314e-05,3.1500000000000002e-13,0,3.1500000000000004
10,20,48,0,2,2,2,-0.00033258495111050543,-0.00031331985994038203,0,3.1500000000000004
10,20,49,0,1,2,1,-0.0001731412817766738,0.00029094441810060114,0,3.1500000000000004
10,20,50,0,2,2,2,-0.00052779458324214972,-0.00051474960825860061,0,3.1500000000000004
10,20,51,0,0,1,0,4.8176602679406754e-05,-3.1500000000000002e-13,0,3.1500000000000004
10,20,52,0,2,2,2,-0.00047545624074510167,-0.00014920255058492761,0,3.1500000000000004
10,20,53,0,2,2,2,-0.00021110248830527475,-3.4394700761633396e-05,0,3.1500000000000004
10,20,54,0,2,2,1,-2.3666508959966986e-05,-4.195615112535003e-05,0,3.1500000000000004
10,20,55,0,2,2,1,-2.3646788601186594e-05,4.7927158550924008e-05,0,3.1500000000000004
10,20,56,0,2,2,2,-0.00021052453498064167,4.0308641713252084e-05,0,3.1500000000000004
10,20,57,0,0,1,1,-0.00021298582090398724,0.00017243236133066356,0,3.1500000000000004
10,20,58,0,0,0,0,-0.00015826292144183993,0,0,3.1500000000000004
10,20,59,0,2,2,2,-0.00053198921181964523,0.00051985705109303267,0,3.1500000000000004
10,20,60,0,1,2,1,-0.00017293758918422584,-0.00029187290328294956,0,3.1500000000000004
10,20,61,0,2,2,2,-0.00034342308471570606,0.00032113918699477222,0,3.1500000000000004
10,20,62,0,0,1,0,6.7922393032554058e-06,-3.1500000000000002e-13,0,3.1500000000000004
10,20,63,0,2,2,2,-0.0010995026253263801,0.00048135741546171664,0,3.1500000000000004
10,20,64,0,2,2,2,-0.00081702725108882975,0.00047954880629072803,0,3.1500000000000004
10,20,65,0,1,2,2,-0.00021059920343098962,-7.610399535949597e-05,0,3.1500000000000004
10,20,66,0,0,0,0,-0.00022353393424087394,0,0,3.1500000000000004
10,20,67,0,0,1,0,4.6643324984620941e-06,-3.1500000000000002e-13,0,3.1500000000000004
10,20,68,0,2,2,2,-0.0012231036973073138,-0.00014960424076820031,0,3.1500000000000004
10,20,69,0,2,2,2,-0.00044127264820064684,-0.00030169284590452535,0,3.1500000000000004
10,20,70,0,2,2,2,-0.00029574698636050667,-0.00029071798308467065,0,3.1500000000000004
10,20,71,0,0,0,0,7.4703165352443278e-05,0,0,3.1500000000000004
10,20,72,0,2,2,2,-0.0002632631062462334,-4.7340006694397853e-07,0,3.1500000000000004
10,20,73,0,2,2,2,-8.80341886765767e-05,-7.7680831541444766e-05,0,3.1500000000000004
10,20,74,0,0,0,0,6.7703901190457937e-05,0,0,3.1500000000000004
10,20,75,0,2,2,1,-6.345854197975425e-05,-0.00013009054860010208,0,3.1500000000000004
10,20,76,0,2,2,2,-0.00025010346228516571,-0.00012403504599820038,0,3.1500000000000004
10,20,77,0,1,2,2,-0.00020737929989710446,7.8882341303155749e-05,0,3.1500000000000004
10,20,78,0,0,0,0,-0.00021901587539383303,0,0,3.1500000000000004
10,20,79,0,2,2,2,-0.00025170611728610501,0.00012705843376572824,0,3.1500000000000004
10,20,80,0,2,2,1,-6.3976211005666958e-05,0.00013317133582890913,0,3.1500000000000004
10,20,81,0,0,0,0,6.5765679389634873e-05,0,0,3.1500000000000004
10,20,82,0,2,2,2,-8.8196466492009349e-05,8.1061405513570736e-05,0,3.1500000000000004
10,20,83,0,2,2,2,-0.00029695056565161759,0.0002894142947348028,0,3.1500000000000004
10,20,84,0,2,2,2,-0.00044242980707422227,0.00030056463916588479,0,3.1500000000000004
10,20,85,0,2,2,2,-0.0012300033428768165,0.0001479247475713638,0,3.1500000000000004
10,20,86,0,0,1,0,3.9440565700922265e-06,3.1500000000000002e-13,0,3.1500000000000004
10,20,87,0,0,1,2,-0.00014216885017280734,-8.0959364420644725e-06,0,3.1500000000000004
10,20,88,0,0,0,0,0.0012126066554818654,0,0,3.1500000000000004
10,20,89,0,0,1,1,-4.6384584567883637e-05,9.9131073342834728e-06,0,3.1500000000000004
10,20,90,0,1,2,2,-0.00037015241478186234,0.00010604354042697536,0,3.1500000000000004
10,20,91,0,0,1,1,-4.6027863525980171e-05,-9.6725652148032513e-06,0,3.1500000000000004
10,20,92,0,1,2,2,-0.00036924577703967076,-0.00010642130156618255,0,3.1500000000000004
10,20,93,0,0,1,2,-0.0001423385148521233,7.5205003520395639e-06,0,3.1500000000000004
10,20,94,0,0,0,0,0.0012185425066714131,0,0,3.1500000000000004
10,21,1,1,0,1,1,-0.0056030942268031608,0,0,3.1500000000000004
10,21,2,0,2,2,2,-0.0028196983119463826,-0.00098878458680335584,0,3.1500000000000004
10,21,3,0,2,2,2,-0.0053657941891188691,-0.00099911807416207103,0,3.1500000000000004
10,21,4,0,0,0,0,0.00060819172418714602,0,0,3.1500000000000004
10,21,5,0,1,2,2,-0.00084945768965486346,0.00082731507427718566,0,3.1500000000000004
10,21,6,0,0,0,0,0.0022724301259342112,0,0,3.1500000000000004
10,21,7,0,0,0,0,0.00014229073766170214,0,0,3.1500000000000004
10,21,8,0,2,2,2,-0.0028334594413583995,0.0010057369153152519,0,3.1500000000000004
10,21,9,0,2,2,2,-0.0054099211137587427,0.001036755729601693,0,3.1500000000000004
10,21,10,0,0,0,0,0.00091899857000694299,0,0,3.1500000000000004
10,21,11,0,0,0,0,0.0012614974294169702,0,0,3.1500000000000004
10,21,12,0,0,0,0,0.0012486484121461891,0,0,3.1500000000000004
10,21,13,0,0,0,0,0.00090727867797313051,0,0,3.1500000000000004
10,21,14,1,0,1,1,-0.0057430762349495483,0,0,3.1500000000000004
10,21,15,0,0,0,0,0.00011842375646104307,0,0,3.1500000000000004
10,21,16,0,0,0,0,0.0022835800783710014,0,0,3.1500000000000004
10,21,17,0,1,2,2,-0.0009396469099679772,-0.00083545155824606707,0,3.1500000000000004
10,21,18,0,0,0,0,0.00056900994655740547,0,0,3.1500000000000004
10,21,19,0,0,0,0,0.00041491896927108875,0,0,3.1500000000000004
10,21,20,0,2,1,1,-0.00024419732647468261,0.00043488367348507533,0,3.1500000000000004
10,21,21,0,0,2,2,-0.00027806214824724714,4.712385188068141e-05,0,3.1500000000000004
10,21,22,0,2,2,2,-0.00077676693613043339,-0.00030108048002350208,0,3.1500000000000004
10,21,23,0,0,1,1,-0.00032107901037955946,0.00012939082680098554,0,3.1500000000000004
10,21,24,0,2,2,2,-0.00075816851665073319,-0.00054052288263895898,0,3.1500000000000004
10,21,25,0,0,0,0,0.00013253446013549157,0,0,3.1500000000000004
10,21,26,0,2,2,2,-0.00053392837255000953,1.1540090131730148e-05,0,3.1500000000000004
10,21,27,0,1,2,2,-9.9941184526682872e-05,3.4771729570023992e-05,0,3.1500000000000004
10,21,28,0,0,0,0,0.00011370972848060798,0,0,3.1500000000000004
10,21,29,0,0,0,0,6.9878059990629947e-05,0,0,3.1500000000000004
10,21,30,0,2,2,2,-0.00026274475268895926,-0.00025163883425679927,0,3.1500000000000004
10,21,31,0,0,0,0,0.00037530631433990957,0,0,3.1500000000000004
10,21,32,0,2,1,1,-0.000266755275985679,-0.00041725358619252895,0,3.1500000000000004
10,21,33,0,2,2,2,-0.00027046307940443737,0.0002724898172275415,0,3.1500000000000004
10,21,34,0,0,0,0,8.1248136110356295e-05,0,0,3.1500000000000004
10,21,35,0,0,0,0,9.0626437180410345e-05,0,0,3.1500000000000004
10,21,36,0,1,2,2,-0.00010581383310243281,-1.7748265054366097e-05,0,3.1500000000000004
10,21,37,0,2,2,2,-0.00076414322155396875,0.00058724992036628988,0,3.1500000000000004
10,21,38,0,0,1,1,-0.00032668133277182686,-0.00013331274639662177,0,3.1500000000000004
10,21,39,0,2,2,2,-0.0007978922997344106,0.00036452493092306798,0,3.1500000000000004
10,21,40,0,1,2,2,-0.00029954654129858385,-0.0001484702091621446,0,3.1500000000000004
10,21,41,0,0,1,1,-0.00023118578904862607,-0.00018278914370166893,0,3.1500000000000004
10,21,42,0,0,0,0,-0.00018292312644952255,0,0,3.1500000000000004
10,21,43,0,2,2,2,-0.00080857794705787526,-0.00048378248345449251,0,3.1500000000000004
10,21,44,0,2,2,2,-0.0010894515521429849,-0.00048581538101219647,0,3.1500000000000004
10,21,45,0,0,0,0,5.5130144314881188e-05,3.1500000000000002e-13,0,3.1500000000000004
10,21,46,0,2,2,2,-0.00046778471692989794,0.00014842103709607625,0,3.1500000000000004
10,21,47,0,0,0,0,2.8499829674181272e-06,3.1500000000000002e-13,0,3.1500000000000004
10,21,48,0,2,2,2,-0.00033976462016096126,-0.00030071272107324426,0,3.1500000000000004
10,21,49,0,1,1,1,-0.00017068753219023108,0.00030195318278918623,0,3.1500000000000004
10,21,50,0,2,2,2,-0.00052935770308500595,-0.00050442061350145417,0,3.1500000000000004
10,21,51,0,0,0,0,5.8002849508080537e-05,-3.1500000000000002e-13,0,3.1500000000000004
10,21,52,0,2,2,2,-0.000467070798087522,-0.00014932555571318232,0,3.1500000000000004
10,21,53,0,2,2,2,-0.00021018374316297822,-2.9446289763421721e-05,0,3.1500000000000004
10,21,54,0,2,1,1,-2.2422760562856892e-05,-3.8705963773924555e-05,0,3.1500000000000004
10,21,55,0,2,1,1,-2.3323270564330069e-05,4.6876583620472279e-05,0,3.1500000000000004
10,21,56,0,2,2,2,-0.00020943734935507735,3.7565653567640095e-05,0,3.1500000000000004
10,21,57,0,0,1,1,-0.000213545271599448,0.00019287788687080262,0,3.1500000000000004
10,21,58,0,0,0,0,-0.00016647427563461114,0,0,3.1500000000000004
10,21,59,0,2,2,2,-0.00053492005428300022,0.00051149839743783133,0,3.1500000000000004
10,21,60,0,1,1,1,-0.0001727350245171332,-0.00030130921194632766,0,3.1500000000000004
10,21,61,0,2,2,2,-0.00035262669133253525,0.0003088360383586517,0,3.1500000000000004
10,21,62,0,0,0,0,-3.0336703201005904e-06,-3.1500000000000002e-13,0,3.1500000000000004
10,21,63,0,2,2,2,-0.0010951169519688901,0.00047805982177280071,0,3.1500000000000004
10,21,64,0,2,2,2,-0.00080657174732473168,0.00047545764139617943,0,3.1500000000000004
10,21,65,0,1,2,2,-0.00021421396730234393,-8.3205441179369201e-05,0,3.1500000000000004
10,21,66,0,0,0,0,-0.00023322166991868304,0,0,3.1500000000000004
10,21,67,0,0,0,0,4.5680152979308904e-05,-3.1500000000000002e-13,0,3.1500000000000004
10,21,68,0,2,2,2,-0.0012126853976748525,-0.00015587038942264177,0,3.1500000000000004
10,21,69,0,2,2,2,-0.00044337095918791308,-0.00030691939544014434,0,3.1500000000000004
10,21,70,0,2,2,2,-0.00031893257063554475,-0.0002950675601825948,0,3.1500000000000004
10,21,71,0,0,0,0,6.701183036539149e-05,0,0,3.1500000000000004
10,21,72,0,2,2,2,-0.00027039459829466574,-5.936616872457527e-07,0,3.1500000000000004
10,21,73,0,2,2,2,-8.2148893456396446e-05,-7.342324510149649e-05,0,3.1500000000000004
10,21,74,0,0,0,0,5.8018036358002688e-05,0,0,3.1500000000000004
10,21,75,0,2,1,1,-6.3712872366625134e-05,-0.00013323573138485548,0,3.1500000000000004
10,21,76,0,2,2,2,-0.00025002763034085438,-0.00012702286316303857,0,3.1500000000000004
10,21,77,0,1,2,2,-0.00021297654740387624,8.5779810525807976e-05,0,3.1500000000000004
10,21,78,0,0,0,0,-0.00022879092559528885,0,0,3.1500000000000004
10,21,79,0,2,2,2,-0.00025197467538141813,0.00013089316157466265,0,3.1500000000000004
10,21,80,0,2,1,1,-6.4351924439341938e-05,0.00013715758538785573,0,3.1500000000000004
10,21,81,0,0,0,0,5.5213739876912776e-05,0,0,3.1500000000000004
10,21,82,0,2,2,2,-8.2520704190880455e-05,7.7293008174688662e-05,0,3.1500000000000004
10,21,83,0,2,2,2,-0.00032018701991177458,0.00029443734992364089,0,3.1500000000000004
10,21,84,0,2,2,2,-0.00044566718681843227,0.0003063740782057722,0,3.1500000000000004
10,21,85,0,2,2,2,-0.0012187409968161379,0.00015517503143489732,0,3.1500000000000004
10,21,86,0,0,0,0,4.4305175028322528e-05,3.1500000000000002e-13,0,3.1500000000000004
10,21,87,0,0,2,2,-0.00013883159463486111,5.6101257525751697e-05,0,3.1500000000000004
10,21,88,0,0,0,0,0.0012245807258237536,0,0,3.1500000000000004
10,21,89,0,0,1,1,-5.3631057465120772e-05,1.5721160040186914e-05,0,3.1500000000000004
10,21,90,0,1,2,2,-0.00036226887913130026,0.00011226378358686986,0,3.1500000000000004
10,21,91,0,0,1,1,-5.3632123419704745e-05,-1.5615388317552842e-05,0,3.1500000000000004
10,21,92,0,1,2,2,-0.00036128770183938697,-0.00011276217372154017,0,3.1500000000000004
10,21,93,0,0,2,2,-0.00013876763811522682,-5.6073043622123468e-05,0,3.1500000000000004
10,21,94,0,0,0,0,0.0012303506144610468,0,0,3.1500000000000004
