step,contact,m0_0,m0_1,m0_2,o3,o4,o5,o0,o1,o2,m_i0,fric_ang,coh,tens
2,1,2,0,2,-0.032613227706609717,-0.00066709457988425977,1.000159462601077,-0.029720839983503927,-0.00096824455649095862,0,0,30,0,0
2,2,2,0,2,-0.029720839983503927,-0.00096824455649095862,0.99969837103019787,-0.029720840175316461,0.00096824466712985954,0,0,30,0,0
2,3,0,0,0,-0.032713902591026564,-0.00020327849663703866,0.49951012968739078,0,0,0.0001012104620324507,0,30,0,0
2,4,2,0,2,-0.032896504783326855,0.00013959352465067761,0.49951002181007487,-0.0008057716870345634,0.00023074616122415598,0,0,30,0,0
2,5,2,0,2,-0.032847519173536774,-0.00017305639599878489,0.50038824399389414,-0.0061811731027117678,-0.00070703516408884349,0.49999999960624997,0,30,0,0
2,6,2,0,2,-0.032847519294899048,0.00017305692493060047,0.50038389106101289,-0.0074579910807173813,-0.00061806896631449396,0.49999999960624997,0,30,0,0
2,7,2,0,2,-0.032896504665871865,-0.00013959301241701477,0.49956068617475319,-0.0003126499206494625,-4.8985609790080931e-05,0,0,30,0,0
2,8,2,0,2,-0.03271390275023206,0.00020327900318985138,0.49955943185119939,-0.0004166146575580591,-4.6477605654543508e-05,0,0,30,0,0
2,9,2,0,2,-0.032613227669186819,0.00066709501941011266,0.50008538123016033,-0.0060285017288847428,-1.1090696856704925e-05,0.49999999960624997,0,30,0,0
2,10,2,0,2,-0.029720840175316461,0.00096824466712985954,0.50008561505584825,-0.0059504269414876118,9.8736522945719874e-05,0.49999999960624997,0,30,0,0
2,11,2,0,2,0,0,0.50014597251075266,-0.0059473762099488958,-0.00022811799053607443,0.49999999960624997,0,30,0,0
2,12,2,0,2,-0.0008057716870345634,0.00023074616122415598,0.50014574081519336,-0.006024803127764343,-0.00011071282828719386,0.49999999960624997,0,30,0,0
2,13,2,0,2,-0.0061811731027117678,-0.00070703516408884349,0.49953621522872277,-0.00031264993734761524,4.8985370972823294e-05,0,0,30,0,0
2,14,2,0,2,-0.0074579910807173813,-0.00061806896631449396,0.49953619625772144,-0.00041661466212395001,4.6477365949926241e-05,0,0,30,0,0
2,15,2,0,2,-0.0003126499206494625,-4.8985609790080931e-05,0.50012620386398843,-0.0060077279332570108,6.9470855324537295e-05,0.49999999960624997,0,30,0,0
2,16,2,0,2,-0.0004166146575580591,-4.6477605654543508e-05,0.500126245489111,-0.0059938538156034393,0.00018849666702198468,0.49999999960624997,0,30,0,0
2,17,2,0,2,-0.0060285017288847428,-1.1090696856704925e-05,0.50012624652702764,-0.0059938536976800114,-0.00018849559452314852,0.49999999960624997,0,30,0,0
2,18,2,0,2,-0.0059504269414876118,9.8736522945719874e-05,0.50012620490208759,-0.0060077277236142285,-6.9469781964392457e-05,0.49999999960624997,0,30,0,0
2,19,0,0,0,-0.0059473762099488958,-0.00022811799053607443,0.49951012801312866,0,0,0.99989878618561401,0,30,0,0
2,20,2,0,2,-0.006024803127764343,-0.00011071282828719386,0.49962529601685346,-0.00080577179536927635,-0.00023074635273912653,0,0,30,0,0
2,21,2,0,2,-0.00031264993734761524,4.8985370972823294e-05,0.50014573977893795,-0.006024803324296904,0.00011071390807590587,0.49999999960624997,0,30,0,0
2,22,2,0,2,-0.00041661466212395001,4.6477365949926241e-05,0.50014597147463491,-0.0059473763317300851,0.00022811906760080149,0.49999999960624997,0,30,0,0
2,23,2,0,2,-0.0060077279332570108,6.9470855324537295e-05,0.50008561611115265,-0.0059504268658937404,-9.8735485808562726e-05,0.49999999960624997,0,30,0,0
2,24,2,0,2,-0.0059938538156034393,0.00018849666702198468,0.50008538228583976,-0.006028501501169431,1.109173213967629e-05,0.49999999960624997,0,30,0,0
2,25,2,0,2,-0.0059938536976800114,-0.00018849559452314852,0.50038389005869532,-0.0074579913724724493,0.00061807011836578622,0.49999999960624997,0,30,0,0
2,26,2,0,2,-0.0060077277236142285,-6.9469781964392457e-05,0.50038824299223639,-0.0061811732186328669,0.00070703630956071373,0.49999999960624997,0,30,0,0
2,27,2,0,2,0,0,0.49982649933841966,-9.9622131430488945e-05,-3.6986011203998803e-06,0,0,30,0,0
2,28,2,0,2,-0.00080577179536927635,-0.00023074635273912653,0.49983968889623709,-0.00023597413380489933,-3.0076326481429105e-05,0,0,30,0,0
2,29,2,0,2,-0.006024803324296904,0.00011071390807590587,0.50010208373505272,-0.0022499256667822889,0.00013245369947261054,0.49999999960624997,0,30,0,0
2,30,2,0,2,-0.0059473763317300851,0.00022811906760080149,0.50010110940603836,-0.0029932666335640221,0.00019130095737809717,0.49999999960624997,0,30,0,0
2,31,2,0,2,-0.0059504268658937404,-9.8735485808562726e-05,0.50008951821989167,-0.0021578346374608662,-0.00015869271931954077,0.49999999960624997,0,30,0,0
2,32,2,0,2,-0.006028501501169431,1.109173213967629e-05,0.50008932679810325,-0.002328516902759481,-0.00010755425726413356,0.49999999960624997,0,30,0,0
2,33,2,0,2,-0.0074579913724724493,0.00061807011836578622,0.49983969331220846,-0.00013894063728892974,-2.0964278230062305e-10,0,0,30,0,0
2,34,2,0,2,-0.0061811732186328669,0.00070703630956071373,0.49983969331225825,-0.00016951681126054695,-2.0974327136213944e-10,0,0,30,0,0
2,35,2,0,2,-9.9622131430488945e-05,-3.6986011203998803e-06,0.50004883108992904,-0.0021727304038562587,3.3720894668555226e-05,0.49999999960624997,0,30,0,0
2,36,2,0,2,-0.00023597413380489933,-3.0076326481429105e-05,0.50004881454166472,-0.0021879109639422953,7.7281414485358532e-05,0.49999999960624997,0,30,0,0
2,37,2,0,2,-0.0022499256667822889,0.00013245369947261054,0.50005342433913968,-0.0021745636292052964,-8.4757799305969884e-05,0.49999999960624997,0,30,0,0
2,38,2,0,2,-0.0029932666335640221,0.00019130095737809717,0.50005340920694419,-0.002188437697497457,-4.2934467836072961e-05,0.49999999960624997,0,30,0,0
2,39,2,0,2,-0.0021578346374608662,-0.00015869271931954077,0.49982466722329888,-9.9622175936229577e-05,3.6981768725269371e-06,0,0,30,0,0
2,40,2,0,2,-0.002328516902759481,-0.00010755425726413356,0.49982465578034496,-0.00023597410620639666,3.0075904162901734e-05,0,0,30,0,0
2,41,2,0,2,-0.00013894063728892974,-2.0964278230062305e-10,0.50005340823851785,-0.0021884379142441956,4.2935681102801019e-05,0.49999999960624997,0,30,0,0
2,42,2,0,2,-0.00016951681126054695,-2.0974327136213944e-10,0.5000534233706897,-0.0021745638389485678,8.4759011954577051e-05,0.49999999960624997,0,30,0,0
2,43,2,0,2,-0.0021727304038562587,3.3720894668555226e-05,0.5000488155174837,-0.0021879107788398341,-7.72802161083312e-05,0.49999999960624997,0,30,0,0
2,44,2,0,2,-0.0021879109639422953,7.7281414485358532e-05,0.50004883206576167,-0.0021727301730538259,-3.3719697187620569e-05,0.49999999960624997,0,30,0,0
2,45,2,0,2,-0.0021745636292052964,-8.4757799305969884e-05,0.50008932580911325,-0.0023285171083054501,0.00010755542939195812,0.49999999960624997,0,30,0,0
2,46,2,0,2,-0.002188437697497457,-4.2934467836072961e-05,0.5000895172308446,-0.0021578348746769324,0.00015869389009806546,0.49999999960624997,0,30,0,0
2,47,2,0,2,-9.9622175936229577e-05,3.6981768725269371e-06,0.50010111038914906,-0.0029932664621969245,-0.0001912997742686306,0.49999999960624997,0,30,0,0
2,48,2,0,2,-0.00023597410620639666,3.0075904162901734e-05,0.50010208471804274,-0.00224992550517851,-0.00013245251682902161,0.49999999960624997,0,30,0,0
2,49,2,0,2,-0.0021884379142441956,4.2935681102801019e-05,0.49990186417926513,-0.00024000795673674409,7.8591235977192031e-05,0,0,30,0,0
2,50,0,0,0,-0.0021745638389485678,8.4759011954577051e-05,0.499901856015596,0,0,0.00013127734409069193,0,30,0,0
2,51,2,0,2,-0.0021879107788398341,-7.72802161083312e-05,0.49985908690314157,-0.0009676974007975167,0.00029322135192501938,0.49999999960624997,0,30,0,0
2,52,2,0,2,-0.0021727301730538259,-3.3719697187620569e-05,0.49985926775267542,-0.00046156855542608261,0.00029437934990167788,0.49999999960624997,0,30,0,0
2,53,2,0,2,-0.0023285171083054501,0.00010755542939195812,0.49993411923857983,-7.665536250462818e-05,1.5707293641198383e-05,0,0,30,0,0
2,54,2,0,2,-0.0021578348746769324,0.00015869389009806546,0.49993411957927697,-6.7181970343674761e-05,1.4157682895754586e-05,0,0,30,0,0
2,55,2,0,2,-0.0029932664621969245,-0.0001912997742686306,0.50000224678468108,-0.00076998490042604756,-1.5854083085015194e-05,0.49999999960624997,0,30,0,0
2,56,2,0,2,-0.00224992550517851,-0.00013245251682902161,0.50000222006497352,-0.00083651475653773177,-6.9872890995064871e-06,0.49999999960624997,0,30,0,0
2,57,2,0,2,-0.00024000795673674409,7.8591235977192031e-05,0.50002677116107608,-0.00079894101078278185,-4.4862639707541488e-05,0.49999999960624997,0,30,0,0
2,58,2,0,2,0,0,0.50002677192959644,-0.00079701479801259911,-3.3189034636617173e-05,0.49999999960624997,0,30,0,0
2,59,2,0,2,-0.0009676974007975167,0.00029322135192501938,0.49994197129140072,-7.6655378290421588e-05,-1.5707741190369717e-05,0,0,30,0,0
2,60,2,0,2,-0.00046156855542608261,0.00029437934990167788,0.49994119650056473,-6.7181953007812035e-05,-1.4158129157774979e-05,0,0,30,0,0
2,61,2,0,2,-7.665536250462818e-05,1.5707293641198383e-05,0.50001549818635582,-0.00078540304886333401,8.908537123330932e-06,0.49999999960624997,0,30,0,0
2,62,2,0,2,-6.7181970343674761e-05,1.4157682895754586e-05,0.50001549842961768,-0.00078478332788702726,2.2319330636133277e-05,0.49999999960624997,0,30,0,0
2,63,2,0,2,-0.00076998490042604756,-1.5854083085015194e-05,0.50001549940725609,-0.00078478312202904382,-2.2318135719337748e-05,0.49999999960624997,0,30,0,0
2,64,2,0,2,-0.00083651475653773177,-6.9872890995064871e-06,0.50001549916398336,-0.00078540284323824761,-8.9073425166087252e-06,0.49999999960624997,0,30,0,0
2,65,2,0,2,-0.00079894101078278185,-4.4862639707541488e-05,0.49994112356382731,-0.0002400079462209797,-7.8591603126940135e-05,0,0,30,0,0
2,66,0,0,0,-0.00079701479801259911,-3.3189034636617173e-05,0.49990185425627659,0,0,0.99986871913577868,0,30,0,0
2,67,2,0,2,-7.6655378290421588e-05,-1.5707741190369717e-05,0.50002677094366876,-0.0007970149994872347,3.3190212059708246e-05,0.49999999960624997,0,30,0,0
2,68,2,0,2,-6.7181953007812035e-05,-1.4158129157774979e-05,0.50002677017512354,-0.0007989412511868188,4.4863817288474291e-05,0.49999999960624997,0,30,0,0
2,69,2,0,2,-0.00078540304886333401,8.908537123330932e-06,0.50000222106253456,-0.00083651454050861357,6.9884434159323947e-06,0.49999999960624997,0,30,0,0
2,70,2,0,2,-0.00078478332788702726,2.2319330636133277e-05,0.50000224778225077,-0.00076998462494380637,1.5855238301089612e-05,0.49999999960624997,0,30,0,0
2,71,2,0,2,-0.00078478312202904382,-2.2318135719337748e-05,0.4998592667612009,-0.00046156874663495426,-0.00029437818304869001,0.49999999960624997,0,30,0,0
2,72,2,0,2,-0.00078540284323824761,-8.9073425166087252e-06,0.49985908591163575,-0.00096769755446004385,-0.00029322018473959592,0.49999999960624997,0,30,0,0
2,73,0,0,1,-1.7334951551601979e-05,3.1500000000000002e-13,0.49996585062058174,-1.7334951551601979e-05,3.1500000000000002e-13,2.7031995731173634e-05,0,30,0,0
2,74,0,0,0,0,0,0.49996585029066332,0,0,2.7681795286965187e-05,0,30,0,0
2,75,2,0,2,-0.0007970149994872347,3.3190212059708246e-05,0.50004967569591097,-0.0002350026205097111,8.7889186694028467e-05,0.49999999960624997,0,30,0,0
2,76,2,0,2,-0.0007989412511868188,4.4863817288474291e-05,0.5000496700115159,-0.00027921853564637916,9.9401826477839988e-05,0.49999999960624997,0,30,0,0
2,77,2,0,2,-0.00083651454050861357,6.9884434159323947e-06,0.49997705494876971,-0.00028690862291664426,4.8126398051936233e-05,0.49999999960624997,0,30,0,0
2,78,2,0,2,-0.00076998462494380637,1.5855238301089612e-05,0.4999770625852144,-0.00022753134026049643,5.7377560008401362e-05,0.49999999960624997,0,30,0,0
2,79,2,0,2,-0.00046156874663495426,-0.00029437818304869001,0.49997936448552716,-1.7815879639939655e-05,-2.0562508640242783e-10,0,0,30,0,0
2,80,2,0,2,-0.00096769755446004385,-0.00029322018473959592,0.49997936448466018,-1.7257703784518647e-05,-2.0388939148130447e-10,0,0,30,0,0
2,81,2,0,2,-1.7334951551601979e-05,3.1500000000000002e-13,0.50000505508018656,-0.00025015050729998434,1.4329963946250819e-06,0.49999999960624997,0,30,0,0
2,82,2,0,2,0,0,0.50000505392404959,-0.00025922929352570345,7.8773472724171073e-06,0.49999999960624997,0,30,0,0
2,83,2,0,2,-0.0002350026205097111,8.7889186694028467e-05,0.50000546903595045,-0.00025560753997651287,-8.628356021357236e-06,0.49999999960624997,0,30,0,0
2,84,2,0,2,-0.00027921853564637916,9.9401826477839988e-05,0.50000546895664966,-0.00025622726250757594,-2.2578799241643528e-06,0.49999999960624997,0,30,0,0
2,85,0,0,1,-1.733497375861863e-05,-3.1500000000000002e-13,0.49996584880616779,-1.733497375861863e-05,-3.1500000000000002e-13,0.99997296437702665,0,30,0,0
2,86,0,0,0,-0.00022753134026049643,5.7377560008401362e-05,0.49996584847624909,0,0,0.99997231457219959,0,30,0,0
2,87,2,0,2,-1.7815879639939655e-05,-2.0562508640242783e-10,0.50000546787755162,-0.00025622746352035181,2.2588713337182113e-06,0.49999999960624997,0,30,0,0
2,88,2,0,2,-1.7257703784518647e-05,-2.0388939148130447e-10,0.50000546795684708,-0.00025560774386590435,8.6293477631614126e-06,0.49999999960624997,0,30,0,0
2,89,2,0,2,-0.00025015050729998434,1.4329963946250819e-06,0.50000505499054482,-0.0002592290541675174,-7.8763268294173612e-06,0.49999999960624997,0,30,0,0
2,90,2,0,2,-0.00025922929352570345,7.8773472724171073e-06,0.5000050561466719,-0.00025015029886850393,-1.4319790567178258e-06,0.49999999960624997,0,30,0,0
2,91,2,0,2,-0.00025560753997651287,-8.628356021357236e-06,0.49997706148577548,-0.00022753145382294754,-5.7376608620334375e-05,0.49999999960624997,0,30,0,0
2,92,2,0,2,-0.00025622726250757594,-2.2578799241643528e-06,0.49997705384930208,-0.00028690886578832536,-4.8125450496395299e-05,0.49999999960624997,0,30,0,0
2,93,2,0,2,-1.733497375861863e-05,-3.1500000000000002e-13,0.50004967104792331,-0.00027921826418813439,-9.9400739665873937e-05,0.49999999960624997,0,30,0,0
2,94,2,0,2,0,0,0.50004967673228573,-0.00023500250196095002,-8.7888109836192763e-05,0.49999999960624997,0,30,0,0
2,95,2,0,2,-0.00025622746352035181,2.2588713337182113e-06,0.49999759067090865,-3.0511626685627111e-05,-7.4712802492146735e-06,0,0,30,0,0
2,96,0,0,0,-0.00025560774386590435,8.6293477631614126e-06,0.49999385641065708,0,0,0.99999775695375615,0,30,0,0
2,97,0,0,1,-3.6908763187894347e-06,3.1500000000000002e-13,0.49999188695386804,-3.6908763187894347e-06,3.1500000000000002e-13,6.0768334981333816e-06,0,30,0,0
2,98,0,0,0,-0.00025015029886850393,-1.4319790567178258e-06,0.49999188695294777,0,0,6.1820012258924389e-06,0,30,0,0
2,99,0,0,1,-3.6908503904360368e-06,-3.1500000000000002e-13,0.49999188517412962,-3.6908503904360368e-06,-3.1500000000000002e-13,0.99999391960698891,0,30,0,0
2,100,0,0,0,-0.00028690886578832536,-4.8125450496395299e-05,0.49999188517320947,0,0,0.99999381444018187,0,30,0,0
2,101,2,0,2,-0.00027921826418813439,-9.9400739665873937e-05,0.49999385906963156,-3.0511501215858402e-05,7.4710481380024785e-06,0,0,30,0,0
2,102,0,0,0,-0.00023500250196095002,-8.7888109836192763e-05,0.49999385810278052,0,0,2.2396610427569551e-06,0,30,0,0
3,1,2,0,2,-0.043161845496193563,-0.0079782116796624676,0.99985729658370126,-0.043161845496193563,-0.0079782116796624676,0,0,30,0,0
3,2,2,0,2,-0.043150727992322127,0.0075264795502988811,0.99631838968911157,-0.043150727992322127,0.0075264795502988811,0,0,30,0,0
3,3,0,0,0,0,0,0.49705949855071152,0,0,0.99460166144258411,0,30,0,0
3,4,2,0,2,-0.0054638546254759538,-0.0056627079055522628,0.4998826774498904,-0.0054638546254759538,-0.0056627079055522628,0,0,30,0,0
3,5,0,0,0,0,0,0.5031196730103199,0,0,0.49688672223961472,0,30,0,0
3,6,2,0,2,-0.01110729604547854,-0.0062623388978892986,0.50309086378058632,-0.01110729604547854,-0.0062623388978892986,0.49999999960624997,0,30,0,0
3,7,2,0,2,-0.00037765527004721654,-0.00022731745560533915,0.49993253541839489,-0.00037765527004721654,-0.00022731745560533915,0,0,30,0,0
3,8,2,0,2,-0.00056978924389546764,-0.0002234319098106506,0.49993063277628441,-0.00056978924389546764,-0.0002234319098106506,0,0,30,0,0
3,9,2,0,2,-0.0037936593871447802,-0.00076510278467905018,0.49958000889798687,-0.0037936593871447802,-0.00076510278467905018,0.49999999960624997,0,30,0,0
3,10,2,0,2,-0.002856754460995183,-0.00084692266038758636,0.4995815690902688,-0.002856754460995183,-0.00084692266038758636,0.49999999960624997,0,30,0,0
3,11,2,0,2,-0.0032470406518331088,-0.00046976987800741773,0.50024826777669062,-0.0032470406518331088,-0.00046976987800741773,0.49999999960624997,0,30,0,0
3,12,2,0,2,-0.0033531809596304548,-0.00057071681108609518,0.50024809048946739,-0.0033531809596304548,-0.00057071681108609518,0.49999999960624997,0,30,0,0
3,13,2,0,2,-0.00037803049246918513,0.00022571233767486239,0.49981959572675189,-0.00037803049246918513,0.00022571233767486239,0,0,30,0,0
3,14,2,0,2,-0.00056756195202718989,0.00022221935695561606,0.49981955095251163,-0.00056756195202718989,0.00022221935695561606,0,0,30,0,0
3,15,2,0,2,-0.0034516885786537374,0.00012285776315504852,0.50006332936908737,-0.0034516885786537374,0.00012285776315504852,0.49999999960624997,0,30,0,0
3,16,2,0,2,-0.0034705376159888603,9.9668085521169392e-05,0.50006329823049822,-0.0034705376159888603,9.9668085521169392e-05,0.49999999960624997,0,30,0,0
3,17,2,0,2,-0.0034705538123795212,-9.9941581926334998e-05,0.50006344524285495,-0.0034705538123795212,-9.9941581926334998e-05,0.49999999960624997,0,30,0,0
3,18,2,0,2,-0.0034516787548183937,-0.00012314869554177677,0.50006347642634252,-0.0034516787548183937,-0.00012314869554177677,0.49999999960624997,0,30,0,0
3,19,0,0,0,0,0,0.49704552668599705,0,0,0.005432047865838301,0,30,0,0
3,20,2,0,2,-0.0054430143779808492,0.0057067921481986179,0.49705745533059986,-0.0054430143779808492,0.0057067921481986179,0,0,30,0,0
3,21,2,0,2,-0.0033519191792466246,0.00056786748670357567,0.50024686539500995,-0.0033519191792466246,0.00056786748670357567,0.49999999960624997,0,30,0,0
3,22,2,0,2,-0.0032483653236015041,0.00046729696732408788,0.50024703841150009,-0.0032483653236015041,0.00046729696732408788,0.49999999960624997,0,30,0,0
3,23,2,0,2,-0.002853084328393742,0.00084386956046820887,0.4995830721266703,-0.002853084328393742,0.00084386956046820887,0.49999999960624997,0,30,0,0
3,24,2,0,2,-0.003793140232031542,0.0007625231525259221,0.49958150768566628,-0.003793140232031542,0.0007625231525259221,0.49999999960624997,0,30,0,0
3,25,2,0,2,-0.011108789857126548,0.0062641680994793402,0.50308064466814406,-0.011108789857126548,0.0062641680994793402,0.49999999960624997,0,30,0,0
3,26,0,0,0,0,0,0.50310941957133271,0,0,0.50310304735704581,0,30,0,0
3,27,0,0,0,0,0,0.49964350943222641,0,0,0.99955940140072252,0,30,0,0
3,28,2,0,2,-0.00070561302574107562,-0.00049346116586580378,0.49989014490519518,-0.00070561302574107562,-0.00049346116586580378,0,0,30,0,0
3,29,2,0,2,-0.0024224061244227748,-0.00032627728160947216,0.49984327865726613,-0.0024224061244227748,-0.00032627728160947216,0.49999999960624997,0,30,0,0
3,30,2,0,2,-0.0042705411398741462,-0.0003392296575570974,0.49984018643878941,-0.0042705411398741462,-0.0003392296575570974,0.49999999960624997,0,30,0,0
3,31,2,0,2,-0.0016909909388886169,-0.0006636049274090386,0.50033927041820703,-0.0016909909388886169,-0.0006636049274090386,0.49999999960624997,0,30,0,0
3,32,2,0,2,-0.002703715357628977,-0.00066391862720003821,0.50033815778034985,-0.002703715357628977,-0.00066391862720003821,0.49999999960624997,0,30,0,0
3,33,2,0,2,-0.00024604542371204946,-1.0225343985963299e-08,0.49989034734600496,-0.00024604542371204946,-1.0225343985963299e-08,0,0,30,0,0
3,34,2,0,2,-0.00022821131447457998,2.4373808862597049e-10,0.49989034200262117,-0.00022821131447457998,2.4373808862597049e-10,0,0,30,0,0
3,35,2,0,2,-0.002217508143689882,3.0222427930185065e-05,0.50002853161444871,-0.002217508143689882,3.0222427930185065e-05,0.49999999960624997,0,30,0,0
3,36,2,0,2,-0.0021847283547283057,4.1892031067258234e-05,0.50002856776481686,-0.0021847283547283057,4.1892031067258234e-05,0.49999999960624997,0,30,0,0
3,37,2,0,2,-0.0022315986029726211,-0.00011420002553205553,0.50006709958028039,-0.0022315986029726211,-0.00011420002553205553,0.49999999960624997,0,30,0,0
3,38,2,0,2,-0.0022135367408573615,-0.00010739257473942659,0.50006711956701311,-0.0022135367408573615,-0.00010739257473942659,0.49999999960624997,0,30,0,0
3,39,0,0,0,0,0,0.4996431642283849,0,0,0.00044133809917697771,0,30,0,0
3,40,2,0,2,-0.00070576272779162294,0.00049442122322466075,0.49964304921330521,-0.00070576272779162294,0.00049442122322466075,0,0,30,0,0
3,41,2,0,2,-0.0022134997854196606,0.00010716910065770375,0.50006701489701721,-0.0022134997854196606,0.00010716910065770375,0.49999999960624997,0,30,0,0
3,42,2,0,2,-0.0022315977411080865,0.00011399375549438833,0.50006699487030326,-0.0022315977411080865,0.00011399375549438833,0.49999999960624997,0,30,0,0
3,43,2,0,2,-0.0021847290693377429,-4.2157161385992247e-05,0.50002869880805723,-0.0021847290693377429,-4.2157161385992247e-05,0.49999999960624997,0,30,0,0
3,44,2,0,2,-0.0022175365935963071,-3.0464021173510545e-05,0.50002866262696943,-0.0022175365935963071,-3.0464021173510545e-05,0.49999999960624997,0,30,0,0
3,45,2,0,2,-0.0027035651811980533,0.00066392538887042945,0.5003381367909745,-0.0027035651811980533,0.00066392538887042945,0.49999999960624997,0,30,0,0
3,46,2,0,2,-0.0016903088557077702,0.00066357345684547571,0.50033924980254341,-0.0016903088557077702,0.00066357345684547571,0.49999999960624997,0,30,0,0
3,47,2,0,2,-0.0042708137560545142,0.0003393172899117256,0.49984014350002859,-0.0042708137560545142,0.0003393172899117256,0.49999999960624997,0,30,0,0
3,48,2,0,2,-0.0024222357384831323,0.00032631917320893151,0.49984323650691059,-0.0024222357384831323,0.00032631917320893151,0.49999999960624997,0,30,0,0
3,49,2,0,2,-0.00033777081524974053,0.00028104686292031709,0.49979556909824796,-0.00033777081524974053,0.00028104686292031709,0,0,30,0,0
3,50,0,0,0,0,0,0.49979554541481291,0,0,0.00032167849775520906,0,30,0,0
3,51,2,0,2,-0.001465473447512855,0.00037925879840159353,0.49981905573846169,-0.001465473447512855,0.00037925879840159353,0.49999999960624997,0,30,0,0
3,52,2,0,2,-0.00074631762359967681,0.00038140576965606872,0.49981945352330209,-0.00074631762359967681,0.00038140576965606872,0.49999999960624997,0,30,0,0
3,53,2,0,2,-0.00013761634448622326,-3.9704815679422489e-06,0.49993609916767467,-0.00013761634448622326,-3.9704815679422489e-06,0,0,30,0,0
3,54,2,0,2,-0.00012816223219220798,-3.399718464366506e-06,0.4999358131982089,-0.00012816223219220798,-3.399718464366506e-06,0,0,30,0,0
3,55,2,0,2,-0.0010281184684966067,-7.5602687873812244e-05,0.49996982221667297,-0.0010281184684966067,-7.5602687873812244e-05,0.49999999960624997,0,30,0,0
3,56,2,0,2,-0.001144133177655516,-7.7851545574504191e-05,0.49996975921628645,-0.001144133177655516,-7.7851545574504191e-05,0.49999999960624997,0,30,0,0
3,57,2,0,2,-0.0010686810284280741,-0.00010241989481907418,0.50005711583354606,-0.0010686810284280741,-0.00010241989481907418,0.49999999960624997,0,30,0,0
3,58,2,0,2,-0.0010859916605419132,-9.8970822770620077e-05,0.50005710650570467,-0.0010859916605419132,-9.8970822770620077e-05,0.49999999960624997,0,30,0,0
3,59,2,0,2,-0.00013763458588049983,4.037153999122457e-06,0.49993408806121903,-0.00013763458588049983,4.037153999122457e-06,0,0,30,0,0
3,60,2,0,2,-0.00012816758822634241,3.452369007038801e-06,0.49993408869038958,-0.00012816758822634241,3.452369007038801e-06,0,0,30,0,0
3,61,2,0,2,-0.0010696204891866964,1.7556739468723409e-05,0.50001877647658022,-0.0010696204891866964,1.7556739468723409e-05,0.49999999960624997,0,30,0,0
3,62,2,0,2,-0.0010720794720452159,2.5743310732159276e-05,0.50001877516221538,-0.0010720794720452159,2.5743310732159276e-05,0.49999999960624997,0,30,0,0
3,63,2,0,2,-0.0010720871196478513,-2.5774963869370855e-05,0.50001879241374891,-0.0010720871196478513,-2.5774963869370855e-05,0.49999999960624997,0,30,0,0
3,64,2,0,2,-0.001069623049823377,-1.7588098681047717e-05,0.50001879373083713,-0.001069623049823377,-1.7588098681047717e-05,0.49999999960624997,0,30,0,0
3,65,2,0,2,-0.00033790464775420085,-0.00028082242121226094,0.49993594703137773,-0.00033790464775420085,-0.00028082242121226094,0,0,30,0,0
3,66,0,0,0,0,0,0.49979553958765643,0,0,0.99967831098754178,0,30,0,0
3,67,2,0,2,-0.0010859421166900906,9.8950534631442747e-05,0.50005709169153445,-0.0010859421166900906,9.8950534631442747e-05,0.49999999960624997,0,30,0,0
3,68,2,0,2,-0.0010686348415929806,0.00010239370800360463,0.50005710101715284,-0.0010686348415929806,0.00010239370800360463,0.49999999960624997,0,30,0,0
3,69,2,0,2,-0.0011440717230700983,7.7838636493056133e-05,0.4999697668595327,-0.0011440717230700983,7.7838636493056133e-05,0.49999999960624997,0,30,0,0
3,70,2,0,2,-0.0010280775026093717,7.5584382033195335e-05,0.49996982984582178,-0.0010280775026093717,7.5584382033195335e-05,0.49999999960624997,0,30,0,0
3,71,2,0,2,-0.00074633209528827222,-0.00038137151693703997,0.49981946856275816,-0.00074633209528827222,-0.00038137151693703997,0.49999999960624997,0,30,0,0
3,72,2,0,2,-0.0014654194127987495,-0.0003792247141975339,0.49981907082292859,-0.0014654194127987495,-0.0003792247141975339,0.49999999960624997,0,30,0,0
3,73,0,0,1,-2.3368414010048612e-05,3.1500000000000002e-13,0.49994184944311587,-2.3368414010048612e-05,3.1500000000000002e-13,5.7876616668549822e-05,0,30,0,0
3,74,0,0,0,0,0,0.49994184863969499,0,0,5.4953453732365747e-05,0,30,0,0
3,75,2,0,2,-0.00038422965175436709,0.00014316907103056344,0.5000802687847683,-0.00038422965175436709,0.00014316907103056344,0.49999999960624997,0,30,0,0
3,76,2,0,2,-0.00050824841745339194,0.00016058920956986438,0.50008024111672922,-0.00050824841745339194,0.00016058920956986438,0.49999999960624997,0,30,0,0
3,77,2,0,2,-0.00046393107588446999,7.106132005769991e-05,0.49996617434105034,-0.00046393107588446999,7.106132005769991e-05,0.49999999960624997,0,30,0,0
3,78,2,0,2,-0.0003763167157924826,8.5003153776358237e-05,0.49996619274674892,-0.0003763167157924826,8.5003153776358237e-05,0.49999999960624997,0,30,0,0
3,79,2,0,2,-3.5144569699252157e-05,2.6433155866011735e-09,0.49997078446648108,-3.5144569699252157e-05,2.6433155866011735e-09,0,0,30,0,0
3,80,2,0,2,-2.6410340402070158e-05,1.415794540328623e-09,0.49997078499995712,-2.6410340402070158e-05,1.415794540328623e-09,0,0,30,0,0
3,81,2,0,2,-0.00039791320906705225,1.346282467927198e-06,0.50000657688865824,-0.00039791320906705225,1.346282467927198e-06,0.49999999960624997,0,30,0,0
3,82,2,0,2,-0.00040898544222132472,9.7436658789690833e-06,0.50000657465504639,-0.00040898544222132472,9.7436658789690833e-06,0.49999999960624997,0,30,0,0
3,83,2,0,2,-0.00041070429022217069,-1.3208880141020434e-05,0.50000845293918927,-0.00041070429022217069,-1.3208880141020434e-05,0.49999999960624997,0,30,0,0
3,84,2,0,2,-0.00040824976460834145,-5.0953069397654789e-06,0.50000845344180644,-0.00040824976460834145,-5.0953069397654789e-06,0.49999999960624997,0,30,0,0
3,85,0,0,1,-2.3366431723796059e-05,-3.1500000000000002e-13,0.49994185269045144,-2.3366431723796059e-05,-3.1500000000000002e-13,0.99994212881142874,0,30,0,0
3,86,0,0,0,0,0,0.49994185188739099,0,0,0.99994505117462773,0,30,0,0
3,87,2,0,2,-0.00040824346186479991,5.0885063186459362e-06,0.50000844831809266,-0.00040824346186479991,5.0885063186459362e-06,0.49999999960624997,0,30,0,0
3,88,2,0,2,-0.00041070279653557804,1.3201780357512866e-05,0.50000844781448961,-0.00041070279653557804,1.3201780357512866e-05,0.49999999960624997,0,30,0,0
3,89,2,0,2,-0.00040897485289399186,-9.7504664693523821e-06,0.50000657954270245,-0.00040897485289399186,-9.7504664693523821e-06,0.49999999960624997,0,30,0,0
3,90,2,0,2,-0.00039790980236345226,-1.3532037958346579e-06,0.50000658177482038,-0.00039790980236345226,-1.3532037958346579e-06,0.49999999960624997,0,30,0,0
3,91,2,0,2,-0.00037630830771291028,-8.4996695053151126e-05,0.49996619401136122,-0.00037630830771291028,-8.4996695053151126e-05,0.49999999960624997,0,30,0,0
3,92,2,0,2,-0.00046391270979344285,-7.1055460484717499e-05,0.49996617560832979,-0.00046391270979344285,-7.1055460484717499e-05,0.49999999960624997,0,30,0,0
3,93,2,0,2,-0.00050824532232882937,-0.00016058159418738026,0.50008023891142273,-0.00050824532232882937,-0.00016058159418738026,0.49999999960624997,0,30,0,0
3,94,2,0,2,-0.00038422009010808734,-0.00014316228800956827,0.50008026658049876,-0.00038422009010808734,-0.00014316228800956827,0.49999999960624997,0,30,0,0
3,95,2,0,2,-5.8166235413282616e-05,-7.908498340550962e-06,0.49999581784543079,-5.8166235413282616e-05,-7.908498340550962e-06,0,0,30,0,0
3,96,0,0,0,0,0,0.49999186505549142,0,0,0.99999989711677384,0,30,0,0
3,97,0,0,1,-6.4415429240109694e-06,3.1500000000000002e-13,0.49998668860298751,-6.4415429240109694e-06,3.1500000000000002e-13,1.0336718741357482e-05,0,30,0,0
3,98,0,0,0,0,0,0.49998668860256962,0,0,1.0455956447969015e-05,0,30,0,0
3,99,0,0,1,-6.4416635979759281e-06,-3.1500000000000002e-13,0.49998668847597477,-6.4416635979759281e-06,-3.1500000000000002e-13,0.99998966302722903,0,30,0,0
3,100,0,0,0,0,0,0.49998668847556488,0,0,0.99998954335726664,0,30,0,0
3,101,2,0,2,-5.8164416678642383e-05,7.9163696102381152e-06,0.49999187178051163,-5.8164416678642383e-05,7.9163696102381152e-06,0,0,30,0,0
3,102,0,0,0,0,0,0.49999186725515143,0,0,9.8916111280307001e-08,0,30,0,0
4,1,2,0,2,-0.055166220969119086,-0.018086582940062532,0.99927334908105814,-0.055166220969119086,-0.018086582940062532,0,0,30,0,0
4,2,2,0,2,-0.055450251048949975,0.016425566156728785,0.99174984527873655,-0.055450251048949975,0.016425566156728785,0,0,30,0,0
4,3,0,0,0,0,0,0.49314034875871521,0,0,0.98685359829987485,0,30,0,0
4,4,2,0,2,-0.010943051036717187,-0.013188684421894888,0.49972710292150885,-0.010943051036717187,-0.013188684421894888,0,0,30,0,0
4,5,0,0,0,0,0,0.50649181945391308,0,0,0.49348627312236376,0,30,0,0
4,6,2,0,2,-0.016776451566892787,-0.013221702839211268,0.50646980199250369,-0.016776451566892787,-0.013221702839211268,0.49999999960624997,0,30,0,0
4,7,2,0,2,-0.0012602916350471693,-0.00051550095484047547,0.4999804767842041,-0.0012602916350471693,-0.00051550095484047547,0,0,30,0,0
4,8,2,0,2,-0.0015067441851097161,-0.00050364594645032246,0.4999746935675406,-0.0015067441851097161,-0.00050364594645032246,0,0,30,0,0
4,9,2,0,2,-0.0022259414566697697,-0.0022950735704227948,0.49872670148017528,-0.0022259414566697697,-0.0022950735704227948,0.49999999960624997,0,30,0,0
4,10,0,0,0,0,0,0.49872789583835003,0,0,0.49874946744704546,0,30,0,0
4,11,2,0,2,-0.0014569213995307864,-0.0012624709140331579,0.50061445639060131,-0.0014569213995307864,-0.0012624709140331579,0.49999999960624997,0,30,0,0
4,12,2,0,2,-0.001560812993308857,-0.0014789650463886766,0.50061437780018159,-0.001560812993308857,-0.0014789650463886766,0.49999999960624997,0,30,0,0
4,13,2,0,2,-0.0012595221076374227,0.00050117176176101203,0.49972877425755657,-0.0012595221076374227,0.00050117176176101203,0,0,30,0,0
4,14,2,0,2,-0.0014879334028740547,0.00049220610807570065,0.49972861730656287,-0.0014879334028740547,0.00049220610807570065,0,0,30,0,0
4,15,2,0,2,-0.0018895584685180106,0.00030259650653898006,0.50010539335436588,-0.0018895584685180106,0.00030259650653898006,0.49999999960624997,0,30,0,0
4,16,2,0,2,-0.0019609104102817163,0.00024405434235968637,0.50010532478334191,-0.0019609104102817163,0.00024405434235968637,0.49999999960624997,0,30,0,0
4,17,2,0,2,-0.0019613591375164797,-0.00024648013641176289,0.50010660904665782,-0.0019613591375164797,-0.00024648013641176289,0.49999999960624997,0,30,0,0
4,18,2,0,2,-0.0018900363192667481,-0.00030516473747393459,0.5001066776057469,-0.0018900363192667481,-0.00030516473747393459,0.49999999960624997,0,30,0,0
4,19,0,0,0,0,0,0.4931166167397748,0,0,0.013205105516785083,0,30,0,0
4,20,2,0,2,-0.010719649963698126,0.013482713312194687,0.4931996140609734,-0.010719649963698126,0.013482713312194687,0,0,30,0,0
4,21,2,0,2,-0.0015581655496377553,0.0014542615845076707,0.50060389924475823,-0.0015581655496377553,0.0014542615845076707,0.49999999960624997,0,30,0,0
4,22,2,0,2,-0.0014691293095263733,0.0012413485378914221,0.50060396683735731,-0.0014691293095263733,0.0012413485378914221,0.49999999960624997,0,30,0,0
4,23,0,0,0,0,0,0.49874469447586739,0,0,0.50123333313911678,0,30,0,0
4,24,2,0,2,-0.0022263390141768371,0.0022652601483555586,0.49874350310991639,-0.0022263390141768371,0.0022652601483555586,0.49999999960624997,0,30,0,0
4,25,2,0,2,-0.016799941751004934,0.013299193062602263,0.50648424116955149,-0.016799941751004934,0.013299193062602263,0.49999999960624997,0,30,0,0
4,26,0,0,0,0,0,0.50650605408489502,0,0,0.50652836839952631,0,30,0,0
4,27,0,0,0,0,0,0.49952565220397732,0,0,0.99933333476380637,0,30,0,0
4,28,2,0,2,-0.0016495014980993684,-0.00082253904075994897,0.49993652613893791,-0.0016495014980993684,-0.00082253904075994897,0,0,30,0,0
4,29,2,0,2,-0.00250256611120755,-0.0013096782797743637,0.49932358445576497,-0.00250256611120755,-0.0013096782797743637,0.49999999960624997,0,30,0,0
4,30,2,0,2,-0.0061858154099571541,-0.001398511412645929,0.49931557730660503,-0.0061858154099571541,-0.001398511412645929,0.49999999960624997,0,30,0,0
4,31,0,0,1,-0.00071475625476113047,-3.1500000000000002e-13,0.50088008756015356,-0.00071475625476113047,-3.1500000000000002e-13,0.49911850425506443,0,30,0,0
4,32,2,0,2,-0.0032550743225316764,-0.0017992792884418476,0.5008775683687634,-0.0032550743225316764,-0.0017992792884418476,0.49999999960624997,0,30,0,0
4,33,2,0,2,-0.00060780819282145601,4.9458297184734408e-07,0.49993769302096769,-0.00060780819282145601,4.9458297184734408e-07,0,0,30,0,0
4,34,2,0,2,-0.00049736379651583735,6.5866662587723708e-07,0.4999377235379257,-0.00049736379651583735,6.5866662587723708e-07,0,0,30,0,0
4,35,2,0,2,-0.0017737786944377898,-8.5825501817904192e-05,0.49994034968738155,-0.0017737786944377898,-8.5825501817904192e-05,0.49999999960624997,0,30,0,0
4,36,2,0,2,-0.0015397024790345414,-0.00011600423470920267,0.49994054367652102,-0.0015397024790345414,-0.00011600423470920267,0.49999999960624997,0,30,0,0
4,37,2,0,2,-0.0017912688212331756,-0.00024924910666642797,0.50012649067541659,-0.0017912688212331756,-0.00024924910666642797,0.49999999960624997,0,30,0,0
4,38,2,0,2,-0.0017192457663610583,-0.00028661734475056216,0.50012655379495241,-0.0017192457663610583,-0.00028661734475056216,0.49999999960624997,0,30,0,0
4,39,0,0,0,0,0,0.49952410704543437,0,0,0.00066969903413265173,0,30,0,0
4,40,2,0,2,-0.0016525713810063738,0.00082808865256124987,0.49952358924444284,-0.0016525713810063738,0.00082808865256124987,0,0,30,0,0
4,41,2,0,2,-0.0017199886289245292,0.0002853117005884146,0.50012597119555169,-0.0017199886289245292,0.0002853117005884146,0.49999999960624997,0,30,0,0
4,42,2,0,2,-0.0017905949184287926,0.00024808919853636996,0.50012590931794132,-0.0017905949184287926,0.00024808919853636996,0.49999999960624997,0,30,0,0
4,43,2,0,2,-0.0015421803046401753,0.00011423275525451729,0.4999414060803784,-0.0015421803046401753,0.00011423275525451729,0.49999999960624997,0,30,0,0
4,44,2,0,2,-0.0017746846037850581,8.424326761533816e-05,0.49994121319711365,-0.0017746846037850581,8.424326761533816e-05,0.49999999960624997,0,30,0,0
4,45,2,0,2,-0.0032568379044028784,0.0018027642018520703,0.50087890628382647,-0.0032568379044028784,0.0018027642018520703,0.49999999960624997,0,30,0,0
4,46,0,0,1,-0.00071432280938464317,3.1500000000000002e-13,0.50088142850476858,-0.00071432280938464317,3.1500000000000002e-13,0.50088286176540164,0,30,0,0
4,47,2,0,2,-0.0061904037979054654,0.0014022028478056011,0.4993137393091332,-0.0061904037979054654,0.0014022028478056011,0.49999999960624997,0,30,0,0
4,48,2,0,2,-0.0025043281756972325,0.0013125344438665832,0.49932175847567822,-0.0025043281756972325,0.0013125344438665832,0.49999999960624997,0,30,0,0
4,49,0,0,1,-0.00049084354477229404,3.1500000000000002e-13,0.49956775570175183,-0.00049084354477229404,3.1500000000000002e-13,0.0007515945110258428,0,30,0,0
4,50,0,0,0,0,0,0.4995677253689666,0,0,0.00074828876016772657,0,30,0,0
4,51,2,0,2,-0.0020407696579938048,0.00031572794720785758,0.49985344624345329,-0.0020407696579938048,0.00031572794720785758,0.49999999960624997,0,30,0,0
4,52,2,0,2,-0.0011428614123764978,0.00032300109948168852,0.49985416110430103,-0.0011428614123764978,0.00032300109948168852,0.49999999960624997,0,30,0,0
4,53,2,0,2,-0.00020080414248110275,-5.4522217746112459e-05,0.49994350628987427,-0.00020080414248110275,-5.4522217746112459e-05,0,0,30,0,0
4,54,2,0,2,-0.00030346219542349488,-5.9475999579011646e-05,0.49994599051814526,-0.00030346219542349488,-5.9475999579011646e-05,0,0,30,0,0
4,55,2,0,2,-0.0010427672009097812,-0.00026090897655628735,0.49986813939161656,-0.0010427672009097812,-0.00026090897655628735,0.49999999960624997,0,30,0,0
4,56,2,0,2,-0.0012931042885328729,-0.00028664572611639128,0.49986799319082675,-0.0012931042885328729,-0.00028664572611639128,0.49999999960624997,0,30,0,0
4,57,2,0,2,-0.0010343170886736915,-0.00027727489096949858,0.50014373254039579,-0.0010343170886736915,-0.00027727489096949858,0.49999999960624997,0,30,0,0
4,58,2,0,2,-0.0011947180260230669,-0.00029011036300950136,0.50014364315432958,-0.0011947180260230669,-0.00029011036300950136,0.49999999960624997,0,30,0,0
4,59,2,0,2,-0.00020107988272888375,5.4671926577901034e-05,0.49991615373534454,-0.00020107988272888375,5.4671926577901034e-05,0,0,30,0,0
4,60,2,0,2,-0.00030353589981683558,5.9703742375656697e-05,0.49991614080913865,-0.00030353589981683558,5.9703742375656697e-05,0,0,30,0,0
4,61,2,0,2,-0.0010956405742397494,3.2649544935610205e-05,0.50001818923502106,-0.0010956405742397494,3.2649544935610205e-05,0.49999999960624997,0,30,0,0
4,62,2,0,2,-0.0010938047241916703,2.6185248139834659e-05,0.50001819024844962,-0.0010938047241916703,2.6185248139834659e-05,0.49999999960624997,0,30,0,0
4,63,2,0,2,-0.0010942014279394297,-2.6159567258828165e-05,0.50001817938143289,-0.0010942014279394297,-2.6159567258828165e-05,0.49999999960624997,0,30,0,0
4,64,2,0,2,-0.0010956170091937167,-3.2625106516672368e-05,0.50001817859791231,-0.0010956170091937167,-3.2625106516672368e-05,0.49999999960624997,0,30,0,0
4,65,0,0,1,-0.00049213980254015819,-3.1500000000000002e-13,0.49956772740752814,-0.00049213980254015819,-3.1500000000000002e-13,0.99924840185675212,0,30,0,0
4,66,0,0,0,0,0,0.49956769722554067,0,0,0.99925172339509893,0,30,0,0
4,67,2,0,2,-0.001195162645402856,0.00029025942374809663,0.50014369102627998,-0.001195162645402856,0.00029025942374809663,0.49999999960624997,0,30,0,0
4,68,2,0,2,-0.001034497511001769,0.0002773733824276492,0.50014378058471409,-0.001034497511001769,0.0002773733824276492,0.49999999960624997,0,30,0,0
4,69,2,0,2,-0.0012938572480077749,0.00028678524465988498,0.49986792769957306,-0.0012938572480077749,0.00028678524465988498,0.49999999960624997,0,30,0,0
4,70,2,0,2,-0.0010431512837028817,0.00026099254545623041,0.49986807418707013,-0.0010431512837028817,0.00026099254545623041,0.49999999960624997,0,30,0,0
4,71,2,0,2,-0.0011433292717659034,-0.00032288499148107477,0.49985422588049694,-0.0011433292717659034,-0.00032288499148107477,0.49999999960624997,0,30,0,0
4,72,2,0,2,-0.0020415070813942439,-0.00031560157076490988,0.49985351053440091,-0.0020415070813942439,-0.00031560157076490988,0.49999999960624997,0,30,0,0
4,73,0,0,1,-2.9213166770698349e-05,3.1500000000000002e-13,0.49989279689861904,-2.9213166770698349e-05,3.1500000000000002e-13,0.00015195737609797024,0,30,0,0
4,74,0,0,0,0,0,0.49989279652537227,0,0,0.0001339964910678579,0,30,0,0
4,75,2,0,2,-0.00051416630244977479,0.00016169977512524894,0.50009216116724475,-0.00051416630244977479,0.00016169977512524894,0.49999999960624997,0,30,0,0
4,76,2,0,2,-0.00083399091233324221,0.00018410226425677833,0.50009205339260454,-0.00083399091233324221,0.00018410226425677833,0.49999999960624997,0,30,0,0
4,77,2,0,2,-0.00061590278526561923,4.3885126625745118e-05,0.49997987306394509,-0.00061590278526561923,4.3885126625745118e-05,0.49999999960624997,0,30,0,0
4,78,2,0,2,-0.00052636754895855507,6.2842496099322761e-05,0.49997989863386133,-0.00052636754895855507,6.2842496099322761e-05,0.49999999960624997,0,30,0,0
4,79,2,0,2,-6.5275081140655014e-05,-2.3264155394636259e-08,0.49996876924490974,-6.5275081140655014e-05,-2.3264155394636259e-08,0,0,30,0,0
4,80,2,0,2,-5.6075704711593104e-05,-1.1651144492643288e-08,0.49996876316613187,-5.6075704711593104e-05,-1.1651144492643288e-08,0,0,30,0,0
4,81,2,0,2,-0.00048150772477962547,-1.1124942652280609e-05,0.499999535211686,-0.00048150772477962547,-1.1124942652280609e-05,0.49999999960624997,0,30,0,0
4,82,2,0,2,-0.0004819212685231254,-4.5612137104001769e-06,0.49999953511221634,-0.0004819212685231254,-4.5612137104001769e-06,0.49999999960624997,0,30,0,0
4,83,2,0,2,-0.00049611257810792703,-2.8005372656987212e-05,0.50001609504618194,-0.00049611257810792703,-2.8005372656987212e-05,0.49999999960624997,0,30,0,0
4,84,2,0,2,-0.00049772040379848673,-2.1991376641181795e-05,0.50001609464648444,-0.00049772040379848673,-2.1991376641181795e-05,0.49999999960624997,0,30,0,0
4,85,0,0,1,-2.9278674567225476e-05,-3.1500000000000002e-13,0.49989275897867963,-2.9278674567225476e-05,-3.1500000000000002e-13,0.9998479789357515,0,30,0,0
4,86,0,0,0,0,0,0.49989275860556226,0,0,0.99986595715653126,0,30,0,0
4,87,2,0,2,-0.00049779705967346215,2.2055636924625798e-05,0.50001612559243103,-0.00049779705967346215,2.2055636924625798e-05,0.49999999960624997,0,30,0,0
4,88,2,0,2,-0.00049612397750913929,2.8070451437778964e-05,0.50001612600837397,-0.00049612397750913929,2.8070451437778964e-05,0.49999999960624997,0,30,0,0
4,89,2,0,2,-0.00048205633007690463,4.6213119919116015e-06,0.49999950712527835,-0.00048205633007690463,4.6213119919116015e-06,0.49999999960624997,0,30,0,0
4,90,2,0,2,-0.00048156270619932541,1.1184830322001984e-05,0.49999950724405401,-0.00048156270619932541,1.1184830322001984e-05,0.49999999960624997,0,30,0,0
4,91,2,0,2,-0.00052652124271831253,-6.2819855559609686e-05,0.49997991109037115,-0.00052652124271831253,-6.2819855559609686e-05,0.49999999960624997,0,30,0,0
4,92,2,0,2,-0.00061608103737296018,-4.3858055100756883e-05,0.4999798855059937,-0.00061608103737296018,-4.3858055100756883e-05,0.49999999960624997,0,30,0,0
4,93,2,0,2,-0.00083421107439072455,-0.00018410835729513705,0.50009205820163083,-0.00083421107439072455,-0.00018410835729513705,0.49999999960624997,0,30,0,0
4,94,2,0,2,-0.00051431989418942233,-0.00016170093407963474,0.50009216602857109,-0.00051431989418942233,-0.00016170093407963474,0.49999999960624997,0,30,0,0
4,95,2,0,2,-9.8855638675879722e-05,1.221002699327358e-05,0.49998359269244613,-9.8855638675879722e-05,1.221002699327358e-05,0,0,30,0,0
4,96,0,0,0,0,0,0.49998357276768268,0,0,2.0281078497070404e-05,0,30,0,0
4,97,0,0,1,-1.0866424094755264e-05,3.1500000000000002e-13,0.49998200657713909,-1.0866424094755264e-05,3.1500000000000002e-13,1.6213063335863832e-05,0,30,0,0
4,98,0,0,0,0,0,0.49998200657908576,0,0,1.539126016559154e-05,0,30,0,0
4,99,0,0,1,-1.0870797319157443e-05,-3.1500000000000002e-13,0.49998199416489114,-1.0870797319157443e-05,-3.1500000000000002e-13,0.99998376211167728,0,30,0,0
4,100,0,0,0,0,0,0.49998199416690969,0,0,0.99998458894517428,0,30,0,0
4,101,2,0,2,-9.888041677968966e-05,-1.2178643582048619e-05,0.49998965835111697,-9.888041677968966e-05,-1.2178643582048619e-05,0,0,30,0,0
4,102,0,0,0,0,0,0.49998356861341897,0,0,0.9999797142313116,0,30,0,0
5,1,2,0,2,-0.06320856100647812,-0.026762028349919614,0.99852989490374933,-0.06320856100647812,-0.026762028349919614,0,0,30,0,0
5,2,2,0,2,-0.064107464375187162,0.023552238687476405,0.98796748561862346,-0.064107464375187162,0.023552238687476405,0,0,30,0,0
5,3,0,0,0,0,0,0.49008336408856773,0,0,0.98080105831789244,0,30,0,0
5,4,2,0,2,-0.014981756151019961,-0.018713571080489284,0.49943986168505966,-0.014981756151019961,-0.018713571080489284,0,0,30,0,0
5,5,0,0,0,0,0,0.50911598878239694,0,0,0.490837705833297,0,30,0,0
5,6,2,0,2,-0.021756255020700419,-0.018630576736064934,0.50912962698253472,-0.021756255020700419,-0.018630576736064934,0.49999999960624997,0,30,0,0
5,7,2,0,2,-0.0025220178165122286,-0.0006371017399708828,0.49999861778275106,-0.0025220178165122286,-0.0006371017399708828,0,0,30,0,0
5,8,2,0,2,-0.0024788831370061029,-0.00063679883666355034,0.49999858789363844,-0.0024788831370061029,-0.00063679883666355034,0,0,30,0,0
5,9,0,0,1,-0.0011315943087599812,-3.1500000000000002e-13,0.49786470354439116,-0.0011315943087599812,-3.1500000000000002e-13,0.49805062700730907,0,30,0,0
5,10,0,0,0,0,0,0.4978616061673164,0,0,0.49790688793711496,0,30,0,0
5,11,0,0,1,-0.00068050807756421636,-3.1500000000000002e-13,0.501063967805505,-0.00068050807756421636,-3.1500000000000002e-13,0.49890130351573098,0,30,0,0
5,12,0,0,1,-0.0003604096118633444,-3.1500000000000002e-13,0.50106405098369433,-0.0003604096118633444,-3.1500000000000002e-13,0.49874883078350202,0,30,0,0
5,13,2,0,2,-0.002507550174676913,0.00060564759956235339,0.49969298320206001,-0.002507550174676913,0.00060564759956235339,0,0,30,0,0
5,14,2,0,2,-0.0024293484903979588,0.00061101368507667419,0.49969307977070948,-0.0024293484903979588,0.00061101368507667419,0,0,30,0,0
5,15,2,0,2,-0.0012496752092518546,0.00039875719488167207,0.5001061252598501,-0.0012496752092518546,0.00039875719488167207,0.49999999960624997,0,30,0,0
5,16,2,0,2,-0.0013176178350003355,0.00028146130611930026,0.5001060817277766,-0.0013176178350003355,0.00028146130611930026,0.49999999960624997,0,30,0,0
5,17,2,0,2,-0.0013205768452256008,-0.00029755072079730986,0.50011401601613492,-0.0013205768452256008,-0.00029755072079730986,0.49999999960624997,0,30,0,0
5,18,2,0,2,-0.001248624842270606,-0.00041463210130914668,0.50011406215566134,-0.001248624842270606,-0.00041463210130914668,0.49999999960624997,0,30,0,0
5,19,0,0,0,0,0,0.49006013935761589,0,0,0.019262501862469205,0,30,0,0
5,20,2,0,2,-0.014428897839685203,0.019392948447781309,0.49027215942898994,-0.014428897839685203,0.019392948447781309,0,0,30,0,0
5,21,0,0,1,-0.00036978486603150298,3.1500000000000002e-13,0.50103113207415695,-0.00036978486603150298,3.1500000000000002e-13,0.50121429469072432,0,30,0,0
5,22,0,0,1,-0.00070943191717631976,3.1500000000000002e-13,0.50103104056837677,-0.00070943191717631976,3.1500000000000002e-13,0.50106587835073135,0,30,0,0
5,23,0,0,0,0,0,0.4979118561604533,0,0,0.50204205213558328,0,30,0,0
5,24,0,0,1,-0.0011402881694769955,3.1500000000000002e-13,0.49791495999225971,-0.0011402881694769955,3.1500000000000002e-13,0.50190301657434067,0,30,0,0
5,25,2,0,2,-0.02182922959060932,0.018867232166757647,0.50920669878077085,-0.02182922959060932,0.018867232166757647,0.49999999960624997,0,30,0,0
5,26,0,0,0,0,0,0.5091932693652923,0,0,0.50924040538975401,0,30,0,0
5,27,0,0,0,0,0,0.49944971041641478,0,0,0.99922326131407524,0,30,0,0
5,28,2,0,2,-0.0026794123255539188,-0.0010256076623673196,0.49996204778722569,-0.0026794123255539188,-0.0010256076623673196,0,0,30,0,0
5,29,2,0,2,-0.0026851146663332596,-0.0023165340368086953,0.49879638466159154,-0.0026851146663332596,-0.0023165340368086953,0.49999999960624997,0,30,0,0
5,30,2,0,2,-0.00819399735831715,-0.0024759902414538152,0.49878137049059279,-0.00819399735831715,-0.0024759902414538152,0.49999999960624997,0,30,0,0
5,31,0,0,0,0,0,0.50148125911614572,0,0,0.49850771378212633,0,30,0,0
5,32,2,0,2,-0.0039333600594016332,-0.003046872492453358,0.50147740282830322,-0.0039333600594016332,-0.003046872492453358,0.49999999960624997,0,30,0,0
5,33,2,0,2,-0.00081348096095252794,-1.0216655612683229e-06,0.49996619032372608,-0.00081348096095252794,-1.0216655612683229e-06,0,0,30,0,0
5,34,2,0,2,-0.00076054290150718695,-5.6081443225318888e-07,0.49996593234441694,-0.00076054290150718695,-5.6081443225318888e-07,0,0,30,0,0
5,35,2,0,2,-0.0014022303291468534,-0.00026307220093008848,0.49983379529791955,-0.0014022303291468534,-0.00026307220093008848,0.49999999960624997,0,30,0,0
5,36,2,0,2,-0.00091927348108944017,-0.00030970174538207194,0.49983407569304833,-0.00091927348108944017,-0.00030970174538207194,0.49999999960624997,0,30,0,0
5,37,2,0,2,-0.0013593623291942333,-0.00037955088588301536,0.50018435552877571,-0.0013593623291942333,-0.00037955088588301536,0.49999999960624997,0,30,0,0
5,38,2,0,2,-0.0012878711072155872,-0.00043809886941138137,0.50018440280290144,-0.0012878711072155872,-0.00043809886941138137,0.49999999960624997,0,30,0,0
5,39,0,0,0,0,0,0.49944984675017212,0,0,0.00077599191191402223,0,30,0,0
5,40,2,0,2,-0.0026868100651812853,0.0010342110709644463,0.49944851420571507,-0.0026868100651812853,0.0010342110709644463,0,0,30,0,0
5,41,2,0,2,-0.001291615167306671,0.00043972209719108052,0.50018510235854574,-0.001291615167306671,0.00043972209719108052,0.49999999960624997,0,30,0,0
5,42,2,0,2,-0.0013598944546436497,0.00038095681657346597,0.50018505713719308,-0.0013598944546436497,0.00038095681657346597,0.49999999960624997,0,30,0,0
5,43,2,0,2,-0.00092672458986355814,0.00031043748605634702,0.49983366025622755,-0.00092672458986355814,0.00031043748605634702,0.49999999960624997,0,30,0,0
5,44,2,0,2,-0.001405511151288823,0.00026368055572811475,0.49983338099673624,-0.001405511151288823,0.00026368055572811475,0.49999999960624997,0,30,0,0
5,45,2,0,2,-0.0039408223634034029,0.0030602027460133107,0.50148325447435615,-0.0039408223634034029,0.0030602027460133107,0.49999999960624997,0,30,0,0
5,46,0,0,0,0,0,0.50148712586087463,0,0,0.50149820289217928,0,30,0,0
5,47,2,0,2,-0.0082025709993279686,0.0024889569722306524,0.4987749328296926,-0.0082025709993279686,0.0024889569722306524,0.49999999960624997,0,30,0,0
5,48,2,0,2,-0.0026914481729213031,0.0023277477196108768,0.49878997385843277,-0.0026914481729213031,0.0023277477196108768,0.49999999960624997,0,30,0,0
5,49,0,0,1,-0.00073475767491832256,3.1500000000000002e-13,0.4993280949310116,-0.00073475767491832256,3.1500000000000002e-13,0.0012457944223408354,0,30,0,0
5,50,0,0,0,0,0,0.49932811394289678,0,0,0.0011973128202270799,0,30,0,0
5,51,2,0,2,-0.0025812571643096631,0.00017349438016541494,0.49992642096093942,-0.0025812571643096631,0.00017349438016541494,0.49999999960624997,0,30,0,0
5,52,2,0,2,-0.0015414898693139267,0.00018536918758579781,0.49992749280800697,-0.0015414898693139267,0.00018536918758579781,0.49999999960624997,0,30,0,0
5,53,2,0,2,-0.00017504689238065694,-0.00011434997856061599,0.49995090327251784,-0.00017504689238065694,-0.00011434997856061599,0,0,30,0,0
5,54,2,0,2,-0.00049856690641301342,-0.00012844120256326952,0.49995799584893436,-0.00049856690641301342,-0.00012844120256326952,0,0,30,0,0
5,55,2,0,2,-0.00094281921729523195,-0.00045980036653865675,0.49975908911963035,-0.00094281921729523195,-0.00045980036653865675,0.49999999960624997,0,30,0,0
5,56,2,0,2,-0.001384848895565253,-0.00050868240832060898,0.49975883180155228,-0.001384848895565253,-0.00050868240832060898,0.49999999960624997,0,30,0,0
5,57,2,0,2,-0.00083764993431999365,-0.00047078605500630718,0.50023837147933359,-0.00083764993431999365,-0.00047078605500630718,0.49999999960624997,0,30,0,0
5,58,2,0,2,-0.0012282489546137899,-0.00049832950266237293,0.50023816980106117,-0.0012282489546137899,-0.00049832950266237293,0.49999999960624997,0,30,0,0
5,59,2,0,2,-0.00017608336658513158,0.00011382454093846052,0.49989391580924292,-0.00017608336658513158,0.00011382454093846052,0,0,30,0,0
5,60,2,0,2,-0.0004985584854624546,0.00012831209333103854,0.49989386141604519,-0.0004985584854624546,0.00012831209333103854,0,0,30,0,0
5,61,2,0,2,-0.00098738472969802922,4.4549407029808685e-05,0.50001685177573663,-0.00098738472969802922,4.4549407029808685e-05,0.49999999960624997,0,30,0,0
5,62,2,0,2,-0.00096620144160348845,2.7750121615276064e-05,0.50001686212691032,-0.00096620144160348845,2.7750121615276064e-05,0.49999999960624997,0,30,0,0
5,63,2,0,2,-0.00096729800963540934,-2.683909259511618e-05,0.50001641191214363,-0.00096729800963540934,-2.683909259511618e-05,0.49999999960624997,0,30,0,0
5,64,2,0,2,-0.00098720769444457686,-4.3647190555194627e-05,0.50001640217841592,-0.00098720769444457686,-4.3647190555194627e-05,0.49999999960624997,0,30,0,0
5,65,0,0,1,-0.0007368782381205639,-3.1500000000000002e-13,0.49932742433544236,-0.0007368782381205639,-3.1500000000000002e-13,0.99875307894899445,0,30,0,0
5,66,0,0,0,0,0,0.49932744384472549,0,0,0.99880153504081259,0,30,0,0
5,67,2,0,2,-0.0012299076945462846,0.00049936169124049717,0.50023863451919548,-0.0012299076945462846,0.00049936169124049717,0.49999999960624997,0,30,0,0
5,68,2,0,2,-0.00083899395378713533,0.00047171210339602926,0.50023883665332558,-0.00083899395378713533,0.00047171210339602926,0.49999999960624997,0,30,0,0
5,69,2,0,2,-0.0013870175954781697,0.00050965124105336863,0.49975836194798401,-0.0013870175954781697,0.00050965124105336863,0.49999999960624997,0,30,0,0
5,70,2,0,2,-0.0009441592300218763,0.00046064237636702575,0.49975862013725098,-0.0009441592300218763,0.00046064237636702575,0.49999999960624997,0,30,0,0
5,71,2,0,2,-0.0015425971701610026,-0.00018528954734474892,0.49992757462142418,-0.0015425971701610026,-0.00018528954734474892,0.49999999960624997,0,30,0,0
5,72,2,0,2,-0.0025845720982646168,-0.00017336013932128878,0.49992649934651606,-0.0025845720982646168,-0.00017336013932128878,0.49999999960624997,0,30,0,0
5,73,0,0,1,-3.8613283721234208e-05,3.1500000000000002e-13,0.49982842356823709,-3.8613283721234208e-05,3.1500000000000002e-13,0.00028543654369370629,0,30,0,0
5,74,0,0,0,0,0,0.49982842393614818,0,0,0.00024752801486675508,0,30,0,0
5,75,2,0,2,-0.00059279679540612544,0.00013363255214436919,0.50007999460328101,-0.00059279679540612544,0.00013363255214436919,0.49999999960624997,0,30,0,0
5,76,2,0,2,-0.0011402074246058777,0.00015912531410603752,0.50007975747959021,-0.0011402074246058777,0.00015912531410603752,0.49999999960624997,0,30,0,0
5,77,2,0,2,-0.0007133226972172483,-2.6099816710006328e-05,0.50001454511372678,-0.0007133226972172483,-2.6099816710006328e-05,0.49999999960624997,0,30,0,0
5,78,2,0,2,-0.00064056464880641499,-2.7761213113058783e-06,0.50001456974008707,-0.00064056464880641499,-2.7761213113058783e-06,0.49999999960624997,0,30,0,0
5,79,2,0,2,-8.8197855534958018e-05,-1.7741614106644453e-07,0.49997113195844844,-8.8197855534958018e-05,-1.7741614106644453e-07,0,0,30,0,0
5,80,2,0,2,-0.00010457043437895708,-1.2670498760884374e-07,0.49997110693481095,-0.00010457043437895708,-1.2670498760884374e-07,0,0,30,0,0
5,81,2,0,2,-0.00048687418677508356,-3.353275278581171e-05,0.4999862214871883,-0.00048687418677508356,-3.353275278581171e-05,0.49999999960624997,0,30,0,0
5,82,2,0,2,-0.00046581993462757913,-3.0538790359470828e-05,0.49998622650216801,-0.00046581993462757913,-3.0538790359470828e-05,0.49999999960624997,0,30,0,0
5,83,2,0,2,-0.00049015430658470773,-5.2110055277870118e-05,0.50002786576448432,-0.00049015430658470773,-5.2110055277870118e-05,0.49999999960624997,0,30,0,0
5,84,2,0,2,-0.00051060887456640255,-4.9741875429953881e-05,0.50002786064662341,-0.00051060887456640255,-4.9741875429953881e-05,0.49999999960624997,0,30,0,0
5,85,0,0,1,-3.8803625630822005e-05,-3.1500000000000002e-13,0.49982823763274298,-3.8803625630822005e-05,-3.1500000000000002e-13,0.99971424159970712,0,30,0,0
5,86,0,0,0,0,0,0.4998282380036535,0,0,0.99975220288646172,0,30,0,0
5,87,2,0,2,-0.00051093864113777162,5.0084328880674603e-05,0.50002803403074814,-0.00051093864113777162,5.0084328880674603e-05,0.49999999960624997,0,30,0,0
5,88,2,0,2,-0.00049028124222446462,5.2460082956181403e-05,0.50002803920170957,-0.00049028124222446462,5.2460082956181403e-05,0.49999999960624997,0,30,0,0
5,89,2,0,2,-0.00046631872905362613,3.0867079596035845e-05,0.49998606653215649,-0.00046631872905362613,3.0867079596035845e-05,0.49999999960624997,0,30,0,0
5,90,2,0,2,-0.00048707678281187454,3.3863183774687563e-05,0.49998606158408182,-0.00048707678281187454,3.3863183774687563e-05,0.49999999960624997,0,30,0,0
5,91,2,0,2,-0.00064111085408534983,2.8098428074948618e-06,0.50001459799914949,-0.00064111085408534983,2.8098428074948618e-06,0.49999999960624997,0,30,0,0
5,92,2,0,2,-0.0007140873684845098,2.6154123093404326e-05,0.50001457327490639,-0.0007140873684845098,2.6154123093404326e-05,0.49999999960624997,0,30,0,0
5,93,2,0,2,-0.0011408987202875323,-0.00015918722722299222,0.50007979049446827,-0.0011408987202875323,-0.00015918722722299222,0.49999999960624997,0,30,0,0
5,94,2,0,2,-0.00059335853888453378,-0.00013366995117296233,0.50008002784574002,-0.00059335853888453378,-0.00013366995117296233,0.49999999960624997,0,30,0,0
5,95,2,0,2,-0.00013640416514430125,4.777779736669703e-05,0.49996488615923163,-0.00013640416514430125,4.777779736669703e-05,0,0,30,0,0
5,96,0,0,0,0,0,0.49996483606001652,0,0,5.4187823360071828e-05,0,30,0,0
5,97,0,0,1,-1.6209511222730429e-05,3.1500000000000002e-13,0.49997820655138214,-1.6209511222730429e-05,3.1500000000000002e-13,2.3735368106728248e-05,0,30,0,0
5,98,0,0,0,0,0,0.49997820591985265,0,0,2.1147007230363771e-05,0,30,0,0
5,99,0,0,1,-1.6221538354638534e-05,-3.1500000000000002e-13,0.49997814139150581,-1.6221538354638534e-05,-3.1500000000000002e-13,0.99997613430955345,0,30,0,0
5,100,0,0,0,0,0,0.49997814076202962,0,0,0.99997874252195018,0,30,0,0
5,101,2,0,2,-0.00013649662846126421,-4.7687504681236031e-05,0.49998867626861032,-0.00013649662846126421,-4.7687504681236031e-05,0,0,30,0,0
5,102,0,0,0,0,0,0.49996483225208438,0,0,0.99994581658590109,0,30,0,0
6,1,2,0,3,-0.071559601193173894,-0.038020094015204786,0,0,-0.019309910500638183,0,1,30,0,0
6,2,2,0,2,-0.073331590045411732,0.032703584360635606,0.5000131795782744,-0.0045806221138163898,-0.00083547033353106501,0,0,30,0,0
6,3,2,0,2,0,0,0.50002356717425467,-0.0038799375221548913,-0.00085800232445558487,0,0,30,0,0
6,4,0,0,0,-0.019309910500638183,-0.02465059101386818,0.49650522433015482,0,0,0.49676042103995433,0,30,0,0
6,5,0,0,0,0,0,0.49648778825819512,0,0,0.49656775943054243,0,30,0,0
6,6,0,0,0,-0.028127992386648495,-0.025185153853281871,0.50178846737263294,0,0,0.49815516331795828,0,30,0,0
6,7,0,0,0,-0.0045806221138163898,-0.00083547033353106501,0.50178798788567358,0,0,0.49795410013827801,0,30,0,0
6,8,2,0,2,-0.0038799375221548913,-0.00085800232445558487,0.49961993278026084,-0.0045455023364900232,0.00077705280325086684,0,0,30,0,0
6,9,2,0,2,0,0,0.4996214953445976,-0.0037967033507350107,0.00080429953133779545,0,0,30,0,0
6,10,2,0,2,0,0,0.50003922844793158,-0.00092200889830061953,0.00040423018172412132,0.49999999960624997,0,30,0,0
6,11,2,0,2,0,0,0.50003928193025304,-0.00079771957461474859,0.00019097267563352008,0.49999999960624997,0,30,0,0
6,12,2,0,2,0,0,0.50005794743110532,-0.0008146688068156031,-0.00022884484286445975,0.49999999960624997,0,30,0,0
6,13,2,0,2,-0.0045455023364900232,0.00077705280325086684,0.5000579004825676,-0.00092265792431249971,-0.00044157618601130933,0.49999999960624997,0,30,0,0
6,14,2,0,1,-0.0037967033507350107,0.00080429953133779545,0,-0.018395216122432743,0,0,1,30,0,0
6,15,0,0,0,-0.00092200889830061953,0.00040423018172412132,0.50172694098574,0,0,0.50197882382877257,0,30,0,0
6,16,0,0,1,-1.0593123905554042e-05,3.1500000000000002e-13,0.50172738365060066,-1.0593123905554042e-05,3.1500000000000002e-13,0.50178401938667205,0,30,0,0
6,17,0,0,0,-0.0008146688068156031,-0.00022884484286445975,0.4965913992696328,0,0,0.50332665437892743,0,30,0,0
6,18,0,0,1,-2.78926119975612e-05,3.1500000000000002e-13,0.49660867417569748,-2.78926119975612e-05,3.1500000000000002e-13,0.50314201251359958,0,30,0,0
6,19,0,0,0,0,0,0.49910679612822584,0,0,0.99860196676441582,0,30,0,0
6,20,2,0,2,-0.018395216122432743,0.025954130531960141,0.49997845512284561,-0.0040379649859090001,-0.0017449983486700941,0,0,30,0,0
6,21,2,0,2,0,0,0.49808606769225738,-0.0029308131472306504,-0.0036673077786363714,0.49999999960624997,0,30,0,0
6,22,2,0,2,-1.0593123905554042e-05,3.1500000000000002e-13,0.49805714261939832,-0.011130915627420773,-0.0039341859242764416,0.49999999960624997,0,30,0,0
6,23,0,0,0,0,0,0.50228894943620128,0,0,0.49768759612851027,0,30,0,0
6,24,2,0,2,-2.78926119975612e-05,3.1500000000000002e-13,0.50228363550655908,-0.0048570927264923519,-0.0047306643250232018,0.49999999960624997,0,30,0,0
6,25,2,0,2,-0.02830858180531769,0.025740399101069854,0.49998828689988722,-0.00084595621721930356,5.0364610638652855e-07,0,0,30,0,0
6,26,2,0,2,0,0,0.49998809314965764,-0.0012209330588152701,1.1857560842042231e-06,0,0,30,0,0
6,27,2,0,2,0,0,0.4996773269511377,-0.00096778515234136183,-0.00053285690713867186,0.49999999960624997,0,30,0,0
6,28,0,0,1,-0.00026037767355715699,-3.1500000000000002e-13,0.49967754431282141,-0.00026037767355715699,-3.1500000000000002e-13,0.49970087680827308,0,30,0,0
6,29,2,0,2,-0.0029308131472306504,-0.0036673077786363714,0.50028730694932355,-0.00078827492968752981,-0.00060879162890087432,0.49999999960624997,0,30,0,0
6,30,2,0,2,-0.011130915627420773,-0.0039341859242764416,0.50028725940929841,-0.00090084225987449281,-0.00068675175588640716,0.49999999960624997,0,30,0,0
6,31,0,0,0,0,0,0.49911723166141991,0,0,0.0013757934648926545,0,30,0,0
6,32,2,0,2,-0.0048570927264923519,-0.0047306643250232018,0.4991144468399013,-0.0040625834880237289,0.0017468360324870949,0,0,30,0,0
6,33,2,0,2,-0.00084595621721930356,5.0364610638652855e-07,0.50028890335088094,-0.00090710198766278337,0.00069058526099083557,0.49999999960624997,0,30,0,0
6,34,2,0,2,-0.0012209330588152701,1.1857560842042231e-06,0.50028895413660335,-0.00078721584540292601,0.00061208925791541202,0.49999999960624997,0,30,0,0
6,35,0,0,1,-0.00027329262900953712,3.1500000000000002e-13,0.49967689104116803,-0.00027329262900953712,3.1500000000000002e-13,0.50029959894257803,0,30,0,0
6,36,2,0,2,-0.00026037767355715699,-3.1500000000000002e-13,0.4996766732950994,-0.0009721292680483426,0.00053361971477928843,0.49999999960624997,0,30,0,0
6,37,2,0,2,-0.00078827492968752981,-0.00060879162890087432,0.50230079227528757,-0.0048807316414363139,0.0047689525190966258,0.49999999960624997,0,30,0,0
6,38,0,0,0,-0.00090084225987449281,-0.00068675175588640716,0.50230618864674814,0,0,0.50232982237260437,0,30,0,0
6,39,2,0,2,0,0,0.49803912004842188,-0.011150235913978204,0.0039704796633874516,0.49999999960624997,0,30,0,0
6,40,2,0,2,-0.0040625834880237289,0.0017468360324870949,0.4980681269606998,-0.002949191831431856,0.0036992741268637936,0.49999999960624997,0,30,0,0
6,41,0,0,1,-0.0010742825542925942,3.1500000000000002e-13,0.49899437640926997,-0.0010742825542925942,3.1500000000000002e-13,0.0019204941381138218,0,30,0,0
6,42,0,0,0,-0.00078721584540292601,0.00061208925791541202,0.4989945343742988,0,0,0.0018212050878036873,0,30,0,0
6,43,2,0,2,-0.00027329262900953712,3.1500000000000002e-13,0.50008147152052396,-0.0033388254298454328,-0.0001323771153595436,0.49999999960624997,0,30,0,0
6,44,2,0,2,-0.0009721292680483426,0.00053361971477928843,0.50008308593019335,-0.0021654837424042576,-0.00011428422175979426,0.49999999960624997,0,30,0,0
6,45,2,0,2,-0.0048807316414363139,0.0047689525190966258,0.49995441933505541,-0.00015389179428397582,-6.6972679406556359e-05,0,0,30,0,0
6,46,2,0,2,0,0,0.49997405579667614,-0.00083292392890865427,-0.00010595372487468384,0,0,30,0,0
6,47,2,0,2,-0.011150235913978204,0.0039704796633874516,0.49958696555151039,-0.00080204625368170612,-0.00077929796748250403,0.49999999960624997,0,30,0,0
6,48,2,0,2,-0.002949191831431856,0.0036992741268637936,0.49958654932434765,-0.0015188787374566621,-0.00085751126892780812,0.49999999960624997,0,30,0,0
6,49,2,0,2,-0.0010742825542925942,3.1500000000000002e-13,0.50040328426827796,-0.00059532510358920369,-0.00080894607772142788,0.49999999960624997,0,30,0,0
6,50,2,0,2,0,0,0.50040292961846333,-0.0013318322287807227,-0.00085258202124967666,0.49999999960624997,0,30,0,0
6,51,2,0,2,-0.0033388254298454328,-0.0001323771153595436,0.49992184385966237,-0.00015701874517066211,6.4942365700967273e-05,0,0,30,0,0
6,52,2,0,2,-0.0021654837424042576,-0.00011428422175979426,0.49992167607550891,-0.00083415025005501194,0.00010496101917107872,0,0,30,0,0
6,53,2,0,2,-0.00015389179428397582,-6.6972679406556359e-05,0.50001074723865524,-0.00078600656601032911,5.5664574807391098e-05,0.49999999960624997,0,30,0,0
6,54,2,0,2,-0.00083292392890865427,-0.00010595372487468384,0.50001077860891552,-0.00070167451310876056,2.390043267117075e-05,0.49999999960624997,0,30,0,0
6,55,2,0,2,-0.00080204625368170612,-0.00077929796748250403,0.50000925050448231,-0.00070361124435584441,-2.0833321791233913e-05,0.49999999960624997,0,30,0,0
6,56,2,0,2,-0.0015188787374566621,-0.00085751126892780812,0.50000922005492454,-0.00078539488526372444,-5.260751900822269e-05,0.49999999960624997,0,30,0,0
6,57,0,0,1,-0.0010806182775789991,-3.1500000000000002e-13,0.49899151799257307,-0.0010806182775789991,-3.1500000000000002e-13,0.99807426045998349,0,30,0,0
6,58,0,0,0,-0.0013318322287807227,-0.00085258202124967666,0.49899167770080344,0,0,0.99817358755281338,0,30,0,0
6,59,2,0,2,-0.00015701874517066211,6.4942365700967273e-05,0.50040510998898402,-0.0013365027629382235,0.00085730250411809785,0.49999999960624997,0,30,0,0
6,60,2,0,2,-0.00083415025005501194,0.00010496101917107872,0.50040546674462716,-0.00059870302883511899,0.00081330674021016234,0.49999999960624997,0,30,0,0
6,61,2,0,2,-0.00078600656601032911,5.5664574807391098e-05,0.49958425783881533,-0.0015248111883102698,0.00086219138671355311,0.49999999960624997,0,30,0,0
6,62,2,0,2,-0.00070167451310876056,2.390043267117075e-05,0.4995846774067047,-0.00080497635880303806,0.00078352244147719718,0.49999999960624997,0,30,0,0
6,63,2,0,2,-0.00070361124435584441,-2.0833321791233913e-05,0.50008317106576583,-0.0021680923179873295,0.00011421499154510835,0.49999999960624997,0,30,0,0
6,64,2,0,2,-0.00078539488526372444,-5.260751900822269e-05,0.50008154088323675,-0.0033499484048610099,0.00013242573978491473,0.49999999960624997,0,30,0,0
6,65,0,0,1,-7.3601180778387366e-05,3.1500000000000002e-13,0.49971104445300996,-7.3601180778387366e-05,3.1500000000000002e-13,0.00052977988424477622,0,30,0,0
6,66,0,0,0,0,0,0.49971104349538242,0,0,0.00046101591441493424,0,30,0,0
6,67,2,0,2,-0.0013365027629382235,0.00085730250411809785,0.50003354654815324,-0.00067046308674106186,3.6449042458195369e-05,0.49999999960624997,0,30,0,0
6,68,2,0,2,-0.00059870302883511899,0.00081330674021016234,0.50003302839532837,-0.0015882037874824038,6.4813172109592993e-05,0.49999999960624997,0,30,0,0
6,69,2,0,2,-0.0015248111883102698,0.00086219138671355311,0.50009204773892213,-0.00084207083315299602,-0.00018282897269451093,0.49999999960624997,0,30,0,0
6,70,2,0,2,-0.00080497635880303806,0.00078352244147719718,0.50009206793541283,-0.0007926445081476519,-0.00015349593673068918,0.49999999960624997,0,30,0,0
6,71,2,0,2,-0.0021680923179873295,0.00011421499154510835,0.49997591676759945,-0.0001082749762537487,-6.1677886195919985e-07,0,0,30,0,0
6,72,2,0,2,-0.0033499484048610099,0.00013242573978491473,0.49997585717822124,-0.00022309791892980661,-4.8540565952393978e-07,0,0,30,0,0
6,73,2,0,2,-7.3601180778387366e-05,3.1500000000000002e-13,0.49995727665153927,-0.0004492713222156372,-8.3111447197929537e-05,0.49999999960624997,0,30,0,0
6,74,2,0,2,0,0,0.49995729080281015,-0.00038111036106211536,-8.6692558099317252e-05,0.49999999960624997,0,30,0,0
6,75,2,0,2,-0.00067046308674106186,3.6449042458195369e-05,0.50005623015679523,-0.00041026427351560521,-0.00011089432945758597,0.49999999960624997,0,30,0,0
6,76,2,0,2,-0.0015882037874824038,6.4813172109592993e-05,0.50005621145113921,-0.00049309288621156256,-0.0001147452568102231,0.49999999960624997,0,30,0,0
6,77,0,0,1,-7.4098545486695291e-05,-3.1500000000000002e-13,0.49971011321063247,-7.4098545486695291e-05,-3.1500000000000002e-13,0.9994684766624482,0,30,0,0
6,78,0,0,0,-0.0007926445081476519,-0.00015349593673068918,0.49971011232181406,0,0,0.99953742946405166,0,30,0,0
6,79,2,0,2,-0.0001082749762537487,-6.1677886195919985e-07,0.50005686375190506,-0.00049407389820512414,0.00011604513338632502,0.49999999960624997,0,30,0,0
6,80,2,0,2,-0.00022309791892980661,-4.8540565952393978e-07,0.50005688259859538,-0.000410756629999756,0.0001122023630194284,0.49999999960624997,0,30,0,0
6,81,2,0,2,-0.0004492713222156372,-8.3111447197929537e-05,0.49995664117596628,-0.00038224829522472012,8.8013017673223954e-05,0.49999999960624997,0,30,0,0
6,82,2,0,2,-0.00038111036106211536,-8.6692558099317252e-05,0.49995662715227102,-0.00044966994966160823,8.4421449166917632e-05,0.49999999960624997,0,30,0,0
6,83,2,0,2,-0.00041026427351560521,-0.00011089432945758597,0.5000922072912356,-0.00079435709134567439,0.0001536838701648045,0.49999999960624997,0,30,0,0
6,84,2,0,2,-0.00049309288621156256,-0.0001147452568102231,0.50009218664018773,-0.00084475994901695741,0.00018309206536475513,0.49999999960624997,0,30,0,0
6,85,2,0,2,-7.4098545486695291e-05,-3.1500000000000002e-13,0.50003308591693019,-0.0015903144085363092,-6.4921749522689896e-05,0.49999999960624997,0,30,0,0
6,86,2,0,2,0,0,0.50003360516563089,-0.00067219413045349619,-3.6469148011951131e-05,0.49999999960624997,0,30,0,0
6,87,2,0,2,-0.00049407389820512414,0.00011604513338632502,0.49992704212974032,-0.00018993734645342494,0.00012219000026842574,0,0,30,0,0
6,88,0,0,0,-0.000410756629999756,0.0001122023630194284,0.49992690862219263,0,0,0.00012517155947185804,0,30,0,0
6,89,0,0,1,-3.1636354967943894e-05,3.1500000000000002e-13,0.4999692393561625,-3.1636354967943894e-05,3.1500000000000002e-13,4.3823690922062534e-05,0,30,0,0
6,90,0,0,0,-0.00044966994966160823,8.4421449166917632e-05,0.49996923226367468,0,0,3.7827491158030007e-05,0,30,0,0
6,91,0,0,1,-3.1626267163827653e-05,-3.1500000000000002e-13,0.49996894658441854,-3.1626267163827653e-05,-3.1500000000000002e-13,0.99995559075522666,0,30,0,0
6,92,0,0,0,-0.00084475994901695741,0.00018309206536475513,0.49996893951265026,0,0,0.9999616467165563,0,30,0,0
6,93,2,0,2,-0.0015903144085363092,-6.4921749522689896e-05,0.49998789025071516,-0.00019023495558775799,-0.00012200988365774491,0,0,30,0,0
6,94,0,0,0,-0.00067219413045349619,-3.6469148011951131e-05,0.49992688590362983,0,0,0.99987481992198035,0,30,0,0
7,1,0,0,1,-0.013650288141273568,0,0,-0.013650288141273568,0,0,1,30,0,0
7,2,2,0,2,-0.0044115951907866364,-0.0017499984118745631,0.50005507527809101,-0.0044115951907866364,-0.0017499984118745631,0,0,30,0,0
7,3,2,0,2,-0.00529854726948899,-0.0017141103030261717,0.50003886426860311,-0.00529854726948899,-0.0017141103030261717,0,0,30,0,0
7,4,0,0,0,0,0,0.49621896139111599,0,0,0.49645114781879651,0,30,0,0
7,5,0,0,0,0,0,0.49621442044513225,0,0,0.49621956785483284,0,30,0,0
7,6,0,0,0,0,0,0.50260018913585214,0,0,0.49735860577438995,0,30,0,0
7,7,0,0,0,0,0,0.50260041907463182,0,0,0.49716440854193372,0,30,0,0
7,8,2,0,2,-0.0043855235938856573,0.0017618214179477179,0.49917559904107761,-0.0043855235938856573,0.0017618214179477179,0,0,30,0,0
7,9,2,0,2,-0.0053169797746252306,0.0017306714532702582,0.49917333969757022,-0.0053169797746252306,0.0017306714532702582,0,0,30,0,0
7,10,2,0,2,-0.00054571438102253903,0.00031451681088873678,0.49996630296470956,-0.00054571438102253903,0.00031451681088873678,0.49999999960624997,0,30,0,0
7,11,2,0,2,-0.00029100676902622964,1.4762625448031669e-05,0.49996635626217445,-0.00029100676902622964,1.4762625448031669e-05,0.49999999960624997,0,30,0,0
7,12,2,0,2,-0.00030747232656804034,-4.2966545201026952e-05,0.49998009698624829,-0.00030747232656804034,-4.2966545201026952e-05,0.49999999960624997,0,30,0,0
7,13,2,0,2,-0.00054823615325358291,-0.00034199772645624713,0.49998004546458424,-0.00054823615325358291,-0.00034199772645624713,0.49999999960624997,0,30,0,0
7,14,0,0,1,-0.014146942433477907,0,0,-0.014146942433477907,0,0,1,30,0,0
7,15,0,0,0,0,0,0.50259529911134548,0,0,0.50283490562182931,0,30,0,0
7,16,0,0,0,0,0,0.50259504193266902,0,0,0.50263660969808299,0,30,0,0
7,17,0,0,0,0,0,0.49623935427183952,0,0,0.50375525486456163,0,30,0,0
7,18,0,0,0,0,0,0.4962436446717664,0,0,0.5035197768957258,0,30,0,0
7,19,0,0,0,0,0,0.49994226145775184,0,0,0.00010917428708632304,0,30,0,0
7,20,2,0,2,-0.0021416423489245846,1.4055404332750888e-05,0.49994162389013663,-0.0021416423489245846,1.4055404332750888e-05,0,0,30,0,0
7,21,2,0,2,-0.0014172965037145267,-0.001758284729771862,0.49911837471005349,-0.0014172965037145267,-0.001758284729771862,0.49999999960624997,0,30,0,0
7,22,2,0,2,-0.0059607956050314785,-0.0017978883921889607,0.49910999045173354,-0.0059607956050314785,-0.0017978883921889607,0.49999999960624997,0,30,0,0
7,23,0,0,0,0,0,0.5013195389497862,0,0,0.49866209124536837,0,30,0,0
7,24,2,0,2,-0.0032525607001165869,-0.0026501233477709881,0.50131690017985386,-0.0032525607001165869,-0.0026501233477709881,0.49999999960624997,0,30,0,0
7,25,2,0,2,-0.00065657638209436816,2.3307351346658091e-06,0.49999556264360989,-0.00065657638209436816,2.3307351346658091e-06,0,0,30,0,0
7,26,2,0,2,-0.0012018654286515005,3.0792706957172137e-06,0.49999530930500224,-0.0012018654286515005,3.0792706957172137e-06,0,0,30,0,0
7,27,2,0,2,-0.0006694765945667499,-0.00048975396326059835,0.49971412230286827,-0.0006694765945667499,-0.00048975396326059835,0.49999999960624997,0,30,0,0
7,28,1,0,2,-0.00013482819580992893,6.3326708693117181e-05,0.49971422985693187,-0.00013482819580992893,6.3326708693117181e-05,0.49970087680827308,0,30,0,0
7,29,2,0,2,-0.00046912878182922194,-0.00059854901231346034,0.5002802256865283,-0.00046912878182922194,-0.00059854901231346034,0.49999999960624997,0,30,0,0
7,30,2,0,2,-0.00071205195025497009,-0.00064227992323834607,0.50028015400553005,-0.00071205195025497009,-0.00064227992323834607,0.49999999960624997,0,30,0,0
7,31,0,0,0,0,0,0.49993556988437582,0,0,0.99987766664017708,0,30,0,0
7,32,2,0,2,-0.0021710982418433325,-2.5589223800201368e-05,0.4999471687236452,-0.0021710982418433325,-2.5589223800201368e-05,0,0,30,0,0
7,33,2,0,2,-0.0007194032735483209,0.00064773847073169551,0.50028252086711766,-0.0007194032735483209,0.00064773847073169551,0.49999999960624997,0,30,0,0
7,34,2,0,2,-0.00046637222008919215,0.00060329244095677908,0.50028259582126922,-0.00046637222008919215,0.00060329244095677908,0.49999999960624997,0,30,0,0
7,35,1,0,2,-0.00015213083067107375,-6.215945472055945e-05,0.49971307307694102,-0.00015213083067107375,-6.215945472055945e-05,0.50029959894257803,0,30,0,0
7,36,2,0,2,-0.00067401646293434878,0.00049134762303812082,0.49971296523908298,-0.00067401646293434878,0.00049134762303812082,0.49999999960624997,0,30,0,0
7,37,2,0,2,-0.0032667259161979455,0.0026780152103801601,0.50133056796101649,-0.0032667259161979455,0.0026780152103801601,0.49999999960624997,0,30,0,0
7,38,0,0,0,0,0,0.50133322728984886,0,0,0.50135169579998606,0,30,0,0
7,39,2,0,2,-0.0059666965619590649,0.0018193202179117535,0.49909932201442259,-0.0059666965619590649,0.0018193202179117535,0.49999999960624997,0,30,0,0
7,40,2,0,2,-0.0014267599314402083,0.0017791692768968266,0.49910771727566672,-0.0014267599314402083,0.0017791692768968266,0.49999999960624997,0,30,0,0
7,41,1,0,2,-0.00089729148243252637,-8.7699984642757156e-05,0.4990533188290881,-0.00089729148243252637,-8.7699984642757156e-05,0.0019204941381138218,0,30,0,0
7,42,0,0,0,0,0,0.49905346453643101,0,0,0.0017701399583727152,0,30,0,0
7,43,2,0,2,-0.0029245702931850327,-0.00031479934488205092,0.50017007027570326,-0.0029245702931850327,-0.00031479934488205092,0.49999999960624997,0,30,0,0
7,44,2,0,2,-0.0020785883643497805,-0.00031760262092391412,0.50017112794059759,-0.0020785883643497805,-0.00031760262092391412,0.49999999960624997,0,30,0,0
7,45,2,0,2,-0.00015252001090691565,4.2539087758878012e-05,0.4999614930722398,-0.00015252001090691565,4.2539087758878012e-05,0,0,30,0,0
7,46,2,0,2,-0.00082860600191293765,1.6701106794487819e-05,0.49996132723822234,-0.00082860600191293765,1.6701106794487819e-05,0,0,30,0,0
7,47,2,0,2,-0.00055840785928657388,-0.00072619851975341853,0.49961858699084116,-0.00055840785928657388,-0.00072619851975341853,0.49999999960624997,0,30,0,0
7,48,2,0,2,-0.0011550489824871859,-0.00078869633082036836,0.4996183312132596,-0.0011550489824871859,-0.00078869633082036836,0.49999999960624997,0,30,0,0
7,49,0,0,1,-0.00052318199268174144,-3.1500000000000002e-13,0.50040105585714412,-0.00052318199268174144,-3.1500000000000002e-13,0.49959574993170536,0,30,0,0
7,50,2,0,2,-0.0011738023537178593,-0.00083821639663939844,0.50040078006345556,-0.0011738023537178593,-0.00083821639663939844,0.49999999960624997,0,30,0,0
7,51,2,0,2,-0.00015635668054310179,-4.54524660768852e-05,0.49998264827539685,-0.00015635668054310179,-4.54524660768852e-05,0,0,30,0,0
7,52,2,0,2,-0.00082989553215422084,-1.8499281023293923e-05,0.49996933753363232,-0.00082989553215422084,-1.8499281023293923e-05,0,0,30,0,0
7,53,2,0,2,-0.00063451954802284656,5.1736753024543275e-05,0.50000681945923742,-0.00063451954802284656,5.1736753024543275e-05,0.49999999960624997,0,30,0,0
7,54,2,0,2,-0.00050693180332868977,2.0104759554657688e-05,0.50000685586774185,-0.00050693180332868977,2.0104759554657688e-05,0.49999999960624997,0,30,0,0
7,55,2,0,2,-0.00050925944674455755,-1.4654998479000161e-05,0.50000413138355826,-0.00050925944674455755,-1.4654998479000161e-05,0.49999999960624997,0,30,0,0
7,56,2,0,2,-0.00063377520613782116,-4.628655075135742e-05,0.50000409580225191,-0.00063377520613782116,-4.628655075135742e-05,0.49999999960624997,0,30,0,0
7,57,1,0,2,-0.00090427761164758565,8.8258924461304323e-05,0.49905074797692373,-0.00090427761164758565,8.8258924461304323e-05,0.99807426045998349,0,30,0,0
7,58,0,0,0,0,0,0.49905089549368076,0,0,0.99822501578588752,0,30,0,0
7,59,2,0,2,-0.0011788940246296427,0.00084514525327557841,0.50040414487942309,-0.0011788940246296427,0.00084514525327557841,0.49999999960624997,0,30,0,0
7,60,0,0,1,-0.00052786471523776546,3.1500000000000002e-13,0.50040442243391825,-0.00052786471523776546,3.1500000000000002e-13,0.50040761776278508,0,30,0,0
7,61,2,0,2,-0.0011614254146404706,0.00079446410851075999,0.49961549433027452,-0.0011614254146404706,0.00079446410851075999,0.49999999960624997,0,30,0,0
7,62,2,0,2,-0.00056124881963463174,0.00073167397544120509,0.49961575300924305,-0.00056124881963463174,0.00073167397544120509,0.49999999960624997,0,30,0,0
7,63,2,0,2,-0.0020803902548869753,0.00031772506218311536,0.5001712378655282,-0.0020803902548869753,0.00031772506218311536,0.49999999960624997,0,30,0,0
7,64,2,0,2,-0.00293577705508159,0.00031490228343980867,0.50017016566067285,-0.00293577705508159,0.00031490228343980867,0.49999999960624997,0,30,0,0
7,65,0,0,1,-0.00011244247735484183,3.1500000000000002e-13,0.4996725052522567,-0.00011244247735484183,3.1500000000000002e-13,0.00061533669977477932,0,30,0,0
7,66,0,0,0,0,0,0.49967250136699359,0,0,0.00054944212676852518,0,30,0,0
7,67,2,0,2,-0.00058795730613997736,-3.325830704899105e-05,0.49999605699857924,-0.00058795730613997736,-3.325830704899105e-05,0.49999999960624997,0,30,0,0
7,68,2,0,2,-0.0017429782393172805,-1.0808083770146251e-05,0.49999538394104948,-0.0017429782393172805,-1.0808083770146251e-05,0.49999999960624997,0,30,0,0
7,69,2,0,2,-0.00083365555965301847,-0.00027147734685705632,0.50013543514879133,-0.00083365555965301847,-0.00027147734685705632,0.49999999960624997,0,30,0,0
7,70,2,0,2,-0.00076709242441083832,-0.00024553045081326773,0.50013546177897283,-0.00076709242441083832,-0.00024553045081326773,0.49999999960624997,0,30,0,0
7,71,2,0,2,-9.802457817332681e-05,-7.5414036384872468e-07,0.4999801503393897,-9.802457817332681e-05,-7.5414036384872468e-07,0,0,30,0,0
7,72,2,0,2,-0.0002927551564022913,-5.7523544440264976e-07,0.49998007872496203,-0.0002927551564022913,-5.7523544440264976e-07,0,0,30,0,0
7,73,2,0,2,-0.0004037724238278592,-9.7938309025180441e-05,0.49994783514126379,-0.0004037724238278592,-9.7938309025180441e-05,0.49999999960624997,0,30,0,0
7,74,2,0,2,-0.00028426254816265597,-0.00010366994363878237,0.49994785570016642,-0.00028426254816265597,-0.00010366994363878237,0.49999999960624997,0,30,0,0
7,75,2,0,2,-0.00033560827693772095,-0.00014548699102024615,0.5000725673106613,-0.00033560827693772095,-0.00014548699102024615,0.49999999960624997,0,30,0,0
7,76,2,0,2,-0.00046125108219756031,-0.00015146443355426139,0.50007254228371911,-0.00046125108219756031,-0.00015146443355426139,0.49999999960624997,0,30,0,0
7,77,0,0,1,-0.00011389788669491699,-3.1500000000000002e-13,0.49967130732688031,-0.00011389788669491699,-3.1500000000000002e-13,0.99938241050048593,0,30,0,0
7,78,0,0,0,0,0,0.49967130365296086,0,0,0.99944849091104615,0,30,0,0
7,79,2,0,2,-0.00046269830581004227,0.0001532449491867155,0.50007342987832593,-0.00046269830581004227,0.0001532449491867155,0.49999999960624997,0,30,0,0
7,80,2,0,2,-0.00033620914847035772,0.00014726579238877801,0.50007345513857748,-0.00033620914847035772,0.00014726579238877801,0.49999999960624997,0,30,0,0
7,81,2,0,2,-0.00028598172917036155,0.00010547977181325459,0.49994696436046948,-0.00028598172917036155,0.00010547977181325459,0.49999999960624997,0,30,0,0
7,82,2,0,2,-0.00040412051642038584,9.9721527417125818e-05,0.49994694397633699,-0.00040412051642038584,9.9721527417125818e-05,0.49999999960624997,0,30,0,0
7,83,2,0,2,-0.00076910757715359845,0.00024573019286853895,0.50013560537273838,-0.00076910757715359845,0.00024573019286853895,0.49999999960624997,0,30,0,0
7,84,2,0,2,-0.0008374383038480971,0.00027174212602547977,0.50013557793632379,-0.0008374383038480971,0.00027174212602547977,0.49999999960624997,0,30,0,0
7,85,2,0,2,-0.0017456271900741862,1.0654676699924852e-05,0.49999546379826831,-0.0017456271900741862,1.0654676699924852e-05,0.49999999960624997,0,30,0,0
7,86,2,0,2,-0.00059007567532326716,3.3188986369878551e-05,0.49999613854201608,-0.00059007567532326716,3.3188986369878551e-05,0.49999999960624997,0,30,0,0
7,87,2,0,2,-0.00021226487434710458,0.00017914692696370125,0.49989957357714715,-0.00021226487434710458,0.00017914692696370125,0,0,30,0,0
7,88,0,0,0,0,0,0.4998993415353355,0,0,0.0001797495681678619,0,30,0,0
7,89,0,0,1,-5.353295694734892e-05,3.1500000000000002e-13,0.49996352119206472,-5.353295694734892e-05,3.1500000000000002e-13,5.7476085462500463e-05,0,30,0,0
7,90,0,0,0,0,0,0.49996350159021313,0,0,5.129816916888676e-05,0,30,0,0
7,91,0,0,1,-5.3530419446525931e-05,-3.1500000000000002e-13,0.49996297005945439,-5.3530419446525931e-05,-3.1500000000000002e-13,0.99994142163225097,0,30,0,0
7,92,0,0,0,0,0,0.49996295052886613,0,0,0.99994767944180685,0,30,0,0
7,93,2,0,2,-0.00021273361612801061,-0.00017879408426223285,0.4999887480025243,-0.00021273361612801061,-0.00017879408426223285,0,0,30,0,0
7,94,0,0,0,0,0,0.49989935055146878,0,0,0.99982031424477769,0,30,0,0
8,1,0,0,1,-0.010129465573918002,0,0,-0.010129465573918002,0,0,1,30,0,0
8,2,2,0,2,-0.0039670051671851616,-0.0018956450114919123,0.50004725627724345,-0.0039670051671851616,-0.0018956450114919123,0,0,30,0,0
8,3,2,0,2,-0.0059568181482039413,-0.0018843169946058838,0.50004651234975417,-0.0059568181482039413,-0.0018843169946058838,0,0,30,0,0
8,4,0,0,0,0,0,0.49614951702007659,0,0,0.49634904241757299,0,30,0,0
8,5,0,0,0,0,0,0.49614926664423609,0,0,0.49614925153123118,0,30,0,0
8,6,0,0,0,0,0,0.50304877617791488,0,0,0.49692655198189828,0,30,0,0
8,7,0,0,0,0,0,0.50304978801667943,0,0,0.49674791165756921,0,30,0,0
8,8,2,0,2,-0.0039576580537579375,0.0019361629933865518,0.49908106923272672,-0.0039576580537579375,0.0019361629933865518,0,0,30,0,0
8,9,2,0,2,-0.0060241798634993113,0.0019428712748610383,0.49907590430836479,-0.0060241798634993113,0.0019428712748610383,0,0,30,0,0
8,10,2,0,2,-0.00012677800044407324,0.00015436720308728585,0.49987886500952339,-0.00012677800044407324,0.00015436720308728585,0.49999999960624997,0,30,0,0
8,11,0,0,0,0,0,0.49987885622455031,0,0,0.49990337259719164,0,30,0,0
8,12,0,0,0,0,0,0.49988219268202733,0,0,0.50009303005415773,0,30,0,0
8,13,2,0,2,-0.00012902978479881655,-0.00016103220242510459,0.49988219946099766,-0.00012902978479881655,-0.00016103220242510459,0.49999999960624997,0,30,0,0
8,14,0,0,1,-0.010458472275045524,0,0,-0.010458472275045524,0,0,1,30,0,0
8,15,0,0,0,0,0,0.50308132930072902,0,0,0.5032875404514553,0,30,0,0
8,16,0,0,0,0,0,0.50308026462375,0,0,0.50310520040385809,0,30,0,0
8,17,0,0,0,0,0,0.4961316738144651,0,0,0.50386825907017263,0,30,0,0
8,18,0,0,0,0,0,0.49613182548624035,0,0,0.50366481193859181,0,30,0,0
8,19,0,0,0,0,0,0.49973178032000515,0,0,0.00053840250956878506,0,30,0,0
8,20,2,0,2,-0.0010087088651953454,0.00047657036128336905,0.49973168493195302,-0.0010087088651953454,0.00047657036128336905,0,0,30,0,0
8,21,2,0,2,-0.00065131338265090309,-0.00079415721771408838,0.4996035319980297,-0.00065131338265090309,-0.00079415721771408838,0.49999999960624997,0,30,0,0
8,22,2,0,2,-0.0029619250997581503,-0.00080412312983719949,0.49960144523999861,-0.0029619250997581503,-0.00080412312983719949,0.49999999960624997,0,30,0,0
8,23,0,0,1,-0.00051918935603836413,3.1500000000000002e-13,0.50069725476613691,-0.00051918935603836413,3.1500000000000002e-13,0.4992926506118488,0,30,0,0
8,24,2,0,2,-0.0020064090137026213,-0.0013947639679220288,0.50069631549739635,-0.0020064090137026213,-0.0013947639679220288,0.49999999960624997,0,30,0,0
8,25,2,0,2,-0.00031541538394087284,2.1217622086422753e-06,0.4999999000677135,-0.00031541538394087284,2.1217622086422753e-06,0,0,30,0,0
8,26,2,0,2,-0.0010024303183219345,2.631138828185631e-06,0.49999967372922832,-0.0010024303183219345,2.631138828185631e-06,0,0,30,0,0
8,27,2,0,2,-0.00038228224825312228,-0.00037719408295025731,0.4997868734491589,-0.00038228224825312228,-0.00037719408295025731,0.49999999960624997,0,30,0,0
8,28,0,0,1,-4.2292900062763626e-05,3.1500000000000002e-13,0.499786909545195,-4.2292900062763626e-05,3.1500000000000002e-13,0.49979698581362175,0,30,0,0
8,29,0,0,1,-0.00018725736450875095,-3.1500000000000002e-13,0.50023067862147697,-0.00018725736450875095,-3.1500000000000002e-13,0.49975138655657869,0,30,0,0
8,30,2,0,2,-0.00052939375209023185,-0.00051027850323755023,0.50023061736150587,-0.00052939375209023185,-0.00051027850323755023,0.49999999960624997,0,30,0,0
8,31,0,0,0,0,0,0.49972871699703042,0,0,0.9994554892175761,0,30,0,0
8,32,2,0,2,-0.0010265986890208481,-0.00048266450248512675,0.49996965183015113,-0.0010265986890208481,-0.00048266450248512675,0,0,30,0,0
8,33,2,0,2,-0.00053469752451472234,0.00051879630960923416,0.50023461374086331,-0.00053469752451472234,0.00051879630960923416,0.49999999960624997,0,30,0,0
8,34,0,0,1,-0.00018498088399339401,3.1500000000000002e-13,0.50023467662230969,-0.00018498088399339401,3.1500000000000002e-13,0.50025261158759471,0,30,0,0
8,35,0,0,1,-5.4922443385757119e-05,-3.1500000000000002e-13,0.49978427928383606,-5.4922443385757119e-05,-3.1500000000000002e-13,0.50020555770426245,0,30,0,0
8,36,2,0,2,-0.00038327664666125194,0.00038193619796686478,0.49978424330431415,-0.00038327664666125194,0.00038193619796686478,0.49999999960624997,0,30,0,0
8,37,2,0,2,-0.0020112079107828429,0.0014161518890918616,0.50070691792637545,-0.0020112079107828429,0.0014161518890918616,0.49999999960624997,0,30,0,0
8,38,0,0,1,-0.00053773646514107803,-3.1500000000000002e-13,0.50070785711184995,-0.00053773646514107803,-3.1500000000000002e-13,0.50071803890451916,0,30,0,0
8,39,2,0,2,-0.0029635140358024652,0.00081833604736271598,0.49959434197354924,-0.0029635140358024652,0.00081833604736271598,0.49999999960624997,0,30,0,0
8,40,2,0,2,-0.00065470422972029431,0.00080820758191416575,0.49959643000033876,-0.00065470422972029431,0.00080820758191416575,0.49999999960624997,0,30,0,0
8,41,1,0,2,-0.00060192266685222639,-0.00056578368355977566,0.49930074935960522,-0.00060192266685222639,-0.00056578368355977566,0.0019204941381138218,0,30,0,0
8,42,0,0,0,0,0,0.49930083217915611,0,0,0.0013232893454830919,0,30,0,0
8,43,2,0,2,-0.0021175951505016831,-0.00045644921414870825,0.50023577802189001,-0.0021175951505016831,-0.00045644921414870825,0.49999999960624997,0,30,0,0
8,44,2,0,2,-0.0017556740837730246,-0.00046202898724064304,0.50023612824250541,-0.0017556740837730246,-0.00046202898724064304,0.49999999960624997,0,30,0,0
8,45,2,0,2,-0.00013312156548674962,0.00014706333853990641,0.49991671986348057,-0.00013312156548674962,0.00014706333853990641,0,0,30,0,0
8,46,2,0,2,-0.0007504467536824668,0.00012304234739526828,0.49991658348216139,-0.0007504467536824668,0.00012304234739526828,0,0,30,0,0
8,47,0,0,1,-0.00033316004820813425,-3.1500000000000002e-13,0.49969088946514306,-0.00033316004820813425,-3.1500000000000002e-13,0.49970096379769624,0,30,0,0
8,48,2,0,2,-0.00079443431787190166,-0.00063366426561807998,0.49969075935084839,-0.00079443431787190166,-0.00063366426561807998,0.49999999960624997,0,30,0,0
8,49,1,0,2,-0.00042531122374700193,4.199335711078728e-05,0.50037896984831098,-0.00042531122374700193,4.199335711078728e-05,0.49959574993170536,0,30,0,0
8,50,2,0,2,-0.00093065102859600578,-0.00077779497844118577,0.50037879867923873,-0.00093065102859600578,-0.00077779497844118577,0.49999999960624997,0,30,0,0
8,51,2,0,2,-0.00013680100938227174,-0.00015145318388546015,0.49999015625494381,-0.00013680100938227174,-0.00015145318388546015,0,0,30,0,0
8,52,2,0,2,-0.00075055179504183328,-0.00012641636038024704,0.49997777210455874,-0.00075055179504183328,-0.00012641636038024704,0,0,30,0,0
8,53,2,0,2,-0.00047968095915758215,1.1210509315937531e-05,0.49998767790677168,-0.00047968095915758215,1.1210509315937531e-05,0.49999999960624997,0,30,0,0
8,54,2,0,2,-0.00030259141164629095,-1.6000667936246971e-05,0.49998771253986185,-0.00030259141164629095,-1.6000667936246971e-05,0.49999999960624997,0,30,0,0
8,55,2,0,2,-0.00030476815894885551,2.2052852401826103e-05,0.49998469293491349,-0.00030476815894885551,2.2052852401826103e-05,0.49999999960624997,0,30,0,0
8,56,2,0,2,-0.00047847671201994146,-5.1695827284602638e-06,0.49998465892063654,-0.00047847671201994146,-5.1695827284602638e-06,0.49999999960624997,0,30,0,0
8,57,1,0,2,-0.00060923961146563889,0.00056962497348150105,0.49929980795463286,-0.00060923961146563889,0.00056962497348150105,0.99807426045998349,0,30,0,0
8,58,0,0,0,0,0,0.49929989258944968,0,0,0.99867497798345861,0,30,0,0
8,59,2,0,2,-0.00093597756391381143,0.00078405288596335729,0.50038183911827949,-0.00093597756391381143,0.00078405288596335729,0.49999999960624997,0,30,0,0
8,60,1,0,2,-0.00043131869631075708,-4.2653853514503594e-05,0.50038201148448758,-0.00043131869631075708,-4.2653853514503594e-05,0.50040761776278508,0,30,0,0
8,61,2,0,2,-0.00080122827511936703,0.00063857738160796385,0.49968833421677877,-0.00080122827511936703,0.00063857738160796385,0.49999999960624997,0,30,0,0
8,62,0,0,1,-0.00033610272219003609,3.1500000000000002e-13,0.49968846655104382,-0.00033610272219003609,3.1500000000000002e-13,0.50030137238538719,0,30,0,0
8,63,2,0,2,-0.0017560750270810338,0.00046251326314373229,0.50023637115780528,-0.0017560750270810338,0.00046251326314373229,0.49999999960624997,0,30,0,0
8,64,2,0,2,-0.0021261153066402657,0.0004568620287029584,0.50023601225470127,-0.0021261153066402657,0.0004568620287029584,0.49999999960624997,0,30,0,0
8,65,1,0,2,-0.00018001700994046255,-1.7943295126885252e-05,0.49968668197834809,-0.00018001700994046255,-1.7943295126885252e-05,0.00061533669977477932,0,30,0,0
8,66,0,0,0,0,0,0.49968667744135176,0,0,0.0005443919141776474,0,30,0,0
8,67,2,0,2,-0.00038703646760557102,-9.1686492836647173e-05,0.49996175375352048,-0.00038703646760557102,-9.1686492836647173e-05,0.49999999960624997,0,30,0,0
8,68,2,0,2,-0.0016888633222011083,-7.9201631863981767e-05,0.49996107809549467,-0.0016888633222011083,-7.9201631863981767e-05,0.49999999960624997,0,30,0,0
8,69,2,0,2,-0.00072288367022548081,-0.00032846671776168063,0.50016008415150526,-0.00072288367022548081,-0.00032846671776168063,0.49999999960624997,0,30,0,0
8,70,2,0,2,-0.00064280092217674925,-0.00030500541169947834,0.50016011148479422,-0.00064280092217674925,-0.00030500541169947834,0.49999999960624997,0,30,0,0
8,71,2,0,2,-1.6380736245590538e-05,-1.2109245890986339e-06,0.49998534734953326,-1.6380736245590538e-05,-1.2109245890986339e-06,0,0,30,0,0
8,72,2,0,2,-0.00031567583619713792,-9.8796974369541484e-07,0.4999852622529441,-0.00031567583619713792,-9.8796974369541484e-07,0,0,30,0,0
8,73,2,0,2,-0.00030194656217183554,-0.00010348297780480845,0.49994397316854461,-0.00030194656217183554,-0.00010348297780480845,0.49999999960624997,0,30,0,0
8,74,2,0,2,-0.00017852060903068387,-0.00010370764958630054,0.49994398799563766,-0.00017852060903068387,-0.00010370764958630054,0.49999999960624997,0,30,0,0
8,75,2,0,2,-0.00023024073305905925,-0.00015648242085740052,0.50007146208197883,-0.00023024073305905925,-0.00015648242085740052,0.49999999960624997,0,30,0,0
8,76,2,0,2,-0.00040520948686124816,-0.00015142665008627376,0.50007143429032685,-0.00040520948686124816,-0.00015142665008627376,0.49999999960624997,0,30,0,0
8,77,1,0,2,-0.00018160045808442334,1.781297376086167e-05,0.49968540382109555,-0.00018160045808442334,1.781297376086167e-05,0.99938241050048593,0,30,0,0
8,78,0,0,0,0,0,0.49968539972367604,0,0,0.99945333495033339,0,30,0,0
8,79,2,0,2,-0.00040716244391907444,0.00015412007907146291,0.50007278444365599,-0.00040716244391907444,0.00015412007907146291,0.49999999960624997,0,30,0,0
8,80,2,0,2,-0.00023127463870504779,0.0001591863696022117,0.5000728125125331,-0.00023127463870504779,0.0001591863696022117,0.49999999960624997,0,30,0,0
8,81,2,0,2,-0.00018056513983637205,0.00010632900244858005,0.49994270139668251,-0.00018056513983637205,0.00010632900244858005,0.49999999960624997,0,30,0,0
8,82,2,0,2,-0.00030218730396883674,0.00010606893097043743,0.49994268671674985,-0.00030218730396883674,0.00010606893097043743,0.49999999960624997,0,30,0,0
8,83,2,0,2,-0.00064437878457887564,0.00030496166111728545,0.50016011778100988,-0.00064437878457887564,0.00030496166111728545,0.49999999960624997,0,30,0,0
8,84,2,0,2,-0.00072719818730175817,0.00032843524191258975,0.50016008939167078,-0.00072719818730175817,0.00032843524191258975,0.49999999960624997,0,30,0,0
8,85,2,0,2,-0.0016915469154012825,7.8957973068465088e-05,0.49996120303027153,-0.0016915469154012825,7.8957973068465088e-05,0.49999999960624997,0,30,0,0
8,86,2,0,2,-0.00038896112353563556,9.1495566853722955e-05,0.49996188058271301,-0.00038896112353563556,9.1495566853722955e-05,0.49999999960624997,0,30,0,0
8,87,2,0,2,-0.00021330776659377539,0.00025577979100070469,0.49986415470672202,-0.00021330776659377539,0.00025577979100070469,0,0,30,0,0
8,88,0,0,0,0,0,0.49986384056206185,0,0,0.00025346891090397954,0,30,0,0
8,89,0,0,1,-4.79599230439655e-05,3.1500000000000002e-13,0.49994375176122646,-4.79599230439655e-05,3.1500000000000002e-13,0.0001032559436273474,0,30,0,0
8,90,1,0,2,-0.00032468305305661155,4.5340098499631645e-05,0.4999437259793485,-0.00032468305305661155,4.5340098499631645e-05,5.1298169330483008e-05,0,30,0,0
8,91,0,0,1,-4.8067773669802606e-05,-3.1500000000000002e-13,0.49994289410804266,-4.8067773669802606e-05,-3.1500000000000002e-13,0.99989502873415292,0,30,0,0
8,92,1,0,2,-0.00032401577978960483,-4.5943567126295629e-05,0.49994286843693281,-0.00032401577978960483,-4.5943567126295629e-05,0.99994768259177935,0,30,0,0
8,93,2,0,2,-0.00021378841009864319,-0.00025514308980342397,0.4999915380521891,-0.00021378841009864319,-0.00025514308980342397,0,0,30,0,0
8,94,0,0,0,0,0,0.49986396559818486,0,0,0.99974682627518352,0,30,0,0
9,1,0,0,1,-0.0081708173648763864,0,0,-0.0081708173648763864,0,0,1,30,0,0
9,2,2,0,2,-0.0035462374539092676,-0.0017099821254533557,0.50004134506320275,-0.0035462374539092676,-0.0017099821254533557,0,0,30,0,0
9,3,2,0,2,-0.0060299631880130974,-0.0017065944708758119,0.50004564488147274,-0.0060299631880130974,-0.0017065944708758119,0,0,30,0,0
9,4,0,0,0,0,0,0.49624101215612348,0,0,0.49641758525514956,0,30,0,0
9,5,0,0,0,0,0,0.49624120847831316,0,0,0.49623807445810902,0,30,0,0
9,6,0,0,0,0,0,0.50314127299820521,0,0,0.4968433862292716,0,30,0,0
9,7,0,0,0,0,0,0.50314259800803041,0,0,0.49667837316201396,0,30,0,0
9,8,2,0,2,-0.0035383166759970618,0.0017557751018905093,0.49916578254297195,-0.0035383166759970618,0.0017557751018905093,0,0,30,0,0
9,9,2,0,2,-0.0061082292968939094,0.0017751465235080583,0.49915957453685361,-0.0061082292968939094,0.0017751465235080583,0,0,30,0,0
9,10,0,0,0,0,0,0.49984142753174665,0,0,0.5000336973313565,0,30,0,0
9,11,0,0,0,0,0,0.49984134633013072,0,0,0.49985658648792192,0,30,0,0
9,12,0,0,0,0,0,0.49983430202365409,0,0,0.50015027984959215,0,30,0,0
9,13,0,0,0,0,0,0.49983437791448299,0,0,0.49997335499762424,0,30,0,0
9,14,0,0,1,-0.0084090345734495996,0,0,-0.0084090345734495996,0,0,1,30,0,0
9,15,0,0,0,0,0,0.50319059933267107,0,0,0.50337278087069071,0,30,0,0
9,16,0,0,0,0,0,0.50318922088409679,0,0,0.5032047424982744,0,30,0,0
9,17,0,0,0,0,0,0.49620462354096384,0,0,0.50379852553462434,0,30,0,0
9,18,0,0,0,0,0,0.49620446366044829,0,0,0.5036158841511329,0,30,0,0
9,19,0,0,0,0,0,0.49973331203287991,0,0,0.00053580566743241487,0,30,0,0
9,20,2,0,2,-0.00061229524566689905,0.00049329533267362209,0.49973328604681011,-0.00061229524566689905,0.00049329533267362209,0,0,30,0,0
9,21,2,0,2,-0.00037503873679357814,-0.00051037961513658342,0.49974803820381741,-0.00037503873679357814,-0.00051037961513658342,0.49999999960624997,0,30,0,0
9,22,2,0,2,-0.0017221016423456402,-0.00050949362333066266,0.499747331788641,-0.0017221016423456402,-0.00050949362333066266,0.49999999960624997,0,30,0,0
9,23,0,0,1,-0.00049319928182353472,3.1500000000000002e-13,0.50047796615817985,-0.00049319928182353472,3.1500000000000002e-13,0.49951487423423507,0,30,0,0
9,24,2,0,2,-0.0013752681920810458,-0.00094921934539813886,0.50047755438213659,-0.0013752681920810458,-0.00094921934539813886,0.49999999960624997,0,30,0,0
9,25,2,0,2,-0.00012063958701837756,1.6645706370204084e-06,0.50000037934427277,-0.00012063958701837756,1.6645706370204084e-06,0,0,30,0,0
9,26,2,0,2,-0.00084761794711655104,2.0275696684785058e-06,0.50000020336919482,-0.00084761794711655104,2.0275696684785058e-06,0,0,30,0,0
9,27,0,0,1,-0.00025614069145265958,-3.1500000000000002e-13,0.49981396130715838,-0.00025614069145265958,-3.1500000000000002e-13,0.49982920062997971,0,30,0,0
9,28,0,0,1,-2.054334462365265e-07,3.1500000000000002e-13,0.49981397771415331,-2.054334462365265e-07,3.1500000000000002e-13,0.49982112782302512,0,30,0,0
9,29,1,0,2,-5.6372117622920012e-05,7.7946365850878931e-05,0.50019410958180643,-5.6372117622920012e-05,7.7946365850878931e-05,0.49975138655657869,0,30,0,0
9,30,2,0,2,-0.00042675043076545406,-0.00041862378013045011,0.50019406486728712,-0.00042675043076545406,-0.00041862378013045011,0.49999999960624997,0,30,0,0
9,31,0,0,0,0,0,0.49973138591674809,0,0,0.99946034616538582,0,30,0,0
9,32,2,0,2,-0.00062567931311636299,-0.00049655243989429182,0.49997960494936694,-0.00062567931311636299,-0.00049655243989429182,0,0,30,0,0
9,33,2,0,2,-0.00043092429687509684,0.00042806836270615871,0.50019860715281872,-0.00043092429687509684,0.00042806836270615871,0.49999999960624997,0,30,0,0
9,34,1,0,2,-5.4653210775812189e-05,-7.6854407226069942e-05,0.50019865280919995,-5.4653210775812189e-05,-7.6854407226069942e-05,0.50025261158759471,0,30,0,0
9,35,0,0,1,-1.0011139201720527e-05,-3.1500000000000002e-13,0.49981044818589943,-1.0011139201720527e-05,-3.1500000000000002e-13,0.5001823016522281,0,30,0,0
9,36,0,0,1,-0.0002559213153453265,3.1500000000000002e-13,0.49981043183195056,-0.0002559213153453265,3.1500000000000002e-13,0.50017415077760696,0,30,0,0
9,37,2,0,2,-0.0013771769755253631,0.00096869418917453778,0.50048730509586004,-0.0013771769755253631,0.00096869418917453778,0.49999999960624997,0,30,0,0
9,38,0,0,1,-0.00050669606521559795,-3.1500000000000002e-13,0.50048771480648446,-0.00050669606521559795,-3.1500000000000002e-13,0.50049497479266669,0,30,0,0
9,39,2,0,2,-0.0017225577474864766,0.00052152595691654861,0.49974128472541568,-0.0017225577474864766,0.00052152595691654861,0.49999999960624997,0,30,0,0
9,40,0,0,1,-0.00037585938133558131,3.1500000000000002e-13,0.49974199138771502,-0.00037585938133558131,3.1500000000000002e-13,0.50026118013715781,0,30,0,0
9,41,0,0,1,-0.00043954175529878331,-3.1500000000000002e-13,0.4994842085358463,-0.00043954175529878331,-3.1500000000000002e-13,0.00099997699144680386,0,30,0,0
9,42,0,0,0,0,0,0.49948425686866138,0,0,0.00097933654659324736,0,30,0,0
9,43,2,0,2,-0.0015614773540311186,-0.00052021431134635274,0.50026340744454967,-0.0015614773540311186,-0.00052021431134635274,0.49999999960624997,0,30,0,0
9,44,2,0,2,-0.0014993427234011813,-0.00052207675454311062,0.50026345495820801,-0.0014993427234011813,-0.00052207675454311062,0.49999999960624997,0,30,0,0
9,45,0,0,1,-7.7095632618657593e-05,3.1500000000000002e-13,0.49990908308209592,-7.7095632618657593e-05,3.1500000000000002e-13,0.00017057931596218707,0,30,0,0
9,46,2,0,2,-0.00066245402759425179,0.00015041191506167919,0.49990897483997138,-0.00066245402759425179,0.00015041191506167919,0,0,30,0,0
9,47,1,0,2,-0.00017848615020072442,9.6171558792678454e-05,0.49974190509856653,-0.00017848615020072442,9.6171558792678454e-05,0.49970096379769624,0,30,0,0
9,48,2,0,2,-0.00058218129177949063,-0.00052297507054051273,0.49974182828796482,-0.00058218129177949063,-0.00052297507054051273,0.49999999960624997,0,30,0,0
9,49,1,0,2,-0.00033096092783491268,0.00011919464047247684,0.50033979855289556,-0.00033096092783491268,0.00011919464047247684,0.49959574993170536,0,30,0,0
9,50,2,0,2,-0.00077188920273022193,-0.00069367134065011226,0.50033967706636773,-0.00077188920273022193,-0.00069367134065011226,0.49999999960624997,0,30,0,0
9,51,0,0,1,-7.9734958107261544e-05,-3.1500000000000002e-13,0.49990688566754515,-7.9734958107261544e-05,-3.1500000000000002e-13,0.99982502580546562,0,30,0,0
9,52,2,0,2,-0.00066171498733820651,-0.00015411837492615077,0.49998394409690761,-0.00066171498733820651,-0.00015411837492615077,0,0,30,0,0
9,53,2,0,2,-0.00036642290037309019,-5.4971157371423533e-06,0.49998172739647945,-0.00036642290037309019,-5.4971157371423533e-06,0.49999999960624997,0,30,0,0
9,54,2,0,2,-0.00018081217757870898,-2.679064649237191e-05,0.49998175279012597,-0.00018081217757870898,-2.679064649237191e-05,0.49999999960624997,0,30,0,0
9,55,2,0,2,-0.00018226722669745476,3.2830317720461474e-05,0.49997874243582507,-0.00018226722669745476,3.2830317720461474e-05,0.49999999960624997,0,30,0,0
9,56,2,0,2,-0.00036486400578519557,1.1520178905531303e-05,0.49997871745913253,-0.00036486400578519557,1.1520178905531303e-05,0.49999999960624997,0,30,0,0
9,57,0,0,1,-0.00044687774958877184,3.1500000000000002e-13,0.49948351306122135,-0.00044687774958877184,3.1500000000000002e-13,0.99899893351167635,0,30,0,0
9,58,0,0,0,0,0,0.49948356301207308,0,0,0.99901937884827741,0,30,0,0
9,59,2,0,2,-0.00077630909564134064,0.00069910040507554908,0.50034228983598827,-0.00077630909564134064,0.00069910040507554908,0.49999999960624997,0,30,0,0
9,60,1,0,2,-0.00033650623967712296,-0.00012071717691171553,0.50034241210676078,-0.00033650623967712296,-0.00012071717691171553,0.50040761776278508,0,30,0,0
9,61,2,0,2,-0.00058795084658412773,0.00052722930348495108,0.49973971450843702,-0.00058795084658412773,0.00052722930348495108,0.49999999960624997,0,30,0,0
9,62,1,0,2,-0.00018037053462214238,-9.6817831952477942e-05,0.49973979283894315,-0.00018037053462214238,-9.6817831952477942e-05,0.50030137238538719,0,30,0,0
9,63,2,0,2,-0.0014990338854853256,0.00052255084537737248,0.50026365801555428,-0.0014990338854853256,0.00052255084537737248,0.49999999960624997,0,30,0,0
9,64,2,0,2,-0.0015685279023883009,0.00052058881447713526,0.50026360475640708,-0.0015685279023883009,0.00052058881447713526,0.49999999960624997,0,30,0,0
9,65,1,0,2,-0.00019205196799824276,-2.2014448214260161e-05,0.49969300278480799,-0.00019205196799824276,-2.2014448214260161e-05,0.00061533669977477932,0,30,0,0
9,66,0,0,0,0,0,0.49969299835261155,0,0,0.0005487262495216434,0,30,0,0
9,67,2,0,2,-0.00023335574357184456,-0.00011093672851528934,0.49994785013367021,-0.00023335574357184456,-0.00011093672851528934,0.49999999960624997,0,30,0,0
9,68,2,0,2,-0.0015629728514137845,-0.00010657763139871499,0.49994725296443104,-0.0015629728514137845,-0.00010657763139871499,0.49999999960624997,0,30,0,0
9,69,2,0,2,-0.00062593187769930249,-0.00032589313798869345,0.50015800259179,-0.00062593187769930249,-0.00032589313798869345,0.49999999960624997,0,30,0,0
9,70,2,0,2,-0.00052130534405131403,-0.00030942108981231838,0.50015803258905678,-0.00052130534405131403,-0.00030942108981231838,0.49999999960624997,0,30,0,0
9,71,0,0,0,0,0,0.49998887527761077,0,0,0.99999843516743481,0,30,0,0
9,72,2,0,2,-0.00030381448347547972,-1.3545698422247327e-06,0.49998955262069428,-0.00030381448347547972,-1.3545698422247327e-06,0,0,30,0,0
9,73,2,0,2,-0.00021850957434124853,-9.2505861686135947e-05,0.49994889512134721,-0.00021850957434124853,-9.2505861686135947e-05,0.49999999960624997,0,30,0,0
9,74,2,0,2,-7.7213798024481845e-05,-9.2291793977748282e-05,0.4999489055685446,-7.7213798024481845e-05,-9.2291793977748282e-05,0.49999999960624997,0,30,0,0
9,75,2,0,2,-0.00016836804902114946,-0.00015037845039986874,0.50006724719186502,-0.00016836804902114946,-0.00015037845039986874,0.49999999960624997,0,30,0,0
9,76,2,0,2,-0.00035220935429285398,-0.00014414547171819498,0.50006722326914932,-0.00035220935429285398,-0.00014414547171819498,0.49999999960624997,0,30,0,0
9,77,1,0,2,-0.00019345425748529033,2.1732082361819836e-05,0.49969165595028719,-0.00019345425748529033,2.1732082361819836e-05,0.99938241050048593,0,30,0,0
9,78,0,0,0,0,0,0.49969165203428889,0,0,0.99944880956897653,0,30,0,0
9,79,2,0,2,-0.00035419704737865574,0.00014718309970767962,0.50006874844474847,-0.00035419704737865574,0.00014718309970767962,0.49999999960624997,0,30,0,0
9,80,2,0,2,-0.00016977143454501698,0.00015343237574501884,0.50006877259974936,-0.00016977143454501698,0.00015343237574501884,0.49999999960624997,0,30,0,0
9,81,2,0,2,-7.8952429668319938e-05,9.5245197175745512e-05,0.49994745734301965,-7.8952429668319938e-05,9.5245197175745512e-05,0.49999999960624997,0,30,0,0
9,82,2,0,2,-0.00021857993748113406,9.5421163706982737e-05,0.49994744695598897,-0.00021857993748113406,9.5421163706982737e-05,0.49999999960624997,0,30,0,0
9,83,2,0,2,-0.00052215622944531417,0.0003091224169967937,0.50015789343920392,-0.00052215622944531417,0.0003091224169967937,0.49999999960624997,0,30,0,0
9,84,2,0,2,-0.00063013163154669496,0.00032556189946305935,0.50015786234545168,-0.00063013163154669496,0.00032556189946305935,0.49999999960624997,0,30,0,0
9,85,2,0,2,-0.0015656366502745593,0.00010629915668626369,0.49994739553320372,-0.0015656366502745593,0.00010629915668626369,0.49999999960624997,0,30,0,0
9,86,2,0,2,-0.00023507534552941141,0.0001106745448802654,0.49994799458456513,-0.00023507534552941141,0.0001106745448802654,0.49999999960624997,0,30,0,0
9,87,0,0,1,-0.00019846382969154592,3.1500000000000002e-13,0.49984993857215426,-0.00019846382969154592,3.1500000000000002e-13,0.00028797178129897358,0,30,0,0
9,88,0,0,0,0,0,0.49984958194732931,0,0,0.00028478392661057331,0,30,0,0
9,89,0,0,1,-5.1664120062948778e-05,3.1500000000000002e-13,0.49993022411188731,-5.1664120062948778e-05,3.1500000000000002e-13,0.00013369139888012136,0,30,0,0
9,90,1,0,2,-0.00035525787684170774,7.6160966210988879e-05,0.49993019322324295,-0.00035525787684170774,7.6160966210988879e-05,5.1298169330483008e-05,0,30,0,0
9,91,0,0,1,-5.1786910189627242e-05,-3.1500000000000002e-13,0.49992926389913656,-5.1786910189627242e-05,-3.1500000000000002e-13,0.99986438816436241,0,30,0,0
9,92,1,0,2,-0.00035443277698486361,-7.6974929850048005e-05,0.49992923316001442,-0.00035443277698486361,-7.6974929850048005e-05,0.99994768259177935,0,30,0,0
9,93,0,0,1,-0.00019883018261299975,-3.1500000000000002e-13,0.4998503291294451,-0.00019883018261299975,-3.1500000000000002e-13,0.99971289311028466,0,30,0,0
9,94,0,0,0,0,0,0.49984996991762082,0,0,0.99971603023500766,0,30,0,0
10,1,0,0,1,-0.0065704922306592337,0,0,-0.0065704922306592337,0,0,1,30,0,0
10,2,2,0,2,-0.003125333823937918,-0.0012918476683272703,0.50003285443666001,-0.003125333823937918,-0.0012918476683272703,0,0,30,0,0
10,3,2,0,2,-0.0057146625245036555,-0.0012984592579304212,0.50004190334550647,-0.0057146625245036555,-0.0012984592579304212,0,0,30,0,0
10,4,0,0,0,0,0,0.49646480230964651,0,0,0.49661904747532021,0,30,0,0
10,5,1,0,2,-0.00064290592614036669,0.00043605440426223795,0.49646481874570947,-0.00064290592614036669,0.00043605440426223795,0.49624328860389588,0,30,0,0
10,6,0,0,0,0,0,0.50301120909622188,0,0,0.49697868347520324,0,30,0,0
10,7,0,0,0,0,0,0.50301254444976484,0,0,0.49683117608612476,0,30,0,0
10,8,2,0,2,-0.003134481382466991,0.0013167055460159038,0.49937626824534465,-0.003134481382466991,0.0013167055460159038,0,0,30,0,0
10,9,2,0,2,-0.0057721449741694672,0.0013463641659436144,0.49937038763511721,-0.0057721449741694672,0.0013463641659436144,0,0,30,0,0
10,10,0,0,0,0,0,0.49982475816694083,0,0,0.5000024827521703,0,30,0,0
10,11,0,0,0,0,0,0.4998246059444777,0,0,0.4998346493419471,0,30,0,0
10,12,0,0,0,0,0,0.49980524987831687,0,0,0.50018437541760763,0,30,0,0
10,13,0,0,0,0,0,0.49980539485391412,0,0,0.50001688744594308,0,30,0,0
10,14,0,0,1,-0.0067490476357713897,0,0,-0.0067490476357713897,0,0,1,30,0,0
10,15,0,0,0,0,0,0.50306168026877063,0,0,0.50322037665127362,0,30,0,0
10,16,0,0,0,0,0,0.50306032346559371,0,0,0.50307076573683707,0,30,0,0
10,17,1,0,2,-0.00076834037088292274,-0.00045143072799712494,0.49643096578683144,-0.00076834037088292274,-0.00045143072799712494,0.50379852593136065,0,30,0,0
10,18,0,0,0,0,0,0.49643101158273506,0,0,0.50341238375268704,0,30,0,0
10,19,0,0,0,0,0,0.49975006842608793,0,0,0.00050189977717407768,0,30,0,0
10,20,2,0,2,-0.0003570972325299738,0.00046560751346117466,0.49975008131181436,-0.0003570972325299738,0.00046560751346117466,0,0,30,0,0
10,21,0,0,1,-0.00029440435725373686,-3.1500000000000002e-13,0.49982533501972037,-0.00029440435725373686,-3.1500000000000002e-13,0.49982167081228318,0,30,0,0
10,22,2,0,2,-0.0010469474067326076,-0.00035131140551338826,0.49982508261680697,-0.0010469474067326076,-0.00035131140551338826,0.49999999960624997,0,30,0,0
10,23,0,0,1,-0.00040125625751255946,3.1500000000000002e-13,0.50033776003348185,-0.00040125625751255946,3.1500000000000002e-13,0.49965662518105253,0,30,0,0
10,24,2,0,2,-0.00095732346499765653,-0.00066796844996162581,0.50033757125799905,-0.00095732346499765653,-0.00066796844996162581,0.49999999960624997,0,30,0,0
10,25,0,0,0,0,0,0.49999817696343396,0,0,5.8275831510602667e-06,0,30,0,0
10,26,2,0,2,-0.00067045065552195525,5.9053131765860989e-06,0.49999806479424164,-0.00067045065552195525,5.9053131765860989e-06,0,0,30,0,0
10,27,1,0,2,-0.00015766307534355534,2.0980876162828507e-05,0.49982964765828841,-0.00015766307534355534,2.0980876162828507e-05,0.49982920062997971,0,30,0,0
10,28,0,0,0,0,0,0.49982965284271946,0,0,0.49983526192621108,0,30,0,0
10,29,0,0,0,0,0,0.50015185887746216,0,0,0.49983618545222414,0,30,0,0
10,30,2,0,2,-0.00033521137540544975,-0.00032375937743704929,0.50015183089111537,-0.00033521137540544975,-0.00032375937743704929,0.49999999960624997,0,30,0,0
10,31,0,0,0,0,0,0.49975093698732953,0,0,0.99949969354335633,0,30,0,0
10,32,2,0,2,-0.00039127989702661392,-0.00046180409940963445,0.49998182498236093,-0.00039127989702661392,-0.00046180409940963445,0,0,30,0,0
10,33,2,0,2,-0.00033976333964383436,0.00033963471612376912,0.50015943535128071,-0.00033976333964383436,0.00033963471612376912,0.49999999960624997,0,30,0,0
10,34,0,0,0,0,0,0.5001594640412611,0,0,0.50017141989336922,0,30,0,0
10,35,0,0,0,0,0,0.49982131086102094,0,0,0.50017321442369289,0,30,0,0
10,36,1,0,2,-0.00015886574256338389,-1.1660748283417354e-05,0.49982130520071438,-0.00015886574256338389,-1.1660748283417354e-05,0.50017415077760696,0,30,0,0
10,37,2,0,2,-0.00097108241426682805,0.00071851414733056958,0.50036310029971143,-0.00097108241426682805,0.00071851414733056958,0.49999999960624997,0,30,0,0
10,38,0,0,1,-0.00041085151527660865,-3.1500000000000002e-13,0.5003632937411796,-0.00041085151527660865,-3.1500000000000002e-13,0.50036877439299132,0,30,0,0
10,39,2,0,2,-0.0010677641178184543,0.00042182036144244514,0.49978859531366315,-0.0010677641178184543,0.00042182036144244514,0.49999999960624997,0,30,0,0
10,40,1,0,2,-0.000313601914127242,-9.224580738195301e-05,0.49978885583750371,-0.000313601914127242,-9.224580738195301e-05,0.50026118013715781,0,30,0,0
10,41,0,0,1,-0.0003115800822699041,-3.1500000000000002e-13,0.49965711541194852,-0.0003115800822699041,-3.1500000000000002e-13,0.00066281084655794452,0,30,0,0
10,42,0,0,0,0,0,0.49965713547184515,0,0,0.00064925763965696518,0,30,0,0
10,43,2,0,2,-0.0010767110937618105,-0.00052289967045980796,0.50026277085487991,-0.0010767110937618105,-0.00052289967045980796,0.49999999960624997,0,30,0,0
10,44,2,0,2,-0.0012483378255749278,-0.00052358676404831771,0.50026267114842715,-0.0012483378255749278,-0.00052358676404831771,0.49999999960624997,0,30,0,0
10,45,0,0,1,-3.2082784538856279e-06,3.1500000000000002e-13,0.49990838028336348,-3.2082784538856279e-06,3.1500000000000002e-13,0.00017754799364785325,0,30,0,0
10,46,2,0,2,-0.00055057886805360125,0.00016041503391402777,0.49990830448950302,-0.00055057886805360125,0.00016041503391402777,0,0,30,0,0
10,47,0,0,1,-5.9159043608059296e-05,3.1500000000000002e-13,0.49980493980128282,-5.9159043608059296e-05,3.1500000000000002e-13,0.49981054860744462,0,30,0,0
10,48,2,0,2,-0.00042748790965527813,-0.00039287716979576547,0.49980489497164948,-0.00042748790965527813,-0.00039287716979576547,0.49999999960624997,0,30,0,0
10,49,1,0,2,-0.00023537942725174461,0.00022031245090935365,0.50028844445815779,-0.00023537942725174461,0.00022031245090935365,0.49959574993170536,0,30,0,0
10,50,2,0,2,-0.00061823609031374767,-0.00058795562866385538,0.50028836280134281,-0.00061823609031374767,-0.00058795562866385538,0.49999999960624997,0,30,0,0
10,51,0,0,1,-3.0626137420177167e-06,-3.1500000000000002e-13,0.49990670417368244,-3.0626137420177167e-06,-3.1500000000000002e-13,0.9998190997679075,0,30,0,0
10,52,2,0,2,-0.0005494345349004795,-0.00016313174411633336,0.49998826942264035,-0.0005494345349004795,-0.00016313174411633336,0,0,30,0,0
10,53,2,0,2,-0.00026920826998663841,-2.4968215958459336e-05,0.49997556332173382,-0.00026920826998663841,-2.4968215958459336e-05,0.49999999960624997,0,30,0,0
10,54,2,0,2,-7.5155485693745105e-05,-3.7547238522828934e-05,0.49997558002837322,-7.5155485693745105e-05,-3.7547238522828934e-05,0.49999999960624997,0,30,0,0
10,55,2,0,2,-7.5515924999114263e-05,4.3454374068551926e-05,0.49997264022519167,-7.5515924999114263e-05,4.3454374068551926e-05,0.49999999960624997,0,30,0,0
10,56,2,0,2,-0.00026806305365560397,3.085075848499518e-05,0.49997262368587286,-0.00026806305365560397,3.085075848499518e-05,0.49999999960624997,0,30,0,0
10,57,0,0,1,-0.00028867366051025449,3.1500000000000002e-13,0.49965965439225768,-0.00028867366051025449,3.1500000000000002e-13,0.99934260220324123,0,30,0,0
10,58,0,0,0,0,0,0.49965967209823486,0,0,0.99935574486628831,0,30,0,0
10,59,2,0,2,-0.00062133643614447254,0.00059238698801109468,0.50029071113223667,-0.00062133643614447254,0.00059238698801109468,0.49999999960624997,0,30,0,0
10,60,1,0,2,-0.00023875363676477047,-0.00022237303890158621,0.50029079334902915,-0.00023875363676477047,-0.00022237303890158621,0.50040761776278508,0,30,0,0
10,61,2,0,2,-0.00043300163343667363,0.00039802822402931564,0.49980239510654434,-0.00043300163343667363,0.00039802822402931564,0.49999999960624997,0,30,0,0
10,62,0,0,1,-6.1497407031799241e-05,-3.1500000000000002e-13,0.49980244105239269,-6.1497407031799241e-05,-3.1500000000000002e-13,0.50019208443900864,0,30,0,0
10,63,2,0,2,-0.001254430467263631,0.00051339861373285803,0.50025634290032783,-0.001254430467263631,0.00051339861373285803,0.49999999960624997,0,30,0,0
10,64,2,0,2,-0.0010772228885442903,0.00051010786489670958,0.50025644614327747,-0.0010772228885442903,0.00051010786489670958,0.49999999960624997,0,30,0,0
10,65,1,0,2,-0.00020927555635965152,-5.6338881402970468e-05,0.49971386506872234,-0.00020927555635965152,-5.6338881402970468e-05,0.00061533669977477932,0,30,0,0
10,66,0,0,0,0,0,0.49971386311777544,0,0,0.00052286562307993971,0,30,0,0
10,67,0,0,1,-7.9655267599069757e-05,-3.1500000000000002e-13,0.49993527077652455,-7.9655267599069757e-05,-3.1500000000000002e-13,0.49993393615860504,0,30,0,0
10,68,2,0,2,-0.0013685988396108725,-0.00013127461290303601,0.49993480403592527,-0.0013685988396108725,-0.00013127461290303601,0.49999999960624997,0,30,0,0
10,69,2,0,2,-0.00051940793064348572,-0.00031512650239379241,0.50015227467906909,-0.00051940793064348572,-0.00031512650239379241,0.49999999960624997,0,30,0,0
10,70,2,0,2,-0.0003881604389846142,-0.00030193842178627964,0.5001523044486631,-0.0003881604389846142,-0.00030193842178627964,0.49999999960624997,0,30,0,0
10,71,0,0,0,0,0,0.49999278105424,0,0,0.99999884193084609,0,30,0,0
10,72,2,0,2,-0.00028920492839162838,-1.0056949387496974e-06,0.49999328398062731,-0.00028920492839162838,-1.0056949387496974e-06,0,0,30,0,0
10,73,2,0,2,-0.00014189369289902332,-8.7359182811074562e-05,0.49995067408493943,-0.00014189369289902332,-8.7359182811074562e-05,0.49999999960624997,0,30,0,0
10,74,0,0,0,0,0,0.49995067911590502,0,0,0.4999559687699035,0,30,0,0
10,75,2,0,2,-0.00010110654016576043,-0.0001429953296108537,0.50006301700323064,-0.00010110654016576043,-0.0001429953296108537,0.49999999960624997,0,30,0,0
10,76,2,0,2,-0.00029405033133632612,-0.00013728371761183089,0.50006299794480236,-0.00029405033133632612,-0.00013728371761183089,0.49999999960624997,0,30,0,0
10,77,1,0,2,-0.00020843768154812326,5.7829405224065178e-05,0.49971343764966503,-0.00020843768154812326,5.7829405224065178e-05,0.99938241050048593,0,30,0,0
10,78,0,0,0,0,0,0.49971343605453195,0,0,0.99947654520861862,0,30,0,0
10,79,2,0,2,-0.0002958810680565302,0.00014047031395203897,0.50006460192174207,-0.0002958810680565302,0.00014047031395203897,0.49999999960624997,0,30,0,0
10,80,2,0,2,-0.00010216221096798489,0.00014620684015597234,0.50006462119643258,-0.00010216221096798489,0.00014620684015597234,0.49999999960624997,0,30,0,0
10,81,0,0,0,0,0,0.49994904727985157,0,0,0.50004569278906319,0,30,0,0
10,82,2,0,2,-0.00014204663307872359,9.0650438774397439e-05,0.4999490422355673,-0.00014204663307872359,9.0650438774397439e-05,0.49999999960624997,0,30,0,0
10,83,2,0,2,-0.00038908431666260222,0.00030123942054986335,0.50015202769363665,-0.00038908431666260222,0.00030123942054986335,0.49999999960624997,0,30,0,0
10,84,2,0,2,-0.00052196664688182199,0.00031451565564141932,0.50015199743752636,-0.00052196664688182199,0.00031451565564141932,0.49999999960624997,0,30,0,0
10,85,2,0,2,-0.0013733919408327731,0.00013029430162956603,0.49993530856409746,-0.0013733919408327731,0.00013029430162956603,0.49999999960624997,0,30,0,0
10,86,0,0,1,-8.0674670113884311e-05,3.1500000000000002e-13,0.4999357785494089,-8.0674670113884311e-05,3.1500000000000002e-13,0.5000656302574662,0,30,0,0
10,87,0,0,1,-0.00016977834631995724,3.1500000000000002e-13,0.4998416409310712,-0.00016977834631995724,3.1500000000000002e-13,0.00030852831184560064,0,30,0,0
10,88,0,0,0,0,0,0.49984127026205261,0,0,0.00030454491658624561,0,30,0,0
10,89,0,0,1,-4.9953932736991127e-05,3.1500000000000002e-13,0.49992239436077379,-4.9953932736991127e-05,3.1500000000000002e-13,0.00015214772000622775,0,30,0,0
10,90,1,0,2,-0.00036856343253414758,9.5788010542509247e-05,0.49992236102002052,-0.00036856343253414758,9.5788010542509247e-05,5.1298169330483008e-05,0,30,0,0
10,91,0,0,1,-4.9849742356701606e-05,-3.1500000000000002e-13,0.49992155390014587,-4.9849742356701606e-05,-3.1500000000000002e-13,0.99984617135358744,0,30,0,0
10,92,1,0,2,-0.00036758180924942508,-9.6396429320188344e-05,0.49992152073741392,-0.00036758180924942508,-9.6396429320188344e-05,0.99994768259177935,0,30,0,0
10,93,0,0,1,-0.00016994312171668031,-3.1500000000000002e-13,0.49984166214279746,-0.00016994312171668031,-3.1500000000000002e-13,0.99969156387039337,0,30,0,0
10,94,0,0,0,0,0,0.49984128827103119,0,0,0.99969555275061395,0,30,0,0
