step	time	event	mr	n1	trigger_block	top_platen_block	contact_index	block_a	block_b	involves_top_pair	contact_state	previous_contact_state	contact_entry	contact_type	gap	area	normal_force	px	py	pz	nx	ny	nz	shear_dx	shear_dy	shear_dz	shear_norm	status_closed	pair_role
448	0.2240000000000002	retry_displacement	-1	450	538	641	220	24	641	0	2	2	220	2	-4.7781734339195345e-02	1.0000000000000000e+00	-1.1945433584798836e+03	1.3530785780645758	-0.6871809214860676	49.5758034178111942	-0.0000057034140024	0.0000014082036062	-0.9999999999827440	1.8390546704082412e-03	-1.1296282523717640e-03	-1.2079636735329302e-08	2.1582822033860095e-03	1	top_other
448	0.2240000000000002	retry_displacement	-1	450	538	641	221	24	641	0	2	2	221	2	-4.5756196790047894e-02	1.0000000000000000e+00	-1.1439049197511974e+03	0.6583412472511995	1.0132230757349519	49.5754436079641181	-0.0000057034140024	0.0000014082036062	-0.9999999999827440	1.5173656016917554e-03	1.9462334398874744e-03	-5.9134712682151758e-09	2.4678377117972289e-03	1	top_other
448	0.2240000000000002	retry_displacement	-1	450	538	641	222	26	641	0	2	2	222	2	-4.8014945087509760e-02	1.0000000000000000e+00	-1.2003736271877440e+03	2.8801138988076844	-1.4755491482612868	49.5758325049991981	-0.0000057034140024	0.0000014082036062	-0.9999999999827440	4.0777081078422935e-03	-2.3839723712670998e-03	-2.6613976009115525e-08	4.7234550575226139e-03	1	top_other
448	0.2240000000000002	retry_displacement	-1	450	538	641	223	26	641	0	2	2	223	2	-4.8071686173215521e-02	1.0000000000000000e+00	-1.2017921543303880e+03	1.3530599876717999	-0.6871551022224068	49.5758630432109086	-0.0000057034140024	0.0000014082036062	-0.9999999999827440	1.7434848302690133e-03	-1.0031784444134760e-03	-1.1356495299708058e-08	2.0114935607262038e-03	1	top_other
448	0.2240000000000002	retry_displacement	-1	450	538	641	224	30	641	0	2	2	224	2	-4.8685047735539187e-02	1.0000000000000000e+00	-1.2171261933884796e+03	2.6577581553433718	0.6215408501910431	49.5760276042799717	-0.0000057034140024	0.0000014082036062	-0.9999999999827440	4.1484414949844997e-03	6.3663510288033476e-04	-2.2763767468236829e-08	4.1970073971875337e-03	1	top_other
448	0.2240000000000002	retry_displacement	-1	450	538	641	225	30	641	0	2	2	225	2	-4.6438620606064837e-02	1.0000000000000000e+00	-1.1609655151516208e+03	1.3530819483005772	-0.6871780889781703	49.5755312038948119	-0.0000057034140024	0.0000014082036062	-0.9999999999827440	1.8528152642243447e-03	-1.1084303092869343e-03	-1.2128268077338245e-08	2.1590604794761428e-03	1	top_other
448	0.2240000000000002	retry_displacement	-1	450	538	641	226	30	641	0	2	2	226	2	-4.5273650398046338e-02	1.0000000000000000e+00	-1.1318412599511585e+03	0.6583015331268556	1.0132172305984639	49.5753461773122126	-0.0000057034140024	0.0000014082036062	-0.9999999999827440	1.3134815861324286e-03	1.9281928263329079e-03	-4.7760411736597064e-09	2.3330583903223381e-03	1	top_other
448	0.2240000000000002	retry_displacement	-1	450	538	641	227	34	641	0	2	2	227	2	-4.7142053437090332e-02	1.0000000000000000e+00	-1.1785513359272584e+03	2.8801577201074182	-1.4755736432823512	49.5756545079336277	-0.0000057034140024	0.0000014082036062	-0.9999999999827440	4.2849026676720896e-03	-2.4997062095138455e-03	-2.7958669178429485e-08	4.9607380505411842e-03	1	top_other
448	0.2240000000000002	retry_displacement	-1	450	538	641	228	34	641	0	2	2	228	2	-4.6649478742727291e-02	1.0000000000000000e+00	-1.1662369685681822e+03	1.3530610901566291	-0.6871434247240871	49.5755751838406837	-0.0000057034140024	0.0000014082036062	-0.9999999999827440	1.7451091031193623e-03	-9.4178558606428596e-04	-1.1279305558997699e-08	1.9830193826676878e-03	1	top_other
448	0.2240000000000002	retry_displacement	-1	450	538	641	229	34	641	0	2	2	229	2	-4.8235730292332635e-02	1.0000000000000000e+00	-1.2058932573083159e+03	2.6577301474306481	0.6215866696869028	49.5759387392833446	-0.0000057034140024	0.0000014082036062	-0.9999999999827440	4.0033925852966381e-03	8.5544973648086717e-04	-2.1628357924075026e-08	4.0937692221375980e-03	1	top_other
448	0.2240000000000002	retry_displacement	-1	450	538	641	230	44	641	0	2	2	230	2	-5.0248242882084952e-02	1.0000000000000000e+00	-1.2562060720521238e+03	2.8801686379100060	-1.4756279590021364	49.5762828860502935	-0.0000057034140024	0.0000014082036062	-0.9999999999827440	4.3442072007813508e-03	-2.7778658043172313e-03	-2.8688612818683623e-08	5.1564207189618069e-03	1	top_other
448	0.2240000000000002	retry_displacement	-1	450	538	641	231	50	641	0	2	2	231	2	-4.8065788728585711e-02	1.0000000000000000e+00	-1.2016447182146428e+03	-0.4383048082565281	-3.5697167429266203	49.5758040945951137	-0.0000057034140024	0.0000014082036062	-0.9999999999827440	-1.0881480729406550e-03	-5.0525589345642129e-03	-9.0887276177342713e-10	5.1684057518629417e-03	1	top_other
448	0.2240000000000002	retry_displacement	-1	450	538	641	232	50	641	0	2	2	232	2	-4.5333738499744987e-02	1.0000000000000000e+00	-1.1333434624936247e+03	-1.5778847284269191	-2.2264874818077560	49.5752771428972068	-0.0000057034140024	0.0000014082036062	-0.9999999999827440	-1.8398272565766278e-03	-2.5749034447233505e-03	6.8673082151415876e-09	3.1646630284656876e-03	1	top_other
448	0.2240000000000002	retry_displacement	-1	450	538	641	233	57	641	0	2	2	233	2	-5.0328855476212755e-02	1.0000000000000000e+00	-1.2582213869053189e+03	1.5967992903909376	2.7032724163508219	49.5764442871596458	-0.0000057034140024	0.0000014082036062	-0.9999999999827440	3.3838311282628022e-03	4.4170459093954674e-03	-1.3079289866435584e-08	5.5642257026902323e-03	1	top_other
448	0.2240000000000002	retry_displacement	-1	450	538	641	234	64	641	0	2	2	234	2	-4.7505545286897440e-02	1.0000000000000000e+00	-1.1876386321724360e+03	0.6582693240538944	1.0131990740588321	49.5757971716552746	-0.0000057034140024	0.0000014082036062	-0.9999999999827440	1.1591038425243058e-03	1.8496132360657609e-03	-4.0062170594823421e-09	2.1827942735861109e-03	1	top_other
448	0.2240000000000002	retry_displacement	-1	450	538	641	235	64	641	0	2	2	235	2	-4.8131352215364097e-02	1.0000000000000000e+00	-1.2032838053841024e+03	1.5968010455135002	2.7031913549536766	49.5759951868543851	-0.0000057034140024	0.0000014082036062	-0.9999999999827440	3.3936322358299061e-03	4.0068493370462701e-03	-1.3712829934064974e-08	5.2508648203929290e-03	1	top_other
448	0.2240000000000002	retry_displacement	-1	450	538	641	236	67	641	0	2	2	236	2	-4.7695427840904366e-02	1.0000000000000000e+00	-1.1923856960226092e+03	0.6583031527992332	1.0132517103198935	49.5758351360749785	-0.0000057034140024	0.0000014082036062	-0.9999999999827440	1.3357525900002105e-03	2.0956386444420509e-03	-4.6672641307310414e-09	2.4851431165614931e-03	1	top_other
448	0.2240000000000002	retry_displacement	-1	450	538	641	237	76	641	0	2	2	237	2	-5.0060213732159770e-02	1.0000000000000000e+00	-1.2515053433039943e+03	2.8801591005458604	-1.4755557253023937	49.5762480829676591	-0.0000057034140024	0.0000014082036062	-0.9999999999827440	4.2996812898866933e-03	-2.4265572320709382e-03	-2.7939949125144192e-08	4.9371488934301048e-03	1	top_other
448	0.2240000000000002	retry_displacement	-1	450	538	641	238	78	641	0	2	2	238	2	-4.9110367883459370e-02	1.0000000000000000e+00	-1.2277591970864842e+03	-1.5779325358585723	-2.2265414277137254	49.5760340408395876	-0.0000057034140024	0.0000014082036062	-0.9999999999827440	-2.0695836244435445e-03	-2.8495636780175191e-03	7.7909263762609982e-09	3.5218162265658196e-03	1	top_other
448	0.2240000000000002	retry_displacement	-1	450	538	641	239	80	641	0	2	2	239	2	-5.0406640958943962e-02	1.0000000000000000e+00	-1.2601660239735991e+03	1.5967960508994339	2.7032017934173851	49.5764592878304526	-0.0000057034140024	0.0000014082036062	-0.9999999999827440	3.3762692504758513e-03	4.0696339038469916e-03	-1.3525388177504372e-08	5.2878269793207693e-03	1	top_other
448	0.2240000000000002	retry_displacement	-1	450	538	641	240	82	641	0	2	2	240	2	-4.8947234396078849e-02	1.0000000000000000e+00	-1.2236808599019712e+03	2.6577492667403662	0.6214913908442270	49.5760780871011733	-0.0000057034140024	0.0000014082036062	-0.9999999999827440	4.1042041014194893e-03	3.9963562932497610e-04	-2.2845206809618546e-08	4.1236149120470050e-03	1	top_other
448	0.2240000000000002	retry_displacement	-1	450	538	641	241	82	641	0	2	2	241	2	-4.5940234912809866e-02	1.0000000000000000e+00	-1.1485058728202466e+03	0.6582850821743407	1.0131794219295998	49.5754801714190094	-0.0000057034140024	0.0000014082036062	-0.9999999999827440	1.2314800751386660e-03	1.7470630501129972e-03	-4.5634202250344202e-09	2.1374687077369081e-03	1	top_other
448	0.2240000000000002	retry_displacement	-1	450	538	641	242	82	641	0	2	2	242	2	-4.7184712063970319e-02	1.0000000000000000e+00	-1.1796178015992580e+03	1.5968345617739232	2.7032264118944553	49.5758030756906720	-0.0000057034140024	0.0000014082036062	-0.9999999999827440	3.5483609258138388e-03	4.1698352516412992e-03	-1.4365794352710903e-08	5.4752526230192585e-03	1	top_other
448	0.2240000000000002	retry_displacement	-1	450	538	641	243	84	641	0	2	2	243	2	-4.8309802907350964e-02	1.0000000000000000e+00	-1.2077450726837742e+03	2.8801573238874809	-1.4755941409683815	49.5758897188460281	-0.0000057034140024	0.0000014082036062	-0.9999999999827440	4.2797373804581620e-03	-2.6045434392231040e-03	-2.8076841566970767e-08	5.0099699174026300e-03	1	top_other
448	0.2240000000000002	retry_displacement	-1	450	538	641	244	84	641	0	2	2	244	2	-4.7406342033704738e-02	1.0000000000000000e+00	-1.1851585508426185e+03	2.6576677905694210	0.6215928433590875	49.5757713450812929	-0.0000057034140024	0.0000014082036062	-0.9999999999827440	3.6934015311751206e-03	8.9339585950373105e-04	-1.9806914747233506e-08	3.7999172402379306e-03	1	top_other
448	0.2240000000000002	retry_displacement	-1	450	538	641	245	88	641	0	2	2	245	2	-4.8348935988863639e-02	1.0000000000000000e+00	-1.2087233997215910e+03	2.6576646709511023	0.6214772373726234	49.5759562375681497	-0.0000057034140024	0.0000014082036062	-0.9999999999827440	3.6752156224028028e-03	3.4733176356404097e-04	-2.0472162409745920e-08	3.6915916926920883e-03	1	top_other
448	0.2240000000000002	retry_displacement	-1	450	538	641	246	91	641	0	2	2	246	2	-4.8411361217414871e-02	1.0000000000000000e+00	-1.2102840304353717e+03	2.6576947981753918	0.6214521123967003	49.5759677375432233	-0.0000057034140024	0.0000014082036062	-0.9999999999827440	3.8286332113714196e-03	2.2401232194571084e-04	-2.1520825302379087e-08	3.8351810632697493e-03	1	top_other
448	0.2240000000000002	retry_displacement	-1	450	538	641	247	91	641	0	2	2	247	2	-4.8260167004994588e-02	1.0000000000000000e+00	-1.2065041751248648e+03	1.5968328611954221	2.7032118726064924	49.5760237215506834	-0.0000057034140024	0.0000014082036062	-0.9999999999827440	3.5359654330492469e-03	4.1066568669201782e-03	-1.4384065750994157e-08	5.4191957121466558e-03	1	top_other
448	0.2240000000000002	retry_displacement	-1	450	538	641	248	92	641	0	2	2	248	2	-4.7660359480949266e-02	1.0000000000000000e+00	-1.1915089870237316e+03	2.6576571682715029	0.6215627127527213	49.5758210916915445	-0.0000057034140024	0.0000014082036062	-0.9999999999827440	3.6356412511059904e-03	7.5373492928255048e-04	-1.9674154978777114e-08	3.7129508010140901e-03	1	top_other
448	0.2240000000000002	retry_displacement	-1	450	538	641	249	97	641	0	2	2	249	2	-4.7893153213870623e-02	1.0000000000000000e+00	-1.1973288303467657e+03	-0.4383581054780749	-3.5696712899694534	49.5757695124148583	-0.0000057034140024	0.0000014082036062	-0.9999999999827440	-1.3575719785649597e-03	-4.8214904821718002e-03	9.5315474957224922e-10	5.0089691700647299e-03	1	top_other
448	0.2240000000000002	retry_displacement	-1	450	538	641	250	98	641	0	2	2	250	2	-4.7392047724145361e-02	1.0000000000000000e+00	-1.1848011931036340e+03	-1.5779672200643220	-2.2264904665217600	49.5756906156025536	-0.0000057034140024	0.0000014082036062	-0.9999999999827440	-2.2473977187993485e-03	-2.5952217925062069e-03	9.1632389315199347e-09	3.4330704418708935e-03	1	top_other
448	0.2240000000000002	retry_displacement	-1	450	538	641	251	107	641	0	2	2	251	2	-4.6703007675986535e-02	1.0000000000000000e+00	-1.1675751918996634e+03	-3.2379906636259266	-1.6371031548746557	49.5755431526612256	-0.0000057034140024	0.0000014082036062	-0.9999999999827440	-4.6896275167144169e-03	-1.6937510075446382e-03	2.4361740964817802e-08	4.9861206084166280e-03	1	top_other
448	0.2240000000000002	retry_displacement	-1	450	538	641	252	107	641	0	2	2	252	2	-4.4069373729406801e-02	1.0000000000000000e+00	-1.1017343432351699e+03	-1.5779746056587911	-2.2264423774651179	49.5750218422962377	-0.0000057034140024	0.0000014082036062	-0.9999999999827440	-2.2754302216360244e-03	-2.3694852181629219e-03	9.6410029612470360e-09	3.2851244866397536e-03	1	top_other
448	0.2240000000000002	retry_displacement	-1	450	538	641	253	118	641	0	2	2	253	2	-5.0279051232151949e-02	1.0000000000000000e+00	-1.2569762808037988e+03	0.9896876017349043	-2.5382763176038905	49.5762759459887903	-0.0000057034140024	0.0000014082036062	-0.9999999999827440	7.2396048542884225e-04	-3.1520945511026828e-03	-8.5678372868658315e-09	3.2341643192062759e-03	1	top_other
448	0.2240000000000002	retry_displacement	-1	450	538	641	254	118	641	0	2	2	254	2	-4.5977054705852054e-02	1.0000000000000000e+00	-1.1494263676463013e+03	-0.4382897969065013	-3.5696135708990298	49.5753839037918169	-0.0000057034140024	0.0000014082036062	-0.9999999999827440	-1.0227968461302328e-03	-4.5302137635548504e-03	-5.4602950633197977e-10	4.6442383801820562e-03	1	top_other
448	0.2240000000000002	retry_displacement	-1	450	538	641	255	127	641	0	2	2	255	2	-4.6796331151963723e-02	1.0000000000000000e+00	-1.1699082787990931e+03	-0.4394873743341705	-0.5051612638021311	49.5756037864505785	-0.0000057034140024	0.0000014082036062	-0.9999999999827440	-4.6988845462167457e-04	-3.6799599052556703e-04	2.1617551013153324e-09	5.9683851152075623e-04	1	top_other
448	0.2240000000000002	retry_displacement	-1	450	538	641	256	127	641	0	2	2	256	2	-4.4324745067823031e-02	1.0000000000000000e+00	-1.1081186266955758e+03	0.6583398336844496	1.0131953855237583	49.5751535386258197	-0.0000057034140024	0.0000014082036062	-0.9999999999827440	1.5137763432466187e-03	1.7959064007165978e-03	-6.1046913218953947e-09	2.3487866266532634e-03	1	top_other
448	0.2240000000000002	retry_displacement	-1	450	538	641	257	127	641	0	2	2	257	2	-4.7160566370614714e-02	1.0000000000000000e+00	-1.1790141592653679e+03	1.3531020417592714	-0.6871462830838453	49.5756800854833415	-0.0000057034140024	0.0000014082036062	-0.9999999999827440	1.9601663998887364e-03	-9.7304691233898190e-04	-1.2549888663004882e-08	2.1883949846914510e-03	1	top_other
448	0.2240000000000002	retry_displacement	-1	450	538	641	258	129	641	0	2	2	258	2	-4.5306485902199142e-02	1.0000000000000000e+00	-1.1326621475549784e+03	-1.3906541212089607	1.3598612488014994	49.5753311696512924	-0.0000057034140024	0.0000014082036062	-0.9999999999827440	-1.0372610902952969e-03	2.9823582904831619e-03	1.0115697120227640e-08	3.1575895145437385e-03	1	top_other
448	0.2240000000000002	retry_displacement	-1	450	538	641	259	139	641	0	2	2	259	2	-4.5303507728683468e-02	1.0000000000000000e+00	-1.1325876932170868e+03	-1.3906760649655197	1.3598960008476211	49.5753333720411220	-0.0000057034140024	0.0000014082036062	-0.9999999999827440	-1.1521239555946753e-03	3.1478964034932799e-03	1.1003918970464710e-08	3.3521099886940067e-03	1	top_other
448	0.2240000000000002	retry_displacement	-1	450	538	641	260	139	641	0	2	2	260	2	-4.6362468441055578e-02	1.0000000000000000e+00	-1.1590617110263895e+03	-0.4395110504831521	-0.5051425055276895	49.5755137813346280	-0.0000057034140024	0.0000014082036062	-0.9999999999827440	-5.6437535102450112e-04	-2.7771455197457941e-04	2.8277876359950049e-09	6.2900310748872034e-04	1	top_other
448	0.2240000000000002	retry_displacement	-1	450	538	641	261	144	641	0	2	2	261	2	-4.7139563331659431e-02	1.0000000000000000e+00	-1.1784890832914857e+03	-0.4394704498887748	-0.5051881544595261	49.5756720003128777	-0.0000057034140024	0.0000014082036062	-0.9999999999827440	-3.7907996584540365e-04	-4.9122119948050017e-04	1.4703105191693489e-09	6.2048359150470331e-04	1	top_other
448	0.2240000000000002	retry_displacement	-1	450	538	641	262	144	641	0	2	2	262	2	-4.6521367577431409e-02	1.0000000000000000e+00	-1.1630341894357853e+03	0.6583193552930069	1.0132574153814091	49.5755972009173433	-0.0000057034140024	0.0000014082036062	-0.9999999999827440	1.4210420169987533e-03	2.1073693770270216e-03	-5.1371857739956894e-09	2.5417250255158471e-03	1	top_other
448	0.2240000000000002	retry_displacement	-1	450	538	641	263	166	641	0	2	2	263	2	-4.4732060379882858e-02	1.0000000000000000e+00	-1.1183015094970715e+03	-0.3909259853361860	2.9694128506941921	49.5752864111691380	-0.0000057034140024	0.0000014082036062	-0.9999999999827440	4.1606748418376751e-04	4.3938511797729013e-03	3.8144319647326341e-09	4.4135065810986703e-03	1	top_other
448	0.2240000000000002	retry_displacement	-1	450	538	641	264	168	641	0	2	2	264	2	-4.6377721785612572e-02	1.0000000000000000e+00	-1.1594430446403144e+03	-1.5779464040443387	-2.2265463373072807	49.5754854942956840	-0.0000057034140024	0.0000014082036062	-0.9999999999827440	-2.1374321837807479e-03	-2.8857109454852414e-03	8.1269920793047845e-09	3.5910923131021169e-03	1	top_other
448	0.2240000000000002	retry_displacement	-1	450	538	641	265	173	641	0	2	2	265	2	-4.8567226350414223e-02	1.0000000000000000e+00	-1.2141806587603555e+03	-0.4394496764521151	-0.5051870963505408	49.5759599888435147	-0.0000057034140024	0.0000014082036062	-0.9999999999827440	-2.6724275972935592e-04	-5.0029163713341703e-04	8.1968360571282872e-10	5.6719521755218346e-04	1	top_other
448	0.2240000000000002	retry_displacement	-1	450	538	641	266	189	641	0	2	2	266	2	-4.4738722917840361e-02	1.0000000000000000e+00	-1.1184680729460090e+03	-1.3907119223002227	1.3598702001867551	49.5752219618602652	-0.0000057034140024	0.0000014082036062	-0.9999999999827440	-1.3332851237254706e-03	3.0329576055889407e-03	1.1875298876196094e-08	3.3130772792961632e-03	1	top_other
448	0.2240000000000002	retry_displacement	-1	450	538	641	267	189	641	0	2	2	267	2	-4.6583584989607747e-02	1.0000000000000000e+00	-1.1645896247401936e+03	0.6583486309990988	1.0132163223114774	49.5756078335437422	-0.0000057034140024	0.0000014082036062	-0.9999999999827440	1.5683684037377664e-03	1.9000952770408086e-03	-6.2693332955610082e-09	2.4637657177002527e-03	1	top_other
448	0.2240000000000002	retry_displacement	-1	450	538	641	268	189	641	0	2	2	268	2	-4.4959783231546861e-02	1.0000000000000000e+00	-1.1239945807886716e+03	-0.4395013096978587	-0.5051418661578836	49.5752312256525869	-0.0000057034140024	0.0000014082036062	-0.9999999999827440	-5.2259021587665864e-04	-2.5784955341372711e-04	2.6174436784653921e-09	5.8274087374451629e-04	1	top_other
448	0.2240000000000002	retry_displacement	-1	450	538	641	269	192	641	0	2	2	269	2	-4.9594505684814459e-02	1.0000000000000000e+00	-1.2398626421203614e+03	0.9896726051666362	-2.5382700000327376	49.5761331419280609	-0.0000057034140024	0.0000014082036062	-0.9999999999827440	6.3636839260927897e-04	-3.1013213568692947e-03	-7.9967643201728222e-09	3.1659372845572395e-03	1	top_other
448	0.2240000000000002	retry_displacement	-1	450	538	641	270	192	641	0	2	2	270	2	-4.8550760855931782e-02	1.0000000000000000e+00	-1.2137690213982946e+03	2.8801392952178801	-1.4755949577903791	49.5759460277958937	-0.0000057034140024	0.0000014082036062	-0.9999999999827440	4.2064287932722612e-03	-2.6314769082683388e-03	-2.7696660159781672e-08	4.9617248928559643e-03	1	top_other
448	0.2240000000000002	retry_displacement	-1	450	538	641	271	193	641	0	2	2	271	2	-4.7284602073150592e-02	1.0000000000000000e+00	-1.1821150518287648e+03	1.3530956590454550	-0.6871296386330030	49.5757071555743067	-0.0000057034140024	0.0000014082036062	-0.9999999999827440	1.9234396548766489e-03	-8.9474512673059223e-04	-1.2230155971293399e-08	2.1213648785415777e-03	1	top_other
448	0.2240000000000002	retry_displacement	-1	450	538	641	272	193	641	0	2	2	272	2	-4.6479947938845363e-02	1.0000000000000000e+00	-1.1619986984711340e+03	2.8800814223828342	-1.4755517202200834	49.5755274665826704	-0.0000057034140024	0.0000014082036062	-0.9999999999827440	3.9273118006577911e-03	-2.4082294847319868e-03	-2.5790362553901325e-08	4.6068804229525617e-03	1	top_other
448	0.2240000000000002	retry_displacement	-1	450	538	641	273	193	641	0	2	2	273	2	-4.9009757347857709e-02	1.0000000000000000e+00	-1.2252439336964428e+03	0.9896868639207625	-2.5382914465351121	49.5760149535098904	-0.0000057034140024	0.0000014082036062	-0.9999999999827440	7.1758496129007549e-04	-3.2051738345395529e-03	-8.6062214646465129e-09	3.2845193691559693e-03	1	top_other
448	0.2240000000000002	retry_displacement	-1	450	538	641	274	196	641	0	2	2	274	2	-4.8456355745259722e-02	1.0000000000000000e+00	-1.2114088936314931e+03	1.5967611715708969	2.7032251107588179	49.5760604311652813	-0.0000057034140024	0.0000014082036062	-0.9999999999827440	3.2081394792739834e-03	4.1629767039973896e-03	-1.2435028819146599e-08	5.2557144097311785e-03	1	top_other
448	0.2240000000000002	retry_displacement	-1	450	538	641	275	196	641	0	2	2	275	2	-4.4217197364752985e-02	1.0000000000000000e+00	-1.1054299341188246e+03	-0.3909595232246502	2.9694224721222513	49.5751796785953189	-0.0000057034140024	0.0000014082036062	-0.9999999999827440	2.3339157968190250e-04	4.4416137015972149e-03	4.9235676230496850e-09	4.4477414384951350e-03	1	top_other
448	0.2240000000000002	retry_displacement	-1	450	538	641	276	197	641	0	2	2	276	2	-5.0772258294175719e-02	1.0000000000000000e+00	-1.2693064573543929e+03	0.9896638270723415	-2.5382725990651238	49.5763720506403800	-0.0000057034140024	0.0000014082036062	-0.9999999999827440	5.9811929872726995e-04	-3.1194609836561020e-03	-7.8041581877408284e-09	3.1762845470964343e-03	1	top_other
448	0.2240000000000002	retry_displacement	-1	450	538	641	277	199	641	0	2	2	277	2	-4.7967960479367876e-02	1.0000000000000000e+00	-1.1991990119841969e+03	2.6576495685956916	0.6215272219407509	49.5758814349064920	-0.0000057034140024	0.0000014082036062	-0.9999999999827440	3.5942614559667050e-03	5.8674959899926839e-04	-1.9673298219669011e-08	3.6418388907474663e-03	1	top_other
448	0.2240000000000002	retry_displacement	-1	450	538	641	278	204	641	0	2	2	278	2	-4.0885891239444583e-02	1.0000000000000000e+00	-1.0221472809861145e+03	-0.3909257837381190	2.9695250093216528	49.5745059383474711	-0.0000057034140024	0.0000014082036062	-0.9999999999827440	4.2591091238133308e-04	4.8964881488788988e-03	4.4661060058515112e-09	4.9149767341684280e-03	1	top_other
448	0.2240000000000002	retry_displacement	-1	450	538	641	279	204	641	0	2	2	279	2	-4.1433875009440839e-02	1.0000000000000000e+00	-1.0358468752360209e+03	-2.0477803028636132	3.0348360064668425	49.5745623593901570	-0.0000057034140024	0.0000014082036062	-0.9999999999827440	-2.5027112503136694e-03	5.2112759145241704e-03	2.1612535927584275e-08	5.7810864255962687e-03	1	top_other
448	0.2240000000000002	retry_displacement	-1	450	538	641	280	222	641	0	2	2	280	2	-4.4449565927333914e-02	1.0000000000000000e+00	-1.1112391481833479e+03	-0.3908371897467262	2.9694315356773315	49.5752292801695091	-0.0000057034140024	0.0000014082036062	-0.9999999999827440	8.6329600522260647e-04	4.4618108947500302e-03	1.3594036660236064e-09	4.5445611947849511e-03	1	top_other
448	0.2240000000000002	retry_displacement	-1	450	538	641	281	224	641	0	2	2	281	2	-4.5343490587920664e-02	1.0000000000000000e+00	-1.1335872646980165e+03	-0.4382104796772708	-3.5695876791775802	49.5752561282277071	-0.0000057034140024	0.0000014082036062	-0.9999999999827440	-6.2042445216140885e-04	-4.4028933299968950e-03	-2.6616327614137347e-09	4.4463913656107709e-03	1	top_other
448	0.2240000000000002	retry_displacement	-1	450	538	641	282	224	641	0	2	2	282	2	-4.4859950637319380e-02	1.0000000000000000e+00	-1.1214987659329845e+03	-1.5779030560250091	-2.2264824853001555	49.5751815137661751	-0.0000057034140024	0.0000014082036062	-0.9999999999827440	-1.9373797151568529e-03	-2.5472923780023001e-03	7.4625722823462581e-09	3.2003341418960539e-03	1	top_other
448	0.2240000000000002	retry_displacement	-1	450	538	641	283	224	641	0	2	2	283	2	-4.9988807588838460e-02	1.0000000000000000e+00	-1.2497201897209616e+03	0.9897243712132351	-2.5383041519775515	49.5762171583893192	-0.0000057034140024	0.0000014082036062	-0.9999999999827440	9.1511778462273973e-04	-3.2863582217251626e-03	-9.8471570827984856e-09	3.4113913468452094e-03	1	top_other
448	0.2240000000000002	retry_displacement	-1	450	538	641	284	234	641	0	2	2	284	2	-4.5764610772407385e-02	1.0000000000000000e+00	-1.1441152693101847e+03	-3.2379385097575621	-1.6371350256113373	49.5753548533840558	-0.0000057034140024	0.0000014082036062	-0.9999999999827440	-4.4288099369152361e-03	-1.8583373891089886e-03	2.2642419196527985e-08	4.8028923899658873e-03	1	top_other
448	0.2240000000000002	retry_displacement	-1	450	538	641	285	240	641	0	2	2	285	2	-4.5667709632807758e-02	1.0000000000000000e+00	-1.1416927408201939e+03	-2.7798093846409317	0.0637938283111865	49.5753629221693330	-0.0000057034140024	0.0000014082036062	-0.9999999999827440	-2.6841693819702659e-03	3.9512280944163284e-04	1.5865342609111543e-08	2.7130955209685114e-03	1	top_other
448	0.2240000000000002	retry_displacement	-1	450	538	641	286	240	641	0	2	2	286	2	-4.3902049288430292e-02	1.0000000000000000e+00	-1.0975512322107572e+03	-3.2378962073552389	-1.6370815693729170	49.5749816293981524	-0.0000057034140024	0.0000014082036062	-0.9999999999827440	-4.2176415853325258e-03	-1.5910179835349064e-03	2.1814478813608762e-08	4.5077531838748240e-03	1	top_other
448	0.2240000000000002	retry_displacement	-1	450	538	641	287	252	641	0	2	2	287	2	-4.7857675695081758e-02	1.0000000000000000e+00	-1.1964418923770440e+03	-0.4394191080550812	-0.5051491580759901	49.5758195467474536	-0.0000057034140024	0.0000014082036062	-0.9999999999827440	-1.1244137801938836e-04	-3.2783661874128956e-04	1.7963902587680991e-10	3.4658319647474676e-04	1	top_other
448	0.2240000000000002	retry_displacement	-1	450	538	641	288	252	641	0	2	2	288	2	-4.6378665449740675e-02	1.0000000000000000e+00	-1.1594666362435169e+03	-1.5779103364068263	-2.2264726150424194	49.5754846581598514	-0.0000057034140024	0.0000014082036062	-0.9999999999827440	-1.9667266511298482e-03	-2.5006646754331839e-03	7.6956113079229560e-09	3.1814049631071805e-03	1	top_other
448	0.2240000000000002	retry_displacement	-1	450	538	641	289	269	641	0	2	2	289	2	-4.7133745406479126e-02	1.0000000000000000e+00	-1.1783436351619782e+03	-2.7799033120612835	0.0638595849014834	49.5756594843556968	-0.0000057034140024	0.0000014082036062	-0.9999999999827440	-3.1541145043776572e-03	7.2443209299756050e-04	1.9009368718014841e-08	3.2362385827456692e-03	1	top_other
448	0.2240000000000002	retry_displacement	-1	450	538	641	290	269	641	0	2	2	290	2	-4.3817433718535324e-02	1.0000000000000000e+00	-1.0954358429633830e+03	-1.5779487804835539	-2.2264691491399717	49.5749703940533735	-0.0000057034140024	0.0000014082036062	-0.9999999999827440	-2.1496753382015915e-03	-2.4997551235395148e-03	8.7403242421402183e-09	3.2969500659565010e-03	1	top_other
448	0.2240000000000002	retry_displacement	-1	450	538	641	291	269	641	0	2	2	291	2	-4.4442707516961930e-02	1.0000000000000000e+00	-1.1110676879240482e+03	-3.2379492606003524	-1.6370271955554059	49.5750904022688204	-0.0000057034140024	0.0000014082036062	-0.9999999999827440	-4.4815465959467966e-03	-1.3144335747122861e-03	2.3709125503146300e-08	4.6703314137794714e-03	1	top_other
448	0.2240000000000002	retry_displacement	-1	450	538	641	292	295	641	0	2	2	292	2	-4.3912315671509092e-02	1.0000000000000000e+00	-1.0978078917877274e+03	-3.1933648192298349	1.7415545654209255	49.5750268282963162	-0.0000057034140024	0.0000014082036062	-0.9999999999827440	-3.3996157711553981e-03	3.4390659064972890e-03	2.4232321198247586e-08	4.8357586479587395e-03	1	top_other
448	0.2240000000000002	retry_displacement	-1	450	538	641	293	295	641	0	2	2	293	2	-4.1237023618132397e-02	1.0000000000000000e+00	-1.0309255904533100e+03	-2.7798979557292043	0.0639363472609944	49.5744718007603922	-0.0000057034140024	0.0000014082036062	-0.9999999999827440	-3.1213799147079392e-03	1.1155349673268354e-03	1.9373422269208795e-08	3.3147293759289544e-03	1	top_other
448	0.2240000000000002	retry_displacement	-1	450	538	641	294	299	641	0	2	2	294	2	-3.9211508719190949e-02	1.0000000000000000e+00	-9.8028771797977367e+02	-2.0478187304125202	3.0349291973660981	49.5741101851878128	-0.0000057034140024	0.0000014082036062	-0.9999999999827440	-2.6773288899428959e-03	5.6811865221939890e-03	2.3270182426815555e-08	6.2804434784036545e-03	1	top_other
448	0.2240000000000002	retry_displacement	-1	450	538	641	295	299	641	0	2	2	295	2	-4.0308398211449450e-02	1.0000000000000000e+00	-1.0077099552862362e+03	-0.3909184380258878	2.9695642649729379	49.5743905604434474	-0.0000057034140024	0.0000014082036062	-0.9999999999827440	4.5321940956570490e-04	5.0892916935860125e-03	4.5818609878400807e-09	5.1094322361326669e-03	1	top_other
448	0.2240000000000002	retry_displacement	-1	450	538	641	296	313	641	0	2	2	296	2	-4.3143607782353717e-02	1.0000000000000000e+00	-1.0785901945588430e+03	-0.3908941869661433	2.9694745117985404	49.5749585810188691	-0.0000057034140024	0.0000014082036062	-0.9999999999827440	5.3799741959045496e-04	4.6718948289651780e-03	3.5105571366544908e-09	4.7027696644009560e-03	1	top_other
448	0.2240000000000002	retry_displacement	-1	450	538	641	297	313	641	0	2	2	297	2	-4.6262902962431476e-02	1.0000000000000000e+00	-1.1565725740607870e+03	0.6583287634931096	1.0131830396880617	49.5755429960442342	-0.0000057034140024	0.0000014082036062	-0.9999999999827440	1.4709406637224681e-03	1.7414509787764087e-03	-5.9370660263069475e-09	2.2795433638579583e-03	1	top_other
448	0.2240000000000002	retry_displacement	-1	450	538	641	298	313	641	0	2	2	298	2	-4.3759063088018219e-02	1.0000000000000000e+00	-1.0939765772004555e+03	-1.3907347610942467	1.3598494118514579	49.5750235301295064	-0.0000057034140024	0.0000014082036062	-0.9999999999827440	-1.4425510741381817e-03	2.9344254644485227e-03	1.2359734513633924e-08	3.2698327798304783e-03	1	top_other
448	0.2240000000000002	retry_displacement	-1	450	538	641	299	317	641	0	2	2	299	2	-4.6853105694963024e-02	1.0000000000000000e+00	-1.1713276423740756e+03	-2.7799501266311055	0.0638221509068501	49.5756028953194416	-0.0000057034140024	0.0000014082036062	-0.9999999999827440	-3.3832712664153297e-03	5.5141606805079286e-04	2.0072702812401477e-08	3.4279125051055633e-03	1	top_other
448	0.2240000000000002	retry_displacement	-1	450	538	641	300	317	641	0	2	2	300	2	-4.3395831956401565e-02	1.0000000000000000e+00	-1.0848957989100390e+03	-1.3907206058459665	1.3598502414849976	49.5749467773694050	-0.0000057034140024	0.0000014082036062	-0.9999999999827440	-1.3745570473770842e-03	2.9086517667571924e-03	1.1935641822113929e-08	3.2170890843892098e-03	1	top_other
448	0.2240000000000002	retry_displacement	-1	450	538	641	301	317	641	0	2	2	301	2	-4.5616550444944080e-02	1.0000000000000000e+00	-1.1404137611236019e+03	-0.4394873269312868	-0.5051404918753135	49.5753637825798279	-0.0000057034140024	0.0000014082036062	-0.9999999999827440	-4.4110429611499927e-04	-2.8203364985335293e-04	2.1186396109706962e-09	5.2356086533009822e-04	1	top_other
448	0.2240000000000002	retry_displacement	-1	450	538	641	302	326	641	0	2	2	302	2	-4.6264360118432712e-02	1.0000000000000000e+00	-1.1566090029608179e+03	-1.7705984644672768	4.7404655608714181	49.5756181478237963	-0.0000057034140024	0.0000014082036062	-0.9999999999827440	-1.4832636429960833e-03	8.4148499763268807e-03	2.0309488708847301e-08	8.5445755400215748e-03	1	top_other
448	0.2240000000000002	retry_displacement	-1	450	538	641	303	326	641	0	2	2	303	2	-4.0338388140536779e-02	1.0000000000000000e+00	-1.0084597035134195e+03	-0.3909570807738717	2.9695468998980501	49.5743961027022024	-0.0000057034140024	0.0000014082036062	-0.9999999999827440	2.3465893729102599e-04	4.9978314714267764e-03	5.6996072236858986e-09	5.0033373096031591e-03	1	top_other
448	0.2240000000000002	retry_displacement	-1	450	538	641	304	326	641	0	2	2	304	2	-3.7130230710125743e-02	1.0000000000000000e+00	-9.2825576775314357e+02	-2.0477649496442565	3.0350628503976806	49.5736882253494926	-0.0000057034140024	0.0000014082036062	-0.9999999999827440	-2.4189963235401778e-03	6.3483693583991510e-03	2.2736334120976309e-08	6.7936247117778804e-03	1	top_other
448	0.2240000000000002	retry_displacement	-1	450	538	641	305	344	641	0	2	2	305	2	-4.5663410123914019e-02	1.0000000000000000e+00	-1.1415852530978505e+03	-2.7798180964756809	0.0637404889844490	49.5753608479413259	-0.0000057034140024	0.0000014082036062	-0.9999999999827440	-2.7214312579194374e-03	1.3556773419210201e-04	1.5712356117580928e-08	2.7248058100315755e-03	1	top_other
448	0.2240000000000002	retry_displacement	-1	450	538	641	306	348	641	0	2	2	306	2	-4.3365244440558899e-02	1.0000000000000000e+00	-1.0841311110139725e+03	-1.3906736094792151	1.3598390542491956	49.5749379382634956	-0.0000057034140024	0.0000014082036062	-0.9999999999827440	-1.1357664503096492e-03	2.8567337982315813e-03	1.0500609118335724e-08	3.0742305417320089e-03	1	top_other
448	0.2240000000000002	retry_displacement	-1	450	538	641	307	348	641	0	2	2	307	2	-4.4833228120031654e-02	1.0000000000000000e+00	-1.1208307030007913e+03	-2.7798618242966442	0.0637542457879576	49.5751955676250589	-0.0000057034140024	0.0000014082036062	-0.9999999999827440	-2.9408810406474596e-03	2.1729203683244238e-04	1.7079053532542687e-08	2.9488976117868471e-03	1	top_other
448	0.2240000000000002	retry_displacement	-1	450	538	641	308	359	641	0	2	2	308	2	-4.6466846640995152e-02	1.0000000000000000e+00	-1.1616711660248789e+03	1.5967691250628249	2.7031804088883051	49.5756534519807275	-0.0000057034140024	0.0000014082036062	-0.9999999999827440	3.2387205625419666e-03	3.9428737795551214e-03	-1.2919395130095435e-08	5.1025057103253058e-03	1	top_other
448	0.2240000000000002	retry_displacement	-1	450	538	641	309	359	641	0	2	2	309	2	-4.6768685890401250e-02	1.0000000000000000e+00	-1.1692171472600312e+03	0.6582909697098345	1.0131772164814634	49.5756464727066515	-0.0000057034140024	0.0000014082036062	-0.9999999999827440	1.2750650000530345e-03	1.7317489590182561e-03	-4.8335684413314262e-09	2.1505220788088698e-03	1	top_other
448	0.2240000000000002	retry_displacement	-1	450	538	641	310	359	641	0	2	2	310	2	-4.3955837225580462e-02	1.0000000000000000e+00	-1.0988959306395116e+03	-0.3909350661731892	2.9694743362390907	49.5751249320026091	-0.0000057034140024	0.0000014082036062	-0.9999999999827440	3.2893716492835939e-04	4.6912287403338910e-03	4.7301403904853601e-09	4.7027467242695721e-03	1	top_other
448	0.2240000000000002	retry_displacement	-1	450	538	641	311	361	641	0	2	2	311	2	-4.2276500324917948e-02	1.0000000000000000e+00	-1.0569125081229488e+03	-0.3908611923155675	2.9694709371724826	49.5747908297460782	-0.0000057034140024	0.0000014082036062	-0.9999999999827440	7.5124022905300033e-04	4.6423193548919941e-03	2.2526968138092407e-09	4.7027110132940872e-03	1	top_other
448	0.2240000000000002	retry_displacement	-1	450	538	641	312	380	641	0	2	2	312	2	-4.5907124435790071e-02	1.0000000000000000e+00	-1.1476781108947519e+03	-0.4394663432625478	-0.5050989632432987	49.5754242301001256	-0.0000057034140024	0.0000014082036062	-0.9999999999827440	-3.3983533712688742e-04	-7.9384747067127599e-05	1.8264317350191739e-09	3.4898423235211204e-04	1	top_other
448	0.2240000000000002	retry_displacement	-1	450	538	641	313	380	641	0	2	2	313	2	-4.4468115874615688e-02	1.0000000000000000e+00	-1.1117028968653922e+03	-1.5779861345081101	-2.2264788354320117	49.5751001970933629	-0.0000057034140024	0.0000014082036062	-0.9999999999827440	-2.3396304191151377e-03	-2.5378461357751622e-03	9.7700768031394603e-09	3.4517435459508359e-03	1	top_other
448	0.2240000000000002	retry_displacement	-1	450	538	641	314	380	641	0	2	2	314	2	-4.7562303932204980e-02	1.0000000000000000e+00	-1.1890575983051244e+03	-2.7799515258138525	0.0638614471290481	49.5757460898222035	-0.0000057034140024	0.0000014082036062	-0.9999999999827440	-3.3966360700942587e-03	7.4197744276151192e-04	2.0417277028783598e-08	3.4767322471897589e-03	1	top_other
448	0.2240000000000002	retry_displacement	-1	450	538	641	315	381	641	0	2	2	315	2	-4.2363028727471476e-02	1.0000000000000000e+00	-1.0590757181867868e+03	-0.3908295973211168	2.9694114905236946	49.5748017168159549	-0.0000057034140024	0.0000014082036062	-0.9999999999827440	8.6724478200671566e-04	4.3581389068372903e-03	1.1908908859048495e-09	4.4435895673664806e-03	1	top_other
448	0.2240000000000002	retry_displacement	-1	450	538	641	316	381	641	0	2	2	316	2	-4.3753087690063600e-02	1.0000000000000000e+00	-1.0938271922515901e+03	-1.3906936457082864	1.3598381349815327	49.5750185052068630	-0.0000057034140024	0.0000014082036062	-0.9999999999827440	-1.2381975669803369e-03	2.8795552267865910e-03	1.1116953392564799e-08	3.1344810605766289e-03	1	top_other
448	0.2240000000000002	retry_displacement	-1	450	538	641	317	386	641	0	2	2	317	2	-4.3320301114887626e-02	1.0000000000000000e+00	-1.0830075278721906e+03	-2.7798818302640895	0.0638042713957617	49.5748899222286568	-0.0000057034140024	0.0000014082036062	-0.9999999999827440	-3.0377248582066567e-03	4.5359417685787907e-04	1.7964155447913743e-08	3.0714035865982738e-03	1	top_other
448	0.2240000000000002	retry_displacement	-1	450	538	641	318	400	641	0	2	2	318	2	-4.6592693243156763e-02	1.0000000000000000e+00	-1.1648173310789191e+03	-0.4394816096310123	-0.5051332872107153	49.5755647169596827	-0.0000057034140024	0.0000014082036062	-0.9999999999827440	-4.4444704708449412e-04	-2.3894700035454952e-04	2.1983794853963623e-09	5.0460761651544310e-04	1	top_other
448	0.2240000000000002	retry_displacement	-1	450	538	641	319	400	641	0	2	2	319	2	-4.6432109351732885e-02	1.0000000000000000e+00	-1.1608027337933222e+03	1.3531048177701748	-0.6871287258299603	49.5755355631977466	-0.0000057034140024	0.0000014082036062	-0.9999999999827440	1.9711266188912942e-03	-8.9243080680837818e-04	-1.2498875434641121e-08	2.1637404864721416e-03	1	top_other
448	0.2240000000000002	retry_displacement	-1	450	538	641	320	400	641	0	2	2	320	2	-4.8879953033729745e-02	1.0000000000000000e+00	-1.2219988258432436e+03	0.9897129353069133	-2.5383205593124361	49.5759899886419859	-0.0000057034140024	0.0000014082036062	-0.9999999999827440	8.5147008089660116e-04	-3.3546000417962640e-03	-9.5802462629634988e-09	3.4609742471121254e-03	1	top_other
448	0.2240000000000002	retry_displacement	-1	450	538	641	321	405	641	0	2	2	321	2	-4.4619900136212448e-02	1.0000000000000000e+00	-1.1154975034053111e+03	-1.5779024054896085	-2.2265015667143557	49.5751316574937420	-0.0000057034140024	0.0000014082036062	-0.9999999999827440	-1.9321490238664414e-03	-2.6430287590766969e-03	7.2979231685588175e-09	3.2739579825935162e-03	1	top_other
448	0.2240000000000002	retry_displacement	-1	450	538	641	322	405	641	0	2	2	322	2	-4.7137201900858981e-02	1.0000000000000000e+00	-1.1784300475214745e+03	-0.4394469665518486	-0.5051287585514685	49.5756756536068792	-0.0000057034140024	0.0000014082036062	-0.9999999999827440	-2.6309603642014705e-04	-2.3134302237443844e-04	1.1747675401907465e-09	3.5034143115354104e-04	1	top_other
448	0.2240000000000002	retry_displacement	-1	450	538	641	323	405	641	0	2	2	323	2	-4.9511509891547976e-02	1.0000000000000000e+00	-1.2377877472886994e+03	0.9897378620758147	-2.5383132751770789	49.5761196494545260	-0.0000057034140024	0.0000014082036062	-0.9999999999827440	9.8354128052531185e-04	-3.3305974397596066e-03	-1.0299702431215696e-08	3.4727845824837310e-03	1	top_other
448	0.2240000000000002	retry_displacement	-1	450	538	641	324	412	641	0	2	2	324	2	-4.0789550694060046e-02	1.0000000000000000e+00	-1.0197387673515011e+03	-2.0477241722497626	3.0348487968397633	49.5744304889206546	-0.0000057034140024	0.0000014082036062	-0.9999999999827440	-2.2270274061780382e-03	5.2590145066239539e-03	2.0107422477044778e-08	5.7111193867011370e-03	1	top_other
448	0.2240000000000002	retry_displacement	-1	450	538	641	325	426	641	0	2	2	325	2	-3.8087781405924274e-02	1.0000000000000000e+00	-9.5219453514810687e+02	-2.0478223866820899	3.0349790244802408	49.5738830058517124	-0.0000057034140024	0.0000014082036062	-0.9999999999827440	-2.6946283068299804e-03	5.9276006164061040e-03	2.3715849388483701e-08	6.5113340246181406e-03	1	top_other
448	0.2240000000000002	retry_displacement	-1	450	538	641	326	426	641	0	2	2	326	2	-4.6122375523049791e-02	1.0000000000000000e+00	-1.1530593880762449e+03	-1.7705589920547324	4.7405290869359362	49.5755967643813875	-0.0000057034140024	0.0000014082036062	-0.9999999999827440	-1.1708842326196686e-03	8.7728392693837958e-03	1.9031981421391286e-08	8.8506315443024740e-03	1	top_other
448	0.2240000000000002	retry_displacement	-1	450	538	641	327	438	641	0	2	2	327	2	-5.5019102609167342e-02	1.0000000000000000e+00	-1.3754775652291835e+03	5.0045218694381317	0.0635796042858274	49.5772888214643785	-0.0000057034140024	0.0000014082036062	-0.9999999999827440	7.7081270734491412e-03	-9.9836633315311066e-04	-4.5368542957169300e-08	7.7725129988743995e-03	1	top_other
448	0.2240000000000002	retry_displacement	-1	450	538	641	328	438	641	0	2	2	328	2	-4.4582190759173315e-02	1.0000000000000000e+00	-1.1145547689793329e+03	2.6578908285179184	0.6215799070659941	49.5751975376240637	-0.0000057034140024	0.0000014082036062	-0.9999999999827440	4.7859125267096210e-03	8.4345980882779463e-04	-2.6108277380310074e-08	4.8596690384331244e-03	1	top_other
448	0.2240000000000002	retry_displacement	-1	450	538	641	329	455	641	0	2	2	329	2	-5.1791535757855688e-02	1.0000000000000000e+00	-1.2947883939463923e+03	-4.8531562054736685	-1.1330697054427603	49.5765568963417991	-0.0000057034140024	0.0000014082036062	-0.9999999999827440	-6.7761739522619524e-03	-9.4186884493028286e-04	3.7320982304578365e-08	6.8413193430621640e-03	1	top_other
448	0.2240000000000002	retry_displacement	-1	450	538	641	330	455	641	0	2	2	330	2	-4.3253039908292171e-02	1.0000000000000000e+00	-1.0813259977073042e+03	-2.7799837072021476	0.0638121553506195	49.5748764902428647	-0.0000057034140024	0.0000014082036062	-0.9999999999827440	-3.5527034033445313e-03	4.8281998299164799e-04	2.0942447179206347e-08	3.5853614334611312e-03	1	top_other
448	0.2240000000000002	retry_displacement	-1	450	538	641	331	455	641	0	2	2	331	2	-4.1569273999924695e-02	1.0000000000000000e+00	-1.0392318499981175e+03	-3.2380662300979806	-1.6370538878125713	49.5745146851869976	-0.0000057034140024	0.0000014082036062	-0.9999999999827440	-5.0683705261242197e-03	-1.4595311324306010e-03	2.6851698420315984e-08	5.2743351161392716e-03	1	top_other
448	0.2240000000000002	retry_displacement	-1	450	538	641	332	466	641	0	2	2	332	2	-4.7422808067995210e-02	1.0000000000000000e+00	-1.1855702016998803e+03	2.8801914485986329	-1.4755593904435387	49.5757109716074211	-0.0000057034140024	0.0000014082036062	-0.9999999999827440	4.4491094111831792e-03	-2.4340262019857330e-03	-2.8802717391696042e-08	5.0713960706556364e-03	1	top_other
448	0.2240000000000002	retry_displacement	-1	450	538	641	333	466	641	0	2	2	333	2	-5.4382438716414801e-02	1.0000000000000000e+00	-1.3595609679103700e+03	5.0044928890755127	0.0635541602533536	49.5771606588403131	-0.0000057034140024	0.0000014082036062	-0.9999999999827440	7.5630804731360666e-03	-1.1288821879205156e-03	-4.4725075039331319e-08	7.6468661057544750e-03	1	top_other
448	0.2240000000000002	retry_displacement	-1	450	538	641	334	466	641	0	2	2	334	2	-4.3833500640534644e-02	1.0000000000000000e+00	-1.0958375160133660e+03	2.6579198565894417	0.6215492601026014	49.5750474480288901	-0.0000057034140024	0.0000014082036062	-0.9999999999827440	4.9319814795392870e-03	6.8663613513592027e-04	-2.7162208753039874e-08	4.9795492263186546e-03	1	top_other
448	0.2240000000000002	retry_displacement	-1	450	538	641	335	469	641	0	2	2	335	2	-4.7799750696382308e-02	1.0000000000000000e+00	-1.1949937674095577e+03	0.9898001309899698	-2.5384658644755134	49.5757743223721405	-0.0000057034140024	0.0000014082036062	-0.9999999999827440	1.2774497342874771e-03	-4.0805583176402446e-03	-1.3032081636055182e-08	4.2758430756359572e-03	1	top_other
448	0.2240000000000002	retry_displacement	-1	450	538	641	336	469	641	0	2	2	336	2	-5.8190498760197176e-02	1.0000000000000000e+00	-1.4547624690049295e+03	2.8440262753920051	-4.0524154703568938	49.5778277771731410	-0.0000057034140024	0.0000014082036062	-0.9999999999827440	3.4831096278363748e-03	-6.2352499726259000e-03	-2.8646117720965147e-08	7.1421561801376437e-03	1	top_other
448	0.2240000000000002	retry_displacement	-1	450	538	641	337	470	641	0	2	2	337	2	-5.9273755840159439e-02	1.0000000000000000e+00	-1.4818438960039859e+03	4.4315552044408291	2.3877575033552305	49.5782526250803954	-0.0000057034140024	0.0000014082036062	-0.9999999999827440	6.6603870236483136e-03	1.8171045043053303e-03	-3.5428091495204317e-08	6.9038122863824087e-03	1	top_other
448	0.2240000000000002	retry_displacement	-1	450	538	641	338	470	641	0	2	2	338	2	-4.5409990285141880e-02	1.0000000000000000e+00	-1.1352497571285469e+03	2.6578633512212035	0.6216102187135633	49.5753599203220787	-0.0000057034140024	0.0000014082036062	-0.9999999999827440	4.6453593671359258e-03	1.0076847539462208e-03	-2.5075382353856313e-08	4.7533979650142824e-03	1	top_other
448	0.2240000000000002	retry_displacement	-1	450	538	641	339	472	641	0	2	2	339	2	-5.1111821109107385e-02	1.0000000000000000e+00	-1.2777955277276847e+03	-4.8532060173092830	-1.1329995931740087	49.5764213431639860	-0.0000057034140024	0.0000014082036062	-0.9999999999827440	-7.0273812957054515e-03	-5.9032902122290603e-04	3.9248761421473155e-08	7.0521327433670233e-03	1	top_other
448	0.2240000000000002	retry_displacement	-1	450	538	641	340	472	641	0	2	2	340	2	-4.2997080319184165e-02	1.0000000000000000e+00	-1.0749270079796042e+03	-3.2380692068272210	-1.6371315319318669	49.5748008626321379	-0.0000057034140024	0.0000014082036062	-0.9999999999827440	-5.0843772743412348e-03	-1.8483962106324370e-03	2.6395390324840395e-08	5.4099409257416728e-03	1	top_other
448	0.2240000000000002	retry_displacement	-1	450	538	641	341	473	641	0	2	2	341	2	-5.1709397131755340e-02	1.0000000000000000e+00	-1.2927349282938835e+03	0.6056929615513681	-4.9013598963487350	49.5765112440167925	-0.0000057034140024	0.0000014082036062	-0.9999999999827440	7.7087355768088738e-05	-7.7052964149086347e-03	-1.1290287309229097e-08	7.7056820140822477e-03	1	top_other
448	0.2240000000000002	retry_displacement	-1	450	538	641	342	473	641	0	2	2	342	2	-4.4564650130234515e-02	1.0000000000000000e+00	-1.1141162532558628e+03	-0.4382845593953292	-3.5698137123404949	49.5751029831126431	-0.0000057034140024	0.0000014082036062	-0.9999999999827440	-9.8668658150663632e-04	-5.5344783123140910e-03	-2.1661902480096806e-09	5.6217435551263783e-03	1	top_other
448	0.2240000000000002	retry_displacement	-1	450	538	641	343	476	641	0	2	2	343	2	-4.7810187371951696e-02	1.0000000000000000e+00	-1.1952546842987924e+03	0.9897491114718562	-2.5384670286017852	49.5757795188971429	-0.0000057034140024	0.0000014082036062	-0.9999999999827440	1.0296781810775213e-03	-4.1006488374822764e-03	-1.1647229430922224e-08	4.2279496266000513e-03	1	top_other
448	0.2240000000000002	retry_displacement	-1	450	538	641	344	476	641	0	2	2	344	2	-5.2572242790094606e-02	1.0000000000000000e+00	-1.3143060697523651e+03	0.6055924037829143	-4.9013547912450353	49.5766824680919029	-0.0000057034140024	0.0000014082036062	-0.9999999999827440	-4.3200385010727221e-04	-7.6774818521748098e-03	-8.3475608300687121e-09	7.6896264484726910e-03	1	top_other
448	0.2240000000000002	retry_displacement	-1	450	538	641	345	476	641	0	2	2	345	2	-4.3355104489561064e-02	1.0000000000000000e+00	-1.0838776122390266e+03	-0.4382082536972703	-3.5697875517481363	49.5748584148167382	-0.0000057034140024	0.0000014082036062	-0.9999999999827440	-6.1391917740523188e-04	-5.3987681179133145e-03	-4.1011294915627161e-09	5.4335618103965658e-03	1	top_other
448	0.2240000000000002	retry_displacement	-1	450	538	641	346	490	641	0	2	2	346	2	-5.4778404548562767e-02	1.0000000000000000e+00	-1.3694601137140692e+03	5.0045135801561926	0.0635453042978952	49.5772386892124501	-0.0000057034140024	0.0000014082036062	-0.9999999999827440	7.6658072112705429e-03	-1.1615728619894993e-03	-4.5357003285173558e-08	7.7533123061137681e-03	1	top_other
448	0.2240000000000002	retry_displacement	-1	450	538	641	347	490	641	0	2	2	347	2	-4.4659027945969369e-02	1.0000000000000000e+00	-1.1164756986492341e+03	2.6578885576074738	0.6215373520458627	49.5752110266888550	-0.0000057034140024	0.0000014082036062	-0.9999999999827440	4.7706642589119977e-03	6.3698854178807524e-04	-2.6312063777789163e-08	4.8130023763054584e-03	1	top_other
448	0.2240000000000002	retry_displacement	-1	450	538	641	348	491	641	0	2	2	348	2	-4.7056212696861360e-02	1.0000000000000000e+00	-1.1764053174215339e+03	1.5968978510904008	2.7032209335718731	49.5757783671325925	-0.0000057034140024	0.0000014082036062	-0.9999999999827440	3.8469116162809310e-03	4.1419761278588454e-03	-1.6107783856744717e-08	5.6528484171689221e-03	1	top_other
448	0.2240000000000002	retry_displacement	-1	450	538	641	349	491	641	0	2	2	349	2	-5.8997148799274833e-02	1.0000000000000000e+00	-1.4749287199818709e+03	4.4315451575775269	2.3877674799730810	49.5781987912748434	-0.0000057034140024	0.0000014082036062	-0.9999999999827440	6.6118603165094565e-03	1.8701702320768540e-03	-3.5076596245631197e-08	6.8712614230000951e-03	1	top_other
448	0.2240000000000002	retry_displacement	-1	450	538	641	350	491	641	0	2	2	350	2	-4.5407796204958883e-02	1.0000000000000000e+00	-1.1351949051239721e+03	2.6578905124785464	0.6215974451140980	49.5753576819216661	-0.0000057034140024	0.0000014082036062	-0.9999999999827440	4.7836248318500760e-03	9.4743006136484439e-04	-2.5948818427323772e-08	4.8765449094357576e-03	1	top_other
448	0.2240000000000002	retry_displacement	-1	450	538	641	351	497	641	0	2	2	351	2	-4.4664491569068709e-02	1.0000000000000000e+00	-1.1166122892267178e+03	-1.7705499342940656	4.7405453811181228	49.5752978267649809	-0.0000057034140024	0.0000014082036062	-0.9999999999827440	-1.0174090137834552e-03	8.9148296972667920e-03	1.8356600142710455e-08	8.9726980130245496e-03	1	top_other
448	0.2240000000000002	retry_displacement	-1	450	538	641	352	497	641	0	2	2	352	2	-3.8025526378161700e-02	1.0000000000000000e+00	-9.5063815945404247e+02	-2.0477798464441106	3.0349723039028005	49.5738724267901176	-0.0000057034140024	0.0000014082036062	-0.9999999999827440	-2.4932254615725809e-03	5.8741705389386920e-03	2.2491925148748759e-08	6.3813832923023030e-03	1	top_other
448	0.2240000000000002	retry_displacement	-1	450	538	641	353	498	641	0	2	2	353	2	-4.6770165581183153e-02	1.0000000000000000e+00	-1.1692541395295789e+03	0.9898201660732312	-2.5384449435795049	49.5755654843630325	-0.0000057034140024	0.0000014082036062	-0.9999999999827440	1.3716288512941775e-03	-3.9728172981081250e-03	-1.3417502844892404e-08	4.2029326654170604e-03	1	top_other
448	0.2240000000000002	retry_displacement	-1	450	538	641	354	498	641	0	2	2	354	2	-5.7546725192681350e-02	1.0000000000000000e+00	-1.4386681298170338e+03	2.8440434585528807	-4.0523649963944921	49.5776968251043257	-0.0000057034140024	0.0000014082036062	-0.9999999999827440	3.5636208857140208e-03	-5.9831981217585810e-03	-2.8750366434793229e-08	6.9640543925316364e-03	1	top_other
448	0.2240000000000002	retry_displacement	-1	450	538	641	355	498	641	0	2	2	355	2	-4.7216963060430814e-02	1.0000000000000000e+00	-1.1804240765107704e+03	2.8801788350207334	-1.4756520452882071	49.5756780010009734	-0.0000057034140024	0.0000014082036062	-0.9999999999827440	4.4020234377750746e-03	-2.9189660907962258e-03	-2.9217060694419761e-08	5.2818721479029503e-03	1	top_other
448	0.2240000000000002	retry_displacement	-1	450	538	641	356	520	641	0	2	2	356	2	-3.9649154443265493e-02	1.0000000000000000e+00	-9.9122886108163732e+02	-0.3909360834345776	2.9694793300381788	49.5742500213446462	-0.0000057034140024	0.0000014082036062	-0.9999999999827440	3.4266471863060355e-04	4.6808091731016651e-03	4.6371735965000660e-09	4.6933350215394160e-03	1	top_other
448	0.2240000000000002	retry_displacement	-1	450	538	641	357	520	641	0	2	2	357	2	-4.2415576552470240e-02	1.0000000000000000e+00	-1.0603894138117560e+03	-1.3907217156363074	1.3598610677442793	49.5747458554117131	-0.0000057034140024	0.0000014082036062	-0.9999999999827440	-1.3811579005126346e-03	2.9808533242504055e-03	1.2074963709474140e-08	3.2852828929924686e-03	1	top_other
448	0.2240000000000002	retry_displacement	-1	450	538	641	358	520	641	0	2	2	358	2	-4.0965639721328474e-02	1.0000000000000000e+00	-1.0241409930332118e+03	-2.0477191513633004	3.0348837392076704	49.5744713153502872	-0.0000057034140024	0.0000014082036062	-0.9999999999827440	-2.2433008188385162e-03	5.4148518660908406e-03	2.0419687218886651e-08	5.8611448792813495e-03	1	top_other
448	0.2240000000000002	retry_displacement	-1	450	538	641	359	522	641	0	2	2	359	2	-3.9859164960092820e-02	1.0000000000000000e+00	-9.9647912400232053e+02	-2.0476704439562368	3.0348514642447411	49.5742438066905464	-0.0000057034140024	0.0000014082036062	-0.9999999999827440	-1.9821543207338144e-03	5.2500134412061953e-03	1.8698134575390046e-08	5.6117356392117283e-03	1	top_other
448	0.2240000000000002	retry_displacement	-1	450	538	641	360	522	641	0	2	2	360	2	-4.0146908932069798e-02	1.0000000000000000e+00	-1.0036727233017450e+03	-3.1933170466164298	1.7415202711594149	49.5742711334671284	-0.0000057034140024	0.0000014082036062	-0.9999999999827440	-3.1565809572281054e-03	3.2991781495842255e-03	2.2649202596758400e-08	4.5660245074618340e-03	1	top_other
448	0.2240000000000002	retry_displacement	-1	450	538	641	361	524	641	0	2	2	361	2	-5.5143797446584701e-02	1.0000000000000000e+00	-1.3785949361646176e+03	2.8443717217740696	4.1799322573961231	49.5774813509988377	-0.0000057034140024	0.0000014082036062	-0.9999999999827440	5.7701393260896194e-03	6.1752804544535972e-03	-2.4213441224274490e-08	8.4515440325557602e-03	1	top_other
448	0.2240000000000002	retry_displacement	-1	450	538	641	362	524	641	0	2	2	362	2	-4.6994794662444522e-02	1.0000000000000000e+00	-1.1748698665611130e+03	1.5968856827682658	2.7033637254160867	49.5757641444418624	-0.0000057034140024	0.0000014082036062	-0.9999999999827440	3.7982588128745859e-03	4.8555392121566359e-03	-1.4825454669464833e-08	6.1646598487337433e-03	1	top_other
448	0.2240000000000002	retry_displacement	-1	450	538	641	363	530	641	0	2	2	363	2	-5.2804210963132092e-02	1.0000000000000000e+00	-1.3201052740783023e+03	-3.7407951557501931	-3.2528161257798884	49.5767390929141953	-0.0000057034140024	0.0000014082036062	-0.9999999999827440	-5.9110329077732508e-03	-4.4931918866717912e-03	2.7385738836371853e-08	7.4248961856703075e-03	1	top_other
448	0.2240000000000002	retry_displacement	-1	450	538	641	364	530	641	0	2	2	364	2	-5.2869434075592719e-02	1.0000000000000000e+00	-1.3217358518898179e+03	-1.7707827460567658	-4.6127104880785215	49.5767421346742054	-0.0000057034140024	0.0000014082036062	-0.9999999999827440	-3.6444404326918872e-03	-6.6797377375045295e-03	1.1379321818161259e-08	7.6092602997539158e-03	1	top_other
448	0.2240000000000002	retry_displacement	-1	450	538	641	365	530	641	0	2	2	365	2	-4.2419406608982309e-02	1.0000000000000000e+00	-1.0604851652245577e+03	-1.5780956959688139	-2.2267070838221867	49.5746930412484232	-0.0000057034140024	0.0000014082036062	-0.9999999999827440	-2.8878121149186376e-03	-3.6905872729544199e-03	1.1273289753088722e-08	4.6861384135011503e-03	1	top_other
448	0.2240000000000002	retry_displacement	-1	450	538	641	366	540	641	0	2	2	366	2	-5.2607268546272089e-02	1.0000000000000000e+00	-1.3151817136568022e+03	-4.8530850179249585	1.2608738971415492	49.5767515184022471	-0.0000057034140024	0.0000014082036062	-0.9999999999827440	-6.2662014824563387e-03	2.9835770804782164e-03	3.9940225272927510e-08	6.9402459045402815e-03	1	top_other
448	0.2240000000000002	retry_displacement	-1	450	538	641	367	540	641	0	2	2	367	2	-5.1724825701576563e-02	1.0000000000000000e+00	-1.2931206425394141e+03	-4.8531419036300134	-1.1330699076148236	49.5765432777239567	-0.0000057034140024	0.0000014082036062	-0.9999999999827440	-6.7024596720025812e-03	-9.4224714739393615e-04	3.6900026513519979e-08	6.7683672582798402e-03	1	top_other
448	0.2240000000000002	retry_displacement	-1	450	538	641	368	540	641	0	2	2	368	2	-4.1440581744982705e-02	1.0000000000000000e+00	-1.0360145436245675e+03	-2.7800144414389663	0.0638785893558449	49.5745122293092848	-0.0000057034140024	0.0000014082036062	-0.9999999999827440	-3.7050484756071616e-03	8.1337819700251230e-04	2.2276827459088988e-08	3.7932793594005524e-03	1	top_other
448	0.2240000000000002	retry_displacement	-1	450	538	641	369	546	641	0	2	2	369	2	-4.6808167982541740e-02	1.0000000000000000e+00	-1.1702041995635434e+03	-3.7405598774305089	3.3805981158618410	49.5756397683117171	-0.0000057034140024	0.0000014082036062	-0.9999999999827440	-4.1806860737779181e-03	6.4848945519010324e-03	3.2976235388171293e-08	7.7156978555308758e-03	1	top_other
448	0.2240000000000002	retry_displacement	-1	450	538	641	370	546	641	0	2	2	370	2	-3.8461798122529971e-02	1.0000000000000000e+00	-9.6154495306324930e+02	-2.0477268002972480	3.0349173722552520	49.5739602725563060	-0.0000057034140024	0.0000014082036062	-0.9999999999827440	-2.2554190781219458e-03	5.5813303984282260e-03	2.0723238347564177e-08	6.0198143023522640e-03	1	top_other
448	0.2240000000000002	retry_displacement	-1	450	538	641	371	546	641	0	2	2	371	2	-3.8430523020523667e-02	1.0000000000000000e+00	-9.6076307551309174e+02	-3.1934215454965296	1.7415802654307115	49.5739248773792269	-0.0000057034140024	0.0000014082036062	-0.9999999999827440	-3.6769321618210326e-03	3.5979701092403939e-03	2.6037740859241598e-08	5.1444357348789174e-03	1	top_other
448	0.2240000000000002	retry_displacement	-1	450	538	641	372	547	641	0	2	2	372	2	-4.2341433906937349e-02	1.0000000000000000e+00	-1.0585358476734336e+03	-1.3906947188692427	1.3598527861052432	49.5747291237804788	-0.0000057034140024	0.0000014082036062	-0.9999999999827440	-1.2438935037835997e-03	2.9196001233710370e-03	1.1205831054739157e-08	3.1735368170652733e-03	1	top_other
448	0.2240000000000002	retry_displacement	-1	450	538	641	373	547	641	0	2	2	373	2	-4.1245425843097226e-02	1.0000000000000000e+00	-1.0311356460774307e+03	-2.7799486478223812	0.0639072279785026	49.5744741596625715	-0.0000057034140024	0.0000014082036062	-0.9999999999827440	-3.3725556412080903e-03	9.8132149073857831e-04	2.0616981524779199e-08	3.5124241517298220e-03	1	top_other
448	0.2240000000000002	retry_displacement	-1	450	538	641	374	547	641	0	2	2	374	2	-4.2652114086130594e-02	1.0000000000000000e+00	-1.0663028521532649e+03	-3.1933630168618392	1.7415581705507819	49.5747764990292836	-0.0000057034140024	0.0000014082036062	-0.9999999999827440	-3.3862796219824081e-03	3.4691675919303320e-03	2.4198648918005716e-08	4.8478875254835069e-03	1	top_other
448	0.2240000000000002	retry_displacement	-1	450	538	641	375	548	641	0	2	2	375	2	-4.2097555386224846e-02	1.0000000000000000e+00	-1.0524388846556212e+03	-3.1933675538873971	1.7415180664396275	49.5746613314727540	-0.0000057034140024	0.0000014082036062	-0.9999999999827440	-3.4071245144192196e-03	3.2680001577737937e-03	2.4034251269733353e-08	4.7210509940630368e-03	1	top_other
448	0.2240000000000002	retry_displacement	-1	450	538	641	376	557	641	0	2	2	376	2	-4.6691704777701924e-02	1.0000000000000000e+00	-1.1672926194425481e+03	0.9897766151706904	-2.5384883139657277	49.5755536777041499	-0.0000057034140024	0.0000014082036062	-0.9999999999827440	1.1640530949343529e-03	-4.2022177803191108e-03	-1.2556654958861824e-08	4.3604648698520659e-03	1	top_other
448	0.2240000000000002	retry_displacement	-1	450	538	641	377	557	641	0	2	2	377	2	-5.7139336423397566e-02	1.0000000000000000e+00	-1.4284834105849391e+03	2.8439817072755034	-4.0524705122653959	49.5776186353169734	-0.0000057034140024	0.0000014082036062	-0.9999999999827440	3.2645313770038212e-03	-6.5120574996144461e-03	-2.7789276824119469e-08	7.2845080815728018e-03	1	top_other
448	0.2240000000000002	retry_displacement	-1	450	538	641	378	557	641	0	2	2	378	2	-5.2700560836852609e-02	1.0000000000000000e+00	-1.3175140209213153e+03	0.6055742717109680	-4.9013477296325387	49.5767064769903101	-0.0000057034140024	0.0000014082036062	-0.9999999999827440	-5.2729521726515639e-04	-7.6391462182721090e-03	-7.7500903333804771e-09	7.6573229780617091e-03	1	top_other
448	0.2240000000000002	retry_displacement	-1	450	538	641	379	559	641	0	2	2	379	2	-5.0469775213563307e-02	1.0000000000000000e+00	-1.2617443803390827e+03	-1.7706777588794709	-4.6127311992320852	49.5762598804734367	-0.0000057034140024	0.0000014082036062	-0.9999999999827440	-3.1270388172850274e-03	-6.7738549292714291e-03	8.2958300437474541e-09	7.4607963628349353e-03	1	top_other
448	0.2240000000000002	retry_displacement	-1	450	538	641	380	559	641	0	2	2	380	2	-5.0223438113427811e-02	1.0000000000000000e+00	-1.2555859528356953e+03	0.6056556971702023	-4.9014048196786728	49.5762147149135330	-0.0000057034140024	0.0000014082036062	-0.9999999999827440	-1.0439527291731766e-04	-7.9299656186354161e-03	-1.0571596723019105e-08	7.9306527528229982e-03	1	top_other
448	0.2240000000000002	retry_displacement	-1	450	538	641	381	559	641	0	2	2	381	2	-4.4055751622939690e-02	1.0000000000000000e+00	-1.1013937905734922e+03	-0.4382763184294802	-3.5698060442418766	49.5750024269895775	-0.0000057034140024	0.0000014082036062	-0.9999999999827440	-9.4022849840646083e-04	-5.5090170286911204e-03	-2.3953052666336738e-09	5.5886758943089684e-03	1	top_other
448	0.2240000000000002	retry_displacement	-1	450	538	641	382	564	641	0	2	2	382	2	-4.5761878673631726e-02	1.0000000000000000e+00	-1.1440469668407932e+03	1.5968963003674717	2.7032809038274466	49.5755131338539385	-0.0000057034140024	0.0000014082036062	-0.9999999999827440	3.8356049984195001e-03	4.4356352406719410e-03	-1.5629765710845067e-08	5.8640195849294172e-03	1	top_other
448	0.2240000000000002	retry_displacement	-1	450	538	641	383	564	641	0	2	2	383	2	-5.4322794778508897e-02	1.0000000000000000e+00	-1.3580698694627224e+03	2.8443887489794237	4.1798818571604484	49.5773119604163313	-0.0000057034140024	0.0000014082036062	-0.9999999999827440	5.8445840618203551e-03	5.9280548542053934e-03	-2.4986174351759871e-08	8.3247220500613089e-03	1	top_other
448	0.2240000000000002	retry_displacement	-1	450	538	641	384	564	641	0	2	2	384	2	-5.8007051859570176e-02	1.0000000000000000e+00	-1.4501762964892544e+03	4.4315419775339535	2.3878205167745703	49.5779972387003980	-0.0000057034140024	0.0000014082036062	-0.9999999999827440	6.5964777215201430e-03	2.1318457395371926e-03	-3.4620370542581824e-08	6.9324082820397285e-03	1	top_other
448	0.2240000000000002	retry_displacement	-1	450	538	641	385	566	641	0	2	2	385	2	-4.1495355934503236e-02	1.0000000000000000e+00	-1.0373838983625810e+03	-1.3907029195378484	1.3598469768383326	49.5745585781193867	-0.0000057034140024	0.0000014082036062	-0.9999999999827440	-1.2857896436882386e-03	2.8974221114627004e-03	1.1413550930761129e-08	3.1699069229141679e-03	1	top_other
448	0.2240000000000002	retry_displacement	-1	450	538	641	386	566	641	0	2	2	386	2	-4.0862152661609127e-02	1.0000000000000000e+00	-1.0215538165402282e+03	-3.1933776186013700	1.7415715278570816	49.5744170909450332	-0.0000057034140024	0.0000014082036062	-0.9999999999827440	-3.4568932321784617e-03	3.5455266471856308e-03	2.4708916676607906e-08	4.9518552104433709e-03	1	top_other
448	0.2240000000000002	retry_displacement	-1	450	538	641	387	566	641	0	2	2	387	2	-3.9958250730922275e-02	1.0000000000000000e+00	-9.9895626827305682e+02	-2.0477077138477298	3.0348866904743290	49.5742662000269121	-0.0000057034140024	0.0000014082036062	-0.9999999999827440	-2.1847242037884838e-03	5.4055333829238347e-03	2.0072478214283596e-08	5.8303354106711662e-03	1	top_other
448	0.2240000000000002	retry_displacement	-1	450	538	641	388	568	641	0	2	2	388	2	-4.5714948324091946e-02	1.0000000000000000e+00	-1.1428737081022987e+03	1.5967977541199758	2.7033369979153306	49.5755018391651632	-0.0000057034140024	0.0000014082036062	-0.9999999999827440	3.3680970559126556e-03	4.7122560584739502e-03	-1.2573835937723654e-08	5.7921874053616434e-03	1	top_other
448	0.2240000000000002	retry_displacement	-1	450	538	641	389	568	641	0	2	2	389	2	-5.3454230309747996e-02	1.0000000000000000e+00	-1.3363557577437000e+03	0.6058513547081944	5.0287149175977293	49.5771516732047672	-0.0000057034140024	0.0000014082036062	-0.9999999999827440	1.6941863711021450e-03	7.0548253134555200e-03	2.7198417823504073e-10	7.2553998968631021e-03	1	top_other
448	0.2240000000000002	retry_displacement	-1	450	538	641	390	568	641	0	2	2	390	2	-5.4317535904425708e-02	1.0000000000000000e+00	-1.3579383976106426e+03	2.8443211914180906	4.1799536301559543	49.5773104663649775	-0.0000057034140024	0.0000014082036062	-0.9999999999827440	5.5283990581501095e-03	6.2785434614817479e-03	-2.2689281065080280e-08	8.3656024376242647e-03	1	top_other
448	0.2240000000000002	retry_displacement	-1	450	538	641	391	569	641	0	2	2	391	2	-4.6432519568204975e-02	1.0000000000000000e+00	-1.1608129892051243e+03	-3.7405454984840945	3.3806678649588422	49.5755617353744782	-0.0000057034140024	0.0000014082036062	-0.9999999999827440	-4.1101661379583342e-03	6.7934690552001109e-03	3.3008566727166233e-08	7.9400684812330410e-03	1	top_other
448	0.2240000000000002	retry_displacement	-1	450	538	641	392	569	641	0	2	2	392	2	-4.0016629734766600e-02	1.0000000000000000e+00	-1.0004157433691649e+03	-3.1934551411809777	1.7415785764954166	49.5742422575381383	-0.0000057034140024	0.0000014082036062	-0.9999999999827440	-3.8468407375464404e-03	3.5666704491576304e-03	2.6962723512213849e-08	5.2458861742958286e-03	1	top_other
448	0.2240000000000002	retry_displacement	-1	450	538	641	393	573	641	0	2	2	393	2	-3.9930516089615273e-02	1.0000000000000000e+00	-9.9826290224038178e+02	-3.1934296119414411	1.7416049274243974	49.5742254816903767	-0.0000057034140024	0.0000014082036062	-0.9999999999827440	-3.7226820291660322e-03	3.6831653583567717e-03	2.6418643550574217e-08	5.2367994565357418e-03	1	top_other
448	0.2240000000000002	retry_displacement	-1	450	538	641	394	573	641	0	2	2	394	2	-5.0668422595564200e-02	1.0000000000000000e+00	-1.2667105648891049e+03	-4.8530386575699378	1.2609589176252214	49.5763638892981504	-0.0000057034140024	0.0000014082036062	-0.9999999999827440	-6.0265908406870565e-03	3.4213974552453779e-03	3.9190166827018924e-08	6.9300618835150766e-03	1	top_other
448	0.2240000000000002	retry_displacement	-1	450	538	641	395	573	641	0	2	2	395	2	-4.5374908797917182e-02	1.0000000000000000e+00	-1.1343727199479295e+03	-3.7405930602564141	3.3806468933838816	49.5753483607258190	-0.0000057034140024	0.0000014082036062	-0.9999999999827440	-4.3549453906949320e-03	6.6742956232792089e-03	3.4236823695521501e-08	7.9694272958620548e-03	1	top_other
448	0.2240000000000002	retry_displacement	-1	450	538	641	396	574	641	0	2	2	396	2	-4.2852640032364608e-02	1.0000000000000000e+00	-1.0713160008091152e+03	-3.2380696632218573	-1.6370971844146183	49.5747725403972908	-0.0000057034140024	0.0000014082036062	-0.9999999999827440	-5.0914494267833886e-03	-1.6769672508596836e-03	2.6677132621000244e-08	5.3605108363532347e-03	1	top_other
448	0.2240000000000002	retry_displacement	-1	450	538	641	397	574	641	0	2	2	397	2	-5.0032823937550680e-02	1.0000000000000000e+00	-1.2508205984387671e+03	-3.7408642601163322	-3.2527016889609373	49.5761856036458113	-0.0000057034140024	0.0000014082036062	-0.9999999999827440	-6.2443308076528441e-03	-3.9279522248016297e-03	3.0082647275997410e-08	7.3770235133576367e-03	1	top_other
448	0.2240000000000002	retry_displacement	-1	450	538	641	398	574	641	0	2	2	398	2	-4.9683716484369284e-02	1.0000000000000000e+00	-1.2420929121092322e+03	-4.8532354963169677	-1.1330495070394790	49.5761360749533395	-0.0000057034140024	0.0000014082036062	-0.9999999999827440	-7.1810915137143529e-03	-8.4099721105950940e-04	3.9772442589347534e-08	7.2301695442729425e-03	1	top_other
448	0.2240000000000002	retry_displacement	-1	450	538	641	399	577	641	0	2	2	399	2	-3.9891012071000702e-02	1.0000000000000000e+00	-9.9727530177501751e+02	-0.3909577471385788	2.9695788538113534	49.5743039727241950	-0.0000057034140024	0.0000014082036062	-0.9999999999827440	2.3986226055030562e-04	5.1701803727983364e-03	5.9126328694203423e-09	5.1757413953307605e-03	1	top_other
448	0.2240000000000002	retry_displacement	-1	450	538	641	400	577	641	0	2	2	400	2	-4.5681197246828752e-02	1.0000000000000000e+00	-1.1420299311707188e+03	-1.7705666093134838	4.7404694113653374	49.5754983752147069	-0.0000057034140024	0.0000014082036062	-0.9999999999827440	-1.3576779745222904e-03	8.4499072082294558e-03	1.9642589367541152e-08	8.5582837830126251e-03	1	top_other
448	0.2240000000000002	retry_displacement	-1	450	538	641	401	577	641	0	2	2	401	2	-5.4566350124751292e-02	1.0000000000000000e+00	-1.3641587531187822e+03	0.6057972749347172	5.0287055087621493	49.5773723818858087	-0.0000057034140024	0.0000014082036062	-0.9999999999827440	1.4797213197327457e-03	6.9880204458178706e-03	1.4010922907981005e-09	7.1429689160209973e-03	1	top_other
448	0.2240000000000002	retry_displacement	-1	450	538	641	402	578	641	0	2	2	402	2	-5.3901545145832806e-02	1.0000000000000000e+00	-1.3475386286458202e+03	5.0045143730089263	0.0636009597060209	49.5770612645362618	-0.0000057034140024	0.0000014082036062	-0.9999999999827440	7.6678719730851998e-03	-8.8116932238590433e-04	-4.4973914196944076e-08	7.7183366065728311e-03	1	top_other
448	0.2240000000000002	retry_displacement	-1	450	538	641	403	578	641	0	2	2	403	2	-5.8973449809124688e-02	1.0000000000000000e+00	-1.4743362452281171e+03	4.4315580353330990	2.3877482806044967	49.5781890077110248	-0.0000057034140024	0.0000014082036062	-0.9999999999827440	6.6709353817100952e-03	1.7682565969666388e-03	-3.5557040950484620e-08	6.9013122129731206e-03	1	top_other
448	0.2240000000000002	retry_displacement	-1	450	538	641	404	578	641	0	2	2	404	2	-4.3920115203477751e-02	1.0000000000000000e+00	-1.0980028800869438e+03	2.6578817120846923	0.6215727182516630	49.5750604641385166	-0.0000057034140024	0.0000014082036062	-0.9999999999827440	4.7330851598025303e-03	8.1299053003455876e-04	-2.5849887973217189e-08	4.8024003094845223e-03	1	top_other
448	0.2240000000000002	retry_displacement	-1	450	538	641	405	579	641	0	2	2	405	2	-5.6463336422135690e-02	1.0000000000000000e+00	-1.4115834105533922e+03	2.8440965269640857	-4.0523575678100157	49.5774777705588860	-0.0000057034140024	0.0000014082036062	-0.9999999999827440	3.8258081847919274e-03	-5.9417751321096824e-03	-3.0187397137559913e-08	7.0669300257105430e-03	1	top_other
448	0.2240000000000002	retry_displacement	-1	450	538	641	406	579	641	0	2	2	406	2	-5.2401563088028687e-02	1.0000000000000000e+00	-1.3100390772007172e+03	4.4316702919113578	-2.2606769868906311	49.5767019220140952	-0.0000057034140024	0.0000014082036062	-0.9999999999827440	6.9493419512184724e-03	-4.1492185156413687e-03	-4.5477918667047312e-08	8.0937857549835332e-03	1	top_other
448	0.2240000000000002	retry_displacement	-1	450	538	641	407	579	641	0	2	2	407	2	-4.5585631779481904e-02	1.0000000000000000e+00	-1.1396407944870475e+03	2.8802536713404221	-1.4756567836850252	49.5753482546429183	-0.0000057034140024	0.0000014082036062	-0.9999999999827440	4.7714346102973992e-03	-2.9348211779665367e-03	-3.1346292735101589e-08	5.6017643281351436e-03	1	top_other
448	0.2240000000000002	retry_displacement	-1	450	538	641	408	581	641	0	2	2	408	2	-5.3322173258748433e-02	1.0000000000000000e+00	-1.3330543314687109e+03	4.4316677214187781	-2.2606868674943357	49.5768835756352502	-0.0000057034140024	0.0000014082036062	-0.9999999999827440	6.9276649537607822e-03	-4.1945780570370487e-03	-4.5418161252752665e-08	8.0985817764720313e-03	1	top_other
448	0.2240000000000002	retry_displacement	-1	450	538	641	409	581	641	0	2	2	409	2	-5.3215092159155118e-02	1.0000000000000000e+00	-1.3303773039788780e+03	5.0045378624617838	0.0634994719646642	49.5769255548874384	-0.0000057034140024	0.0000014082036062	-0.9999999999827440	7.7853451538484547e-03	-1.4026107543555033e-03	-4.6378208086450545e-08	7.9106836679857361e-03	1	top_other
448	0.2240000000000002	retry_displacement	-1	450	538	641	410	581	641	0	2	2	410	2	-4.5874094845411689e-02	1.0000000000000000e+00	-1.1468523711352923e+03	2.8802553079066699	-1.4756381233131137	49.5754004637097552	-0.0000057034140024	0.0000014082036062	-0.9999999999827440	4.7691493956775848e-03	-2.8293574915523169e-03	-3.1184744862799985e-08	5.5452727411974588e-03	1	top_other
448	0.2240000000000002	retry_displacement	-1	450	538	641	411	588	641	0	2	2	411	2	-5.3117280291737456e-02	1.0000000000000000e+00	-1.3279320072934363e+03	4.4316983273353809	-2.2606586960219786	49.5768447064777220	-0.0000057034140024	0.0000014082036062	-0.9999999999827440	7.0866704013744040e-03	-4.0559168688426806e-03	-4.6129771960612409e-08	8.1652531514219816e-03	1	top_other
448	0.2240000000000002	retry_displacement	-1	450	538	641	412	588	641	0	2	2	412	2	-4.6377637357812883e-02	1.0000000000000000e+00	-1.1594409339453221e+03	2.8803178080614131	-1.4756640925910531	49.5755055589746689	-0.0000057034140024	0.0000014082036062	-0.9999999999827440	5.0875659613084899e-03	-2.9613786740355728e-03	-3.3186719074207449e-08	5.8866876138282407e-03	1	top_other
448	0.2240000000000002	retry_displacement	-1	450	538	641	413	594	641	0	1	1	413	2	-4.3296483437833128e-02	1.0000000000000000e+00	-1.0824120859458283e+03	-1.7706918306835362	4.7405802876727119	49.5749882673937137	-0.0000057034140024	0.0000014082036062	-0.9999999999827440	1.6671113156427146e-03	5.1166853953611214e-04	-8.7876925389251959e-09	1.7438649125354362e-03	1	top_other
448	0.2240000000000002	retry_displacement	-1	450	538	641	414	594	641	0	2	2	414	2	-4.6660471737406534e-02	1.0000000000000000e+00	-1.1665117934351633e+03	-3.7405673450624435	3.3805774349000330	49.5756121329124468	-0.0000057034140024	0.0000014082036062	-0.9999999999827440	-4.2213115126742695e-03	6.4049976333694090e-03	3.3095427960649904e-08	7.6709494569837553e-03	1	top_other
448	0.2240000000000002	retry_displacement	-1	450	538	641	415	594	641	0	2	2	415	2	-3.7131206781210610e-02	1.0000000000000000e+00	-9.2828016953026520e+02	-2.0477845158804242	3.0349535788974449	49.5736924735354307	-0.0000057034140024	0.0000014082036062	-0.9999999999827440	-2.5162792874632556e-03	5.7712285020151558e-03	2.2478447311846672e-08	6.2959304217481606e-03	1	top_other
448	0.2240000000000002	retry_displacement	-1	450	538	641	416	611	641	0	2	2	416	2	-4.2117946470688665e-02	1.0000000000000000e+00	-1.0529486617672167e+03	-1.5779929450932642	-2.2266406199024531	49.5746328709632920	-0.0000057034140024	0.0000014082036062	-0.9999999999827440	-2.3795283575138619e-03	-3.3431113192059414e-03	8.8636539358200039e-09	4.1034800470934512e-03	1	top_other
448	0.2240000000000002	retry_displacement	-1	450	538	641	417	611	641	0	2	2	417	2	-5.1826869295786906e-02	1.0000000000000000e+00	-1.2956717323946727e+03	-1.7707093397708220	-4.6126936005634942	49.5765320846936532	-0.0000057034140024	0.0000014082036062	-0.9999999999827440	-3.2839446489098790e-03	-6.5889558614639953e-03	9.4511044962386492e-09	7.3619720049395657e-03	1	top_other
448	0.2240000000000002	retry_displacement	-1	450	538	641	418	611	641	0	2	2	418	2	-4.6321560058126404e-02	1.0000000000000000e+00	-1.1580390014531602e+03	-0.4383212475518817	-3.5697343696346038	49.5754565466830925	-0.0000057034140024	0.0000014082036062	-0.9999999999827440	-1.1627968640860169e-03	-5.1537332043655251e-03	-6.2559376429183189e-10	5.2832814129959429e-03	1	top_other
448	0.2240000000000002	retry_displacement	-1	450	538	641	419	612	641	0	2	2	419	2	-5.3301013012361662e-02	1.0000000000000000e+00	-1.3325253253090416e+03	-1.7707837749743489	-4.6127103495524908	49.5768279236549105	-0.0000057034140024	0.0000014082036062	-0.9999999999827440	-3.6533465148114973e-03	-6.6765191081140894e-03	1.1434649387076501e-08	7.6107061537303237e-03	1	top_other
448	0.2240000000000002	retry_displacement	-1	450	538	641	420	612	641	0	2	2	420	2	-4.3663973754827681e-02	1.0000000000000000e+00	-1.0915993438706921e+03	-1.5780674373775654	-2.2267110720954619	49.5749431855428924	-0.0000057034140024	0.0000014082036062	-0.9999999999827440	-2.7484430933650064e-03	-3.6995079857000748e-03	1.0465848340746042e-08	4.6087198628072378e-03	1	top_other
448	0.2240000000000002	retry_displacement	-1	450	538	641	421	617	641	0	2	2	421	2	-4.3169049574691733e-02	1.0000000000000000e+00	-1.0792262393672934e+03	-1.5780864080621329	-2.2267026364811016	49.5748427873131803	-0.0000057034140024	0.0000014082036062	-0.9999999999827440	-2.8378494139203571e-03	-3.6692142130119298e-03	1.1018429398046425e-08	4.6385905442470647e-03	1	top_other
448	0.2240000000000002	retry_displacement	-1	450	538	641	422	617	641	0	2	2	422	2	-5.3166407461098603e-02	1.0000000000000000e+00	-1.3291601865274652e+03	-3.7407914496898642	-3.2528201783725166	49.5768121183474051	-0.0000057034140024	0.0000014082036062	-0.9999999999827440	-5.8865223034993332e-03	-4.5146410518275672e-03	2.7215739925590121e-08	7.4184316844722997e-03	1	top_other
448	0.2240000000000002	retry_displacement	-1	450	538	641	423	618	641	0	2	2	423	2	-5.1521201087999034e-02	1.0000000000000000e+00	-1.2880300271999758e+03	-3.7408066968917142	-3.2527245344213340	49.5764832737128174	-0.0000057034140024	0.0000014082036062	-0.9999999999827440	-5.9576396088104281e-03	-4.0379053003627924e-03	2.8292692355602611e-08	7.1970930884604567e-03	1	top_other
448	0.2240000000000002	retry_displacement	-1	450	538	641	424	618	641	0	2	2	424	2	-4.1322115687885963e-02	1.0000000000000000e+00	-1.0330528921971490e+03	-1.5780579614101513	-2.2265810606129590	49.5744722734365624	-0.0000057034140024	0.0000014082036062	-0.9999999999827440	-2.6931246892464575e-03	-3.0633183919479539e-03	1.1046229056455026e-08	4.0788282830241142e-03	1	top_other
448	0.2240000000000002	retry_displacement	-1	450	538	641	425	618	641	0	2	2	425	2	-4.5321317242295781e-02	1.0000000000000000e+00	-1.1330329310573945e+03	-3.2379739997984829	-1.6371141554464899	49.5752670022987871	-0.0000057034140024	0.0000014082036062	-0.9999999999827440	-4.6128421952242246e-03	-1.7541951070987832e-03	2.3838684887200756e-08	4.9351305547450956e-03	1	top_other
448	0.2240000000000002	retry_displacement	-1	450	538	641	426	633	641	0	2	2	426	2	-4.1376107171295043e-02	1.0000000000000000e+00	-1.0344026792823761e+03	-2.7800237108090768	0.0638381088334967	49.5744987055892494	-0.0000057034140024	0.0000014082036062	-0.9999999999827440	-3.7477401970248334e-03	6.1611089324718521e-04	2.2242523496640576e-08	3.7980454470251286e-03	1	top_other
448	0.2240000000000002	retry_displacement	-1	450	538	641	427	633	641	0	2	2	427	2	-5.3064604119109710e-02	1.0000000000000000e+00	-1.3266151029777427e+03	-4.8530773214581036	1.2608893269203265	49.5768429953622700	-0.0000057034140024	0.0000014082036062	-0.9999999999827440	-6.2208756621965596e-03	3.0647216135460029e-03	3.9795981392198865e-08	6.9348260666457391e-03	1	top_other
448	0.2240000000000002	retry_displacement	-1	450	538	641	428	634	641	0	2	2	428	2	-5.1820755673394524e-02	1.0000000000000000e+00	-1.2955188918348631e+03	-4.8530380676054863	1.2609250859595562	49.5765946859876863	-0.0000057034140024	0.0000014082036062	-0.9999999999827440	-6.0246091298820827e-03	3.2474951404251064e-03	3.8933974433330576e-08	6.8441317825169825e-03	1	top_other
448	0.2240000000000002	retry_displacement	-1	450	538	641	429	634	641	0	2	2	429	2	-3.9580515107674762e-02	1.0000000000000000e+00	-9.8951287769186899e+02	-2.7799785352865527	0.0638820974602183	49.5741387956014563	-0.0000057034140024	0.0000014082036062	-0.9999999999827440	-3.5236077856613543e-03	8.3998375369116046e-04	2.1279462136813976e-08	3.6223451704788185e-03	1	top_other
448	0.2240000000000002	retry_displacement	-1	450	538	641	430	634	641	0	2	2	430	2	-4.2466640139460637e-02	1.0000000000000000e+00	-1.0616660034865160e+03	-3.1933994582284884	1.7415430317605030	49.5747352484256183	-0.0000057034140024	0.0000014082036062	-0.9999999999827440	-3.5759216996031685e-03	3.3705188110262031e-03	2.5141338635958910e-08	4.9140220856042551e-03	1	top_other
448	0.2240000000000002	retry_displacement	-1	450	538	641	431	639	641	0	2	2	431	2	-4.1488809433853552e-02	1.0000000000000000e+00	-1.0372202358463387e+03	-0.3909070570670778	2.9696310855127495	49.5746271778760814	-0.0000057034140024	0.0000014082036062	-0.9999999999827440	4.9586117021259511e-04	5.4541191953124029e-03	4.8524087734036492e-09	5.4766134149511923e-03	1	top_other
448	0.2240000000000002	retry_displacement	-1	450	538	641	432	639	641	0	2	2	432	2	-5.4608054550961647e-02	1.0000000000000000e+00	-1.3652013637740413e+03	0.6057977094407321	5.0287100200582744	49.5773865930447784	-0.0000057034140024	0.0000014082036062	-0.9999999999827440	1.4604753687307097e-03	7.0168702618030997e-03	1.5514863421772773e-09	7.1672488845894149e-03	1	top_other
448	0.2240000000000002	retry_displacement	-1	450	538	641	433	640	641	0	2	2	433	2	-5.4226527419072683e-02	1.0000000000000000e+00	-1.3556631854768170e+03	0.6058123143520546	5.0287015333333898	49.5773087221282651	-0.0000057034140024	0.0000014082036062	-0.9999999999827440	1.5144872430405806e-03	6.9774447776334075e-03	1.1879151481930528e-09	7.1399164724986648e-03	1	top_other
448	0.2240000000000002	retry_displacement	-1	450	538	641	434	640	641	0	2	2	434	2	-4.1207910876110886e-02	1.0000000000000000e+00	-1.0301977719027720e+03	-0.3909071329297788	2.9696394093433893	49.5745672280257708	-0.0000057034140024	0.0000014082036062	-0.9999999999827440	4.8516056558921966e-04	5.5009222208016540e-03	4.9793469486525410e-09	5.5222754416759260e-03	1	top_other
448	0.2240000000000002	retry_displacement	-1	450	538	641	435	640	641	0	2	2	435	2	-4.6965682458484891e-02	1.0000000000000000e+00	-1.1741420614621222e+03	1.5967442688384750	2.7033161225712989	49.5757572127085240	-0.0000057034140024	0.0000014082036062	-0.9999999999827440	3.1133692734523774e-03	4.6036545709561179e-03	-1.1273950939472144e-08	5.5575807364076730e-03	1	top_other
448	0.2238887142620378	retry_displacement	-1	451	594	641	413	594	641	1	1	1	413	2	-1.5637480756108113e-01	1.0000000000000000e+00	-3.9093701890270281e+03	-1.7706918306835362	4.7405802876727119	49.5749882673937137	-0.0000057034140024	0.0000014082036062	-0.9999999999827440	5.6936658722593122e-03	-5.3896126625207763e-03	-4.0063005635193605e-08	7.8400099310230297e-03	1	trigger_top
448	0.2238887142620378	retry_displacement	-1	451	594	641	414	594	641	1	2	2	414	2	-1.5758514510425156e-01	1.0000000000000000e+00	-3.9396286276062892e+03	-3.7405673450624435	3.3805774349000330	49.5756121329124468	-0.0000057034140024	0.0000014082036062	-0.9999999999827440	2.1561220615877504e-03	3.7055546123257030e-03	-7.0790814044041639e-09	4.2871899105875648e-03	1	trigger_top
448	0.2238887142620378	retry_displacement	-1	451	594	641	415	594	641	1	2	2	415	2	-1.5456021866027561e-01	1.0000000000000000e+00	-3.8640054665068901e+03	-2.0477845158804242	3.0349535788974449	49.5736924735354307	-0.0000057034140024	0.0000014082036062	-0.9999999999827440	2.2016853269975017e-03	3.1721318827586851e-03	-8.0901153554080452e-09	3.8613260624810884e-03	1	trigger_top
448	0.2238887142620378	retry_displacement	-1	451	594	641	220	24	641	0	2	2	220	2	-1.5286352319733909e-01	1.0000000000000000e+00	-3.8215880799334773e+03	1.3530785780645758	-0.6871809214860676	49.5758034178111942	-0.0000057034140024	0.0000014082036062	-0.9999999999827440	2.0439976258815134e-03	5.4486845858041171e-04	-1.0890478935321468e-08	2.1153741824754455e-03	1	top_other
448	0.2238887142620378	retry_displacement	-1	451	594	641	221	24	641	0	2	2	221	2	-1.5229806417878566e-01	1.0000000000000000e+00	-3.8074516044696416e+03	0.6583412472511995	1.0132230757349519	49.5754436079641181	-0.0000057034140024	0.0000014082036062	-0.9999999999827440	2.5915668634591883e-03	1.7781838247996787e-03	-1.2276733879490465e-08	3.1429534712925080e-03	1	top_other
448	0.2238887142620378	retry_displacement	-1	451	594	641	222	26	641	0	2	2	222	2	-1.5290568125016610e-01	1.0000000000000000e+00	-3.8226420312541522e+03	2.8801138988076844	-1.4755491482612868	49.5758325049991981	-0.0000057034140024	0.0000014082036062	-0.9999999999827440	2.4840025618519173e-03	-4.8167706846636850e-04	-1.4845594392687289e-08	2.5302730140824002e-03	1	top_other
448	0.2238887142620378	retry_displacement	-1	451	594	641	223	26	641	0	2	2	223	2	-1.5295022652083237e-01	1.0000000000000000e+00	-3.8237556630208092e+03	1.3530599876717999	-0.6871551022224068	49.5758630432109086	-0.0000057034140024	0.0000014082036062	-0.9999999999827440	2.0814213499391393e-03	5.0889919969588780e-04	-1.1154573958949143e-08	2.1427303217059325e-03	1	top_other
448	0.2238887142620378	retry_displacement	-1	451	594	641	224	30	641	0	2	2	224	2	-1.5303039049265549e-01	1.0000000000000000e+00	-3.8257597623163874e+03	2.6577581553433718	0.6215408501910431	49.5760276042799717	-0.0000057034140024	0.0000014082036062	-0.9999999999827440	3.3585519076478219e-03	7.8543676555528521e-04	-1.8049157057831167e-08	3.4491711800629064e-03	1	top_other
448	0.2238887142620378	retry_displacement	-1	451	594	641	225	30	641	0	2	2	225	2	-1.5265259571741832e-01	1.0000000000000000e+00	-3.8163148929354579e+03	1.3530819483005772	-0.6871780889781703	49.5755312038948119	-0.0000057034140024	0.0000014082036062	-0.9999999999827440	2.1002407828365397e-03	5.9371724308006238e-04	-1.1142467920555177e-08	2.1825470237189820e-03	1	top_other
448	0.2238887142620378	retry_displacement	-1	451	594	641	226	30	641	0	2	2	226	2	-1.5220621011611860e-01	1.0000000000000000e+00	-3.8051552529029650e+03	0.6583015331268556	1.0132172305984639	49.5753461773122126	-0.0000057034140024	0.0000014082036062	-0.9999999999827440	2.6071928016080559e-03	1.8021743542113258e-03	-1.2332071530618549e-08	3.1694300288673282e-03	1	top_other
448	0.2238887142620378	retry_displacement	-1	451	594	641	227	34	641	0	2	2	227	2	-1.5276154573058306e-01	1.0000000000000000e+00	-3.8190386432645764e+03	2.8801577201074182	-1.4755736432823512	49.5756545079336277	-0.0000057034140024	0.0000014082036062	-0.9999999999827440	2.5221935403014059e-03	-4.5520465148239485e-04	-1.5026134808637792e-08	2.5629419676799418e-03	1	top_other
448	0.2238887142620378	retry_displacement	-1	451	594	641	228	34	641	0	2	2	228	2	-1.5270664881945947e-01	1.0000000000000000e+00	-3.8176662204864870e+03	1.3530610901566291	-0.6871434247240871	49.5755751838406837	-0.0000057034140024	0.0000014082036062	-0.9999999999827440	2.1204313464815356e-03	5.7532007165410348e-04	-1.1283530054750912e-08	2.1970940535436575e-03	1	top_other
448	0.2238887142620378	retry_displacement	-1	451	594	641	229	34	641	0	2	2	229	2	-1.5303996844748036e-01	1.0000000000000000e+00	-3.8259992111870088e+03	2.6577301474306481	0.6215866696869028	49.5759387392833446	-0.0000057034140024	0.0000014082036062	-0.9999999999827440	3.3660451490621799e-03	7.4172056384561578e-04	-1.8153455433322918e-08	3.4467969683005758e-03	1	top_other
448	0.2238887142620378	retry_displacement	-1	451	594	641	230	44	641	0	2	2	230	2	-1.5319912075368461e-01	1.0000000000000000e+00	-3.8299780188421150e+03	2.8801686379100060	-1.4756279590021364	49.5762828860502935	-0.0000057034140024	0.0000014082036062	-0.9999999999827440	2.5345391045939422e-03	-5.5761226627483982e-04	-1.5240757461620902e-08	2.5951531578017328e-03	1	top_other
448	0.2238887142620378	retry_displacement	-1	451	594	641	231	50	641	0	2	2	231	2	-1.5475268816704230e-01	1.0000000000000000e+00	-3.8688172041760572e+03	-0.4383048082565281	-3.5697167429266203	49.5758040945951137	-0.0000057034140024	0.0000014082036062	-0.9999999999827440	3.9556029120830231e-05	-8.5626722800319119e-05	-3.4618430344579565e-10	9.4321869666851412e-05	1	top_other
448	0.2238887142620378	retry_displacement	-1	451	594	641	232	50	641	0	2	2	232	2	-1.5395452389446890e-01	1.0000000000000000e+00	-3.8488630973617223e+03	-1.5778847284269191	-2.2264874818077560	49.5752771428972068	-0.0000057034140024	0.0000014082036062	-0.9999999999827440	2.7109862825956405e-04	9.2196247635770666e-04	-2.4787683017279960e-10	9.6099389907320103e-04	1	top_other
448	0.2238887142620378	retry_displacement	-1	451	594	641	233	57	641	0	2	2	233	2	-1.5259292231020044e-01	1.0000000000000000e+00	-3.8148230577550112e+03	1.5967992903909376	2.7032724163508219	49.5764442871596458	-0.0000057034140024	0.0000014082036062	-0.9999999999827440	3.7405256115238005e-03	2.4160991852618312e-03	-1.7931406554039242e-08	4.4529840695661516e-03	1	top_other
448	0.2238887142620378	retry_displacement	-1	451	594	641	234	64	641	0	2	2	234	2	-1.5254124121725479e-01	1.0000000000000000e+00	-3.8135310304313698e+03	0.6582693240538944	1.0131990740588321	49.5757971716552746	-0.0000057034140024	0.0000014082036062	-0.9999999999827440	2.5306043683692224e-03	1.8776630918676488e-03	-1.1788952480884518e-08	3.1511231578455244e-03	1	top_other
448	0.2238887142620378	retry_displacement	-1	451	594	641	235	64	641	0	2	2	235	2	-1.5228028128420637e-01	1.0000000000000000e+00	-3.8070070321051594e+03	1.5968010455135002	2.7031913549536766	49.5759951868543851	-0.0000057034140024	0.0000014082036062	-0.9999999999827440	3.7313090052491643e-03	2.3178535347447345e-03	-1.8017190323016408e-08	4.3926201635819586e-03	1	top_other
448	0.2238887142620378	retry_displacement	-1	451	594	641	236	67	641	0	2	2	236	2	-1.5259287219993981e-01	1.0000000000000000e+00	-3.8148218049984953e+03	0.6583031527992332	1.0132517103198935	49.5758351360749785	-0.0000057034140024	0.0000014082036062	-0.9999999999827440	2.5075040096787229e-03	1.8298256556511668e-03	-1.1724566373327860e-08	3.1041646684368341e-03	1	top_other
448	0.2238887142620378	retry_displacement	-1	451	594	641	237	76	641	0	2	2	237	2	-1.5324985068787420e-01	1.0000000000000000e+00	-3.8312462671968547e+03	2.8801591005458604	-1.4755557253023937	49.5762480829676591	-0.0000057034140024	0.0000014082036062	-0.9999999999827440	2.5249690050926630e-03	-5.3708712185109226e-04	-1.5157271604504530e-08	2.5814590938782402e-03	1	top_other
448	0.2238887142620378	retry_displacement	-1	451	594	641	238	78	641	0	2	2	238	2	-1.5449282913631054e-01	1.0000000000000000e+00	-3.8623207284077635e+03	-1.5779325358585723	-2.2265414277137254	49.5760340408395876	-0.0000057034140024	0.0000014082036062	-0.9999999999827440	1.8234397080871763e-04	8.9193844718810512e-04	2.1604779076866976e-10	9.1038646588284988e-04	1	top_other
448	0.2238887142620378	retry_displacement	-1	451	594	641	239	80	641	0	2	2	239	2	-1.5270242593998387e-01	1.0000000000000000e+00	-3.8175606484995969e+03	1.5967960508994339	2.7032017934173851	49.5764592878304526	-0.0000057034140024	0.0000014082036062	-0.9999999999827440	3.7478697544438156e-03	2.3845968198549349e-03	-1.8017654979107789e-08	4.4421649777852297e-03	1	top_other
448	0.2238887142620378	retry_displacement	-1	451	594	641	240	82	641	0	2	2	240	2	-1.5301921418420669e-01	1.0000000000000000e+00	-3.8254803546051671e+03	2.6577492667403662	0.6214913908442270	49.5760780871011733	-0.0000057034140024	0.0000014082036062	-0.9999999999827440	3.3647914244009348e-03	8.3131657315398155e-04	-1.8020135522656133e-08	3.4659643066320342e-03	1	top_other
448	0.2238887142620378	retry_displacement	-1	451	594	641	241	82	641	0	2	2	241	2	-1.5227028888521393e-01	1.0000000000000000e+00	-3.8067572221303485e+03	0.6582850821743407	1.0131794219295998	49.5754801714190094	-0.0000057034140024	0.0000014082036062	-0.9999999999827440	2.5987467040971242e-03	1.8363691665124200e-03	-1.2235746665867353e-08	3.1820961877232594e-03	1	top_other
448	0.2238887142620378	retry_displacement	-1	451	594	641	242	82	641	0	2	2	242	2	-1.5209848098453857e-01	1.0000000000000000e+00	-3.8024620246134641e+03	1.5968345617739232	2.7032264118944553	49.5758030756906720	-0.0000057034140024	0.0000014082036062	-0.9999999999827440	3.7959384117580521e-03	2.3099138325144790e-03	-1.8396979301060767e-08	4.4435177888515779e-03	1	top_other
448	0.2238887142620378	retry_displacement	-1	451	594	641	243	84	641	0	2	2	243	2	-1.5289499705382997e-01	1.0000000000000000e+00	-3.8223749263457494e+03	2.8801573238874809	-1.4755941409683815	49.5758897188460281	-0.0000057034140024	0.0000014082036062	-0.9999999999827440	2.5590269046404357e-03	-4.7139121811830612e-04	-1.5259004726431158e-08	2.6020815474203547e-03	1	top_other
448	0.2238887142620378	retry_displacement	-1	451	594	641	244	84	641	0	2	2	244	2	-1.5293702530671369e-01	1.0000000000000000e+00	-3.8234256326678424e+03	2.6576677905694210	0.6215928433590875	49.5757713450812929	-0.0000057034140024	0.0000014082036062	-0.9999999999827440	3.3778266940510540e-03	7.5381653399187419e-04	-1.8203616891643293e-08	3.4609178756934938e-03	1	top_other
448	0.2238887142620378	retry_displacement	-1	451	594	641	245	88	641	0	2	2	245	2	-1.5298942746319880e-01	1.0000000000000000e+00	-3.8247356865799698e+03	2.6576646709511023	0.6214772373726234	49.5759562375681497	-0.0000057034140024	0.0000014082036062	-0.9999999999827440	3.3904787765161102e-03	8.5939959439049283e-04	-1.8127094519870823e-08	3.4977012446996262e-03	1	top_other
448	0.2238887142620378	retry_displacement	-1	451	594	641	246	91	641	0	2	2	246	2	-1.5293221089131914e-01	1.0000000000000000e+00	-3.8233052722829784e+03	2.6576947981753918	0.6214521123967003	49.5759677375432233	-0.0000057034140024	0.0000014082036062	-0.9999999999827440	3.3680050254003028e-03	8.7043503946241383e-04	-1.7983377231800546e-08	3.4786656938212718e-03	1	top_other
448	0.2238887142620378	retry_displacement	-1	451	594	641	247	91	641	0	2	2	247	2	-1.5222479387269203e-01	1.0000000000000000e+00	-3.8056198468173006e+03	1.5968328611954221	2.7032118726064924	49.5760237215506834	-0.0000057034140024	0.0000014082036062	-0.9999999999827440	3.8269419405273473e-03	2.3357491832109037e-03	-1.8537423818187904e-08	4.4834371706739973e-03	1	top_other
448	0.2238887142620378	retry_displacement	-1	451	594	641	248	92	641	0	2	2	248	2	-1.5298237439090318e-01	1.0000000000000000e+00	-3.8245593597725792e+03	2.6576571682715029	0.6215627127527213	49.5758210916915445	-0.0000057034140024	0.0000014082036062	-0.9999999999827440	3.3903221273876212e-03	7.7557664694154107e-04	-1.8244240840292747e-08	3.4779021353494206e-03	1	top_other
448	0.2238887142620378	retry_displacement	-1	451	594	641	249	97	641	0	2	2	249	2	-1.5473926906317767e-01	1.0000000000000000e+00	-3.8684817265794418e+03	-0.4383581054780749	-3.5696712899694534	49.5757695124148583	-0.0000057034140024	0.0000014082036062	-0.9999999999827440	6.7765845879762230e-05	-5.4439387845715964e-05	-4.6315842827659992e-10	8.6924431646289712e-05	1	top_other
448	0.2238887142620378	retry_displacement	-1	451	594	641	250	98	641	0	2	2	250	2	-1.5427901292640270e-01	1.0000000000000000e+00	-3.8569753231600675e+03	-1.5779672200643220	-2.2264904665217600	49.5756906156025536	-0.0000057034140024	0.0000014082036062	-0.9999999999827440	1.9820217815431682e-04	8.8634659219724620e-04	1.1772738339743682e-10	9.0823696518298625e-04	1	top_other
448	0.2238887142620378	retry_displacement	-1	451	594	641	251	107	641	0	2	2	251	2	-1.5567758155859757e-01	1.0000000000000000e+00	-3.8919395389649389e+03	-3.2379906636259266	-1.6371031548746557	49.5755431526612256	-0.0000057034140024	0.0000014082036062	-0.9999999999827440	-2.3087022500484889e-04	1.8050110964673944e-03	3.8585715733674419e-09	1.8197159446405652e-03	1	top_other
448	0.2238887142620378	retry_displacement	-1	451	594	641	252	107	641	0	2	2	252	2	-1.5379278497746973e-01	1.0000000000000000e+00	-3.8448196244367432e+03	-1.5779746056587911	-2.2264423774651179	49.5750218422962377	-0.0000057034140024	0.0000014082036062	-0.9999999999827440	1.2176741239225284e-04	9.8245209863264110e-04	6.8900263272553275e-10	9.8996940802676347e-04	1	top_other
448	0.2238887142620378	retry_displacement	-1	451	594	641	253	118	641	0	2	2	253	2	-1.5399654741289637e-01	1.0000000000000000e+00	-3.8499136853224090e+03	0.9896876017349043	-2.5382763176038905	49.5762759459887903	-0.0000057034140024	0.0000014082036062	-0.9999999999827440	1.0892201915035332e-03	-1.0929623862976134e-04	-6.3661850790985852e-09	1.0946900444409530e-03	1	top_other
448	0.2238887142620378	retry_displacement	-1	451	594	641	254	118	641	0	2	2	254	2	-1.5452155819196833e-01	1.0000000000000000e+00	-3.8630389547992081e+03	-0.4382897969065013	-3.5696135708990298	49.5753839037918169	-0.0000057034140024	0.0000014082036062	-0.9999999999827440	1.3391680135131195e-04	-2.1167934077623401e-05	-7.9359169236070670e-10	1.3557946421900017e-04	1	top_other
448	0.2238887142620378	retry_displacement	-1	451	594	641	255	127	641	0	2	2	255	2	-1.5297648701965477e-01	1.0000000000000000e+00	-3.8244121754913695e+03	-0.4394873743341705	-0.5051612638021311	49.5756037864505785	-0.0000057034140024	0.0000014082036062	-0.9999999999827440	1.4239783771501655e-03	1.3856561201105266e-03	-6.1702522813344984e-09	1.9868963993698936e-03	1	top_other
448	0.2238887142620378	retry_displacement	-1	451	594	641	256	127	641	0	2	2	256	2	-1.5217734346571987e-01	1.0000000000000000e+00	-3.8044335866429969e+03	0.6583398336844496	1.0131953855237583	49.5751535386258197	-0.0000057034140024	0.0000014082036062	-0.9999999999827440	2.5556322034662993e-03	1.7328444876448645e-03	-1.2135630639287243e-08	3.0877185716807931e-03	1	top_other
448	0.2238887142620378	retry_displacement	-1	451	594	641	257	127	641	0	2	2	257	2	-1.5287671052863169e-01	1.0000000000000000e+00	-3.8219177632157925e+03	1.3531020417592714	-0.6871462830838453	49.5756800854833415	-0.0000057034140024	0.0000014082036062	-0.9999999999827440	2.0400525681499486e-03	5.6641534675236848e-04	-1.0837636260641048e-08	2.1172247934428839e-03	1	top_other
448	0.2238887142620378	retry_displacement	-1	451	594	641	258	129	641	0	2	2	258	2	-1.5353405385565727e-01	1.0000000000000000e+00	-3.8383513463914319e+03	-1.3906541212089607	1.3598612488014994	49.5753311696512924	-0.0000057034140024	0.0000014082036062	-0.9999999999827440	1.7545209609675604e-03	2.7626446873181601e-03	-6.1163931974750341e-09	3.2726975831688446e-03	1	top_other
448	0.2238887142620378	retry_displacement	-1	451	594	641	259	139	641	0	2	2	259	2	-1.5345597436528227e-01	1.0000000000000000e+00	-3.8363993591320568e+03	-1.3906760649655197	1.3598960008476211	49.5753333720411220	-0.0000057034140024	0.0000014082036062	-0.9999999999827440	1.7879019814566433e-03	2.7369852142577131e-03	-6.3429127505898464e-09	3.2692019757736236e-03	1	top_other
448	0.2238887142620378	retry_displacement	-1	451	594	641	260	139	641	0	2	2	260	2	-1.5271281703326725e-01	1.0000000000000000e+00	-3.8178204258316814e+03	-0.4395110504831521	-0.5051425055276895	49.5755137813346280	-0.0000057034140024	0.0000014082036062	-0.9999999999827440	1.2798046287598240e-03	1.4267555546127106e-03	-5.2900933356081481e-09	1.9166458463788451e-03	1	top_other
448	0.2238887142620378	retry_displacement	-1	451	594	641	261	144	641	0	2	2	261	2	-1.5291697427558923e-01	1.0000000000000000e+00	-3.8229243568897309e+03	-0.4394704498887748	-0.5051881544595261	49.5756720003128777	-0.0000057034140024	0.0000014082036062	-0.9999999999827440	1.4043296155625148e-03	1.3640918186774971e-03	-6.0885541885991046e-09	1.9577763301679568e-03	1	top_other
448	0.2238887142620378	retry_displacement	-1	451	594	641	262	144	641	0	2	2	262	2	-1.5244506081738662e-01	1.0000000000000000e+00	-3.8111265204346655e+03	0.6583193552930069	1.0132574153814091	49.5755972009173433	-0.0000057034140024	0.0000014082036062	-0.9999999999827440	2.4927992031942145e-03	1.8092073111525160e-03	-1.1669733596120224e-08	3.0801426853815737e-03	1	top_other
448	0.2238887142620378	retry_displacement	-1	451	594	641	263	166	641	0	2	2	263	2	-1.5324087817354920e-01	1.0000000000000000e+00	-3.8310219543387302e+03	-0.3909259853361860	2.9694128506941921	49.5752864111691380	-0.0000057034140024	0.0000014082036062	-0.9999999999827440	2.9927942453283002e-03	2.8899211186829369e-03	-1.2999547299719083e-08	4.1603439121362090e-03	1	top_other
448	0.2238887142620378	retry_displacement	-1	451	594	641	264	168	641	0	2	2	264	2	-1.5415881546075602e-01	1.0000000000000000e+00	-3.8539703865189003e+03	-1.5779464040443387	-2.2265463373072807	49.5754854942956840	-0.0000057034140024	0.0000014082036062	-0.9999999999827440	1.1405621004312822e-04	8.8938028530839795e-04	6.0191873707537979e-10	8.9666387846562209e-04	1	top_other
448	0.2238887142620378	retry_displacement	-1	451	594	641	265	173	641	0	2	2	265	2	-1.5311052768719763e-01	1.0000000000000000e+00	-3.8277631921799407e+03	-0.4394496764521151	-0.5051870963505408	49.5759599888435147	-0.0000057034140024	0.0000014082036062	-0.9999999999827440	1.3835104128952535e-03	1.3459364353402955e-03	-5.9953801367917947e-09	1.9301932417771235e-03	1	top_other
448	0.2238887142620378	retry_displacement	-1	451	594	641	266	189	641	0	2	2	266	2	-1.5341349588335212e-01	1.0000000000000000e+00	-3.8353373970838029e+03	-1.3907119223002227	1.3598702001867551	49.5752219618602652	-0.0000057034140024	0.0000014082036062	-0.9999999999827440	1.7941263478330419e-03	2.7372726062683947e-03	-6.3780081771547259e-09	3.2728505424257886e-03	1	top_other
448	0.2238887142620378	retry_displacement	-1	451	594	641	267	189	641	0	2	2	267	2	-1.5250381677958480e-01	1.0000000000000000e+00	-3.8125954194896199e+03	0.6583486309990988	1.0132163223114774	49.5756078335437422	-0.0000057034140024	0.0000014082036062	-0.9999999999827440	2.4836486479711977e-03	1.7835163107472838e-03	-1.1653722375992714e-08	3.0576855687605570e-03	1	top_other
448	0.2238887142620378	retry_displacement	-1	451	594	641	268	189	641	0	2	2	268	2	-1.5257570858568792e-01	1.0000000000000000e+00	-3.8143927146421979e+03	-0.4395013096978587	-0.5051418661578836	49.5752312256525869	-0.0000057034140024	0.0000014082036062	-0.9999999999827440	1.3208523671515893e-03	1.4497178187043447e-03	-5.4918700143069543e-09	1.9612069573884854e-03	1	top_other
448	0.2238887142620378	retry_displacement	-1	451	594	641	269	192	641	0	2	2	269	2	-1.5378066790333741e-01	1.0000000000000000e+00	-3.8445166975834354e+03	0.9896726051666362	-2.5382700000327376	49.5761331419280609	-0.0000057034140024	0.0000014082036062	-0.9999999999827440	1.1705902640574155e-03	-3.2184678161513852e-05	-6.7216834875871712e-09	1.1710326297159916e-03	1	top_other
448	0.2238887142620378	retry_displacement	-1	451	594	641	270	192	641	0	2	2	270	2	-1.5301255671073380e-01	1.0000000000000000e+00	-3.8253139177683452e+03	2.8801392952178801	-1.4755949577903791	49.5759460277958937	-0.0000057034140024	0.0000014082036062	-0.9999999999827440	2.4881945390527339e-03	-5.8442281201583578e-04	-1.5014189919115850e-08	2.5559072924505239e-03	1	top_other
448	0.2238887142620378	retry_displacement	-1	451	594	641	271	193	641	0	2	2	271	2	-1.5294533443456843e-01	1.0000000000000000e+00	-3.8236333608642108e+03	1.3530956590454550	-0.6871296386330030	49.5757071555743067	-0.0000057034140024	0.0000014082036062	-0.9999999999827440	2.1090969353684402e-03	4.9513209491064024e-04	-1.1331806187842020e-08	2.1664361689926514e-03	1	top_other
448	0.2238887142620378	retry_displacement	-1	451	594	641	272	193	641	0	2	2	272	2	-1.5278399663491168e-01	1.0000000000000000e+00	-3.8195999158727923e+03	2.8800814223828342	-1.4755517202200834	49.5755274665826704	-0.0000057034140024	0.0000014082036062	-0.9999999999827440	2.4465801784246200e-03	-5.2367080566437089e-04	-1.4691294791813192e-08	2.5019963394020484e-03	1	top_other
448	0.2238887142620378	retry_displacement	-1	451	594	641	273	193	641	0	2	2	273	2	-1.5379412824558994e-01	1.0000000000000000e+00	-3.8448532061397486e+03	0.9896868639207625	-2.5382914465351121	49.5760149535098904	-0.0000057034140024	0.0000014082036062	-0.9999999999827440	1.1756176254023745e-03	-3.1482777160614828e-05	-6.7493682032182534e-09	1.1760391007360328e-03	1	top_other
448	0.2238887142620378	retry_displacement	-1	451	594	641	274	196	641	0	2	2	274	2	-1.5238396024071166e-01	1.0000000000000000e+00	-3.8095990060177915e+03	1.5967611715708969	2.7032251107588179	49.5760604311652813	-0.0000057034140024	0.0000014082036062	-0.9999999999827440	3.6915150453279773e-03	2.3640266263060053e-03	-1.7725207773766627e-08	4.3835950109562755e-03	1	top_other
448	0.2238887142620378	retry_displacement	-1	451	594	641	275	196	641	0	2	2	275	2	-1.5311322807664293e-01	1.0000000000000000e+00	-3.8278307019160734e+03	-0.3909595232246502	2.9694224721222513	49.5751796785953189	-0.0000057034140024	0.0000014082036062	-0.9999999999827440	3.0019599887979053e-03	2.9051304007973212e-03	-1.3030405532354905e-08	4.1775048079146617e-03	1	top_other
448	0.2238887142620378	retry_displacement	-1	451	594	641	276	197	641	0	2	2	276	2	-1.5399966161309964e-01	1.0000000000000000e+00	-3.8499915403274908e+03	0.9896638270723415	-2.5382725990651238	49.5763720506403800	-0.0000057034140024	0.0000014082036062	-0.9999999999827440	1.1311901894605801e-03	-7.5967907434597813e-05	-6.5586242548043572e-09	1.1337382271648382e-03	1	top_other
448	0.2238887142620378	retry_displacement	-1	451	594	641	277	199	641	0	2	2	277	2	-1.5299666041989468e-01	1.0000000000000000e+00	-3.8249165104973672e+03	2.6576495685956916	0.6215272219407509	49.5758814349064920	-0.0000057034140024	0.0000014082036062	-0.9999999999827440	3.3867708941605116e-03	8.2370674890368321e-04	-1.8156209702357984e-08	3.4854999495125393e-03	1	top_other
448	0.2238887142620378	retry_displacement	-1	451	594	641	278	204	641	0	2	2	278	2	-1.5281021760042116e-01	1.0000000000000000e+00	-3.8202554400105287e+03	-0.3909257837381190	2.9695250093216528	49.5745059383474711	-0.0000057034140024	0.0000014082036062	-0.9999999999827440	2.9278047107209782e-03	2.7824338347274009e-03	-1.2780248997978916e-08	4.0390566310611583e-03	1	top_other
448	0.2238887142620378	retry_displacement	-1	451	594	641	279	204	641	0	2	2	279	2	-1.5473955946603030e-01	1.0000000000000000e+00	-3.8684889866507574e+03	-2.0477803028636132	3.0348360064668425	49.5745623593901570	-0.0000057034140024	0.0000014082036062	-0.9999999999827440	2.1737932674181564e-03	3.1904889791493237e-03	-7.9051848955735693e-09	3.8606472379133904e-03	1	top_other
448	0.2238887142620378	retry_displacement	-1	451	594	641	280	222	641	0	2	2	280	2	-1.5325449503499927e-01	1.0000000000000000e+00	-3.8313623758749818e+03	-0.3908371897467262	2.9694315356773315	49.5752292801695091	-0.0000057034140024	0.0000014082036062	-0.9999999999827440	2.9922454495304963e-03	2.8368911027682095e-03	-1.3071094318028997e-08	4.1232855781975913e-03	1	top_other
448	0.2238887142620378	retry_displacement	-1	451	594	641	281	224	641	0	2	2	281	2	-1.5448596621721344e-01	1.0000000000000000e+00	-3.8621491554303361e+03	-0.4382104796772708	-3.5695876791775802	49.5752561282277071	-0.0000057034140024	0.0000014082036062	-0.9999999999827440	1.3740806825850399e-04	-2.0282915742875396e-05	-8.1225753900682207e-10	1.3889699022738412e-04	1	top_other
448	0.2238887142620378	retry_displacement	-1	451	594	641	282	224	641	0	2	2	282	2	-1.5398066765197044e-01	1.0000000000000000e+00	-3.8495166912992609e+03	-1.5779030560250091	-2.2264824853001555	49.5751815137661751	-0.0000057034140024	0.0000014082036062	-0.9999999999827440	2.6829005919812960e-04	9.2370736737438152e-04	-2.2940124799752937e-10	9.6188089512491053e-04	1	top_other
448	0.2238887142620378	retry_displacement	-1	451	594	641	283	224	641	0	2	2	283	2	-1.5404589697713258e-01	1.0000000000000000e+00	-3.8511474244283145e+03	0.9897243712132351	-2.5383041519775515	49.5762171583893192	-0.0000057034140024	0.0000014082036062	-0.9999999999827440	1.0812211798672308e-03	-1.1605631345669666e-04	-6.3300829300505512e-09	1.0874319784366815e-03	1	top_other
448	0.2238887142620378	retry_displacement	-1	451	594	641	284	234	641	0	2	2	284	2	-1.5557817875407107e-01	1.0000000000000000e+00	-3.8894544688517767e+03	-3.2379385097575621	-1.6371350256113373	49.5753548533840558	-0.0000057034140024	0.0000014082036062	-0.9999999999827440	-2.3425017088030204e-04	1.8340851862732319e-03	3.9187910971794082e-09	1.8489839407306175e-03	1	top_other
448	0.2238887142620378	retry_displacement	-1	451	594	641	285	240	641	0	2	2	285	2	-1.5478518203429664e-01	1.0000000000000000e+00	-3.8696295508574162e+03	-2.7798093846409317	0.0637938283111865	49.5753629221693330	-0.0000057034140024	0.0000014082036062	-0.9999999999827440	7.3749654153767454e-04	2.3881970120146587e-03	-8.4318044213382848e-10	2.4994771687247884e-03	1	top_other
448	0.2238887142620378	retry_displacement	-1	451	594	641	286	240	641	0	2	2	286	2	-1.5533768662457881e-01	1.0000000000000000e+00	-3.8834421656144700e+03	-3.2378962073552389	-1.6370815693729170	49.5749816293981524	-0.0000057034140024	0.0000014082036062	-0.9999999999827440	-2.2372199113204633e-04	1.8926772357766833e-03	3.9412540453476197e-09	1.9058537845697626e-03	1	top_other
448	0.2238887142620378	retry_displacement	-1	451	594	641	287	252	641	0	2	2	287	2	-1.5299261701591860e-01	1.0000000000000000e+00	-3.8248154253979651e+03	-0.4394191080550812	-0.5051491580759901	49.5758195467474536	-0.0000057034140024	0.0000014082036062	-0.9999999999827440	1.3828148344779546e-03	1.3052180744645373e-03	-6.0487526931662927e-09	1.9015181009913618e-03	1	top_other
448	0.2238887142620378	retry_displacement	-1	451	594	641	288	252	641	0	2	2	288	2	-1.5399134368502637e-01	1.0000000000000000e+00	-3.8497835921256592e+03	-1.5779103364068263	-2.2264726150424194	49.5754846581598514	-0.0000057034140024	0.0000014082036062	-0.9999999999827440	2.2774920992818870e-04	1.0233435047509499e-03	1.4212797605495098e-10	1.0483804802355354e-03	1	top_other
448	0.2238887142620378	retry_displacement	-1	451	594	641	289	269	641	0	2	2	289	2	-1.5500629908744723e-01	1.0000000000000000e+00	-3.8751574771861806e+03	-2.7799033120612835	0.0638595849014834	49.5756594843556968	-0.0000057034140024	0.0000014082036062	-0.9999999999827440	7.0878263720686510e-04	2.4042323439858204e-03	-6.5683217198575505e-10	2.5065326629976122e-03	1	top_other
448	0.2238887142620378	retry_displacement	-1	451	594	641	290	269	641	0	2	2	290	2	-1.5376601705077014e-01	1.0000000000000000e+00	-3.8441504262692538e+03	-1.5779487804835539	-2.2264691491399717	49.5749703940533735	-0.0000057034140024	0.0000014082036062	-0.9999999999827440	1.2817928680926928e-04	1.0032110628169257e-03	6.8166589040075110e-10	1.0113665834531331e-03	1	top_other
448	0.2238887142620378	retry_displacement	-1	451	594	641	291	269	641	0	2	2	291	2	-1.5542706337817652e-01	1.0000000000000000e+00	-3.8856765844544129e+03	-3.2379492606003524	-1.6370271955554059	49.5750904022688204	-0.0000057034140024	0.0000014082036062	-0.9999999999827440	-2.4055982260452334e-04	1.8961742805046705e-03	4.0422117320026985e-09	1.9113727868511846e-03	1	top_other
448	0.2238887142620378	retry_displacement	-1	451	594	641	292	295	641	0	2	2	292	2	-1.5560237688553294e-01	1.0000000000000000e+00	-3.8900594221383235e+03	-3.1933648192298349	1.7415545654209255	49.5750268282963162	-0.0000057034140024	0.0000014082036062	-0.9999999999827440	1.4373763317244576e-03	3.1314312194451483e-03	-3.7882595393945451e-09	3.4455641339455191e-03	1	top_other
448	0.2238887142620378	retry_displacement	-1	451	594	641	293	295	641	0	2	2	293	2	-1.5424104159868582e-01	1.0000000000000000e+00	-3.8560260399671456e+03	-2.7798979557292043	0.0639363472609944	49.5744718007603922	-0.0000057034140024	0.0000014082036062	-0.9999999999827440	7.7818418125029354e-04	2.5464910731239163e-03	-8.5232865210116415e-10	2.6627405817031278e-03	1	top_other
448	0.2238887142620378	retry_displacement	-1	451	594	641	294	299	641	0	2	2	294	2	-1.5455650867419651e-01	1.0000000000000000e+00	-3.8639127168549130e+03	-2.0478187304125202	3.0349291973660981	49.5741101851878128	-0.0000057034140024	0.0000014082036062	-0.9999999999827440	2.1873441648099135e-03	3.2723674313803789e-03	-7.8671697489873793e-09	3.9360974456114379e-03	1	top_other
448	0.2238887142620378	retry_displacement	-1	451	594	641	295	299	641	0	2	2	295	2	-1.5277779078243825e-01	1.0000000000000000e+00	-3.8194447695609560e+03	-0.3909184380258878	2.9695642649729379	49.5743905604434474	-0.0000057034140024	0.0000014082036062	-0.9999999999827440	3.0003759742319850e-03	2.8131743205442711e-03	-1.3150864092148495e-08	4.1129315268663546e-03	1	top_other
448	0.2238887142620378	retry_displacement	-1	451	594	641	296	313	641	0	2	2	296	2	-1.5306472754529551e-01	1.0000000000000000e+00	-3.8266181886323880e+03	-0.3908941869661433	2.9694745117985404	49.5749585810188691	-0.0000057034140024	0.0000014082036062	-0.9999999999827440	2.9877117214085155e-03	2.8927463811474806e-03	-1.2966580975604103e-08	4.1586539836889307e-03	1	top_other
448	0.2238887142620378	retry_displacement	-1	451	594	641	297	313	641	0	2	2	297	2	-1.5242456581536135e-01	1.0000000000000000e+00	-3.8106141453840337e+03	0.6583287634931096	1.0131830396880617	49.5755429960442342	-0.0000057034140024	0.0000014082036062	-0.9999999999827440	2.5068762777013739e-03	1.8158883467351474e-03	-1.1740612732014100e-08	3.0954610576856313e-03	1	top_other
448	0.2238887142620378	retry_displacement	-1	451	594	641	298	313	641	0	2	2	298	2	-1.5330957641775061e-01	1.0000000000000000e+00	-3.8327394104437653e+03	-1.3907347610942467	1.3598494118514579	49.5750235301295064	-0.0000057034140024	0.0000014082036062	-0.9999999999827440	1.7726149080099477e-03	2.7689209173331871e-03	-6.2107522735832532e-09	3.2877175454383164e-03	1	top_other
448	0.2238887142620378	retry_displacement	-1	451	594	641	299	317	641	0	2	2	299	2	-1.5494879890252752e-01	1.0000000000000000e+00	-3.8737199725631881e+03	-2.7799501266311055	0.0638221509068501	49.5756028953194416	-0.0000057034140024	0.0000014082036062	-0.9999999999827440	7.2735114007078298e-04	2.4741687129716462e-03	-6.6425140388126636e-10	2.5788661270431394e-03	1	top_other
448	0.2238887142620378	retry_displacement	-1	451	594	641	300	317	641	0	2	2	300	2	-1.5325302030859939e-01	1.0000000000000000e+00	-3.8313255077149847e+03	-1.3907206058459665	1.3598502414849976	49.5749467773694050	-0.0000057034140024	0.0000014082036062	-0.9999999999827440	1.7344875060132442e-03	2.6669707514474900e-03	-6.1368624904023505e-09	3.1813801875334069e-03	1	top_other
448	0.2238887142620378	retry_displacement	-1	451	594	641	301	317	641	0	2	2	301	2	-1.5264281896000859e-01	1.0000000000000000e+00	-3.8160704740002147e+03	-0.4394873269312868	-0.5051404918753135	49.5753637825798279	-0.0000057034140024	0.0000014082036062	-0.9999999999827440	1.2882392862808231e-03	1.3865490849649372e-03	-5.3948185363417167e-09	1.8926380593667488e-03	1	top_other
448	0.2238887142620378	retry_displacement	-1	451	594	641	302	326	641	0	2	2	302	2	-1.5661303124088252e-01	1.0000000000000000e+00	-3.9153257810220630e+03	-1.7705984644672768	4.7404655608714181	49.5756181478237963	-0.0000057034140024	0.0000014082036062	-0.9999999999827440	2.8558921234477582e-03	3.4802797561014035e-03	-1.1387392612194347e-08	4.5020514214777537e-03	1	top_other
448	0.2238887142620378	retry_displacement	-1	451	594	641	303	326	641	0	2	2	303	2	-1.5299498076285770e-01	1.0000000000000000e+00	-3.8248745190714426e+03	-0.3909570807738717	2.9695468998980501	49.5743961027022024	-0.0000057034140024	0.0000014082036062	-0.9999999999827440	2.8272904380617237e-03	2.7513476625477540e-03	-1.2250750164310986e-08	3.9450583242218772e-03	1	top_other
448	0.2238887142620378	retry_displacement	-1	451	594	641	304	326	641	0	2	2	304	2	-1.5451952784977147e-01	1.0000000000000000e+00	-3.8629881962442864e+03	-2.0477649496442565	3.0350628503976806	49.5736882253494926	-0.0000057034140024	0.0000014082036062	-0.9999999999827440	2.0599832026469331e-03	3.2845782248727838e-03	-7.1235821685888823e-09	3.8771103815272928e-03	1	top_other
448	0.2238887142620378	retry_displacement	-1	451	594	641	305	344	641	0	2	2	305	2	-1.5479817071495430e-01	1.0000000000000000e+00	-3.8699542678738576e+03	-2.7798180964756809	0.0637404889844490	49.5753608479413259	-0.0000057034140024	0.0000014082036062	-0.9999999999827440	7.5914347190899169e-04	2.4254315383678846e-03	-9.1420804260167188e-10	2.5414596117688901e-03	1	top_other
448	0.2238887142620378	retry_displacement	-1	451	594	641	306	348	641	0	2	2	306	2	-1.5331429976256511e-01	1.0000000000000000e+00	-3.8328574940641279e+03	-1.3906736094792151	1.3598390542491956	49.5749379382634956	-0.0000057034140024	0.0000014082036062	-0.9999999999827440	1.7423191844183556e-03	2.7175893600739731e-03	-6.1102485016117924e-09	3.2281524236654076e-03	1	top_other
448	0.2238887142620378	retry_displacement	-1	451	594	641	307	348	641	0	2	2	307	2	-1.5472835963499668e-01	1.0000000000000000e+00	-3.8682089908749167e+03	-2.7798618242966442	0.0637542457879576	49.5751955676250589	-0.0000057034140024	0.0000014082036062	-0.9999999999827440	7.5351093973137159e-04	2.4669327318306341e-03	-8.2364129405654296e-10	2.5794448704465245e-03	1	top_other
448	0.2238887142620378	retry_displacement	-1	451	594	641	308	359	641	0	2	2	308	2	-1.5212816034421917e-01	1.0000000000000000e+00	-3.8032040086054790e+03	1.5967691250628249	2.7031804088883051	49.5756534519807275	-0.0000057034140024	0.0000014082036062	-0.9999999999827440	3.6757394194937257e-03	2.2979489759120714e-03	-1.7728283618900775e-08	4.3349313461956583e-03	1	top_other
448	0.2238887142620378	retry_displacement	-1	451	594	641	309	359	641	0	2	2	309	2	-1.5247479733892177e-01	1.0000000000000000e+00	-3.8118699334730445e+03	0.6582909697098345	1.0131772164814634	49.5756464727066515	-0.0000057034140024	0.0000014082036062	-0.9999999999827440	2.5233595695665421e-03	1.8603729560731186e-03	-1.1771980418240346e-08	3.1350169143323390e-03	1	top_other
448	0.2238887142620378	retry_displacement	-1	451	594	641	310	359	641	0	2	2	310	2	-1.5312173129132969e-01	1.0000000000000000e+00	-3.8280432822832422e+03	-0.3909350661731892	2.9694743362390907	49.5751249320026091	-0.0000057034140024	0.0000014082036062	-0.9999999999827440	3.0016712663393577e-03	2.9240866787294626e-03	-1.3002064536138391e-08	4.1905027497973887e-03	1	top_other
448	0.2238887142620378	retry_displacement	-1	451	594	641	311	361	641	0	2	2	311	2	-1.5288549475565252e-01	1.0000000000000000e+00	-3.8221373688913131e+03	-0.3908611923155675	2.9694709371724826	49.5747908297460782	-0.0000057034140024	0.0000014082036062	-0.9999999999827440	2.9474842530662674e-03	2.7625513309762319e-03	-1.2920488234868799e-08	4.0397219308411694e-03	1	top_other
448	0.2238887142620378	retry_displacement	-1	451	594	641	312	380	641	0	2	2	312	2	-1.5267407433945790e-01	1.0000000000000000e+00	-3.8168518584864473e+03	-0.4394663432625478	-0.5050989632432987	49.5754242301001256	-0.0000057034140024	0.0000014082036062	-0.9999999999827440	1.2989232711107983e-03	1.3529123098515196e-03	-5.5031211809719593e-09	1.8755194966758504e-03	1	top_other
448	0.2238887142620378	retry_displacement	-1	451	594	641	313	380	641	0	2	2	313	2	-1.5373955717799387e-01	1.0000000000000000e+00	-3.8434889294498466e+03	-1.5779861345081101	-2.2264788354320117	49.5751001970933629	-0.0000057034140024	0.0000014082036062	-0.9999999999827440	1.4409602603048023e-04	1.0330273140144724e-03	6.3287347584761733e-10	1.0430288089109201e-03	1	top_other
448	0.2238887142620378	retry_displacement	-1	451	594	641	314	380	641	0	2	2	314	2	-1.5499854195076748e-01	1.0000000000000000e+00	-3.8749635487691871e+03	-2.7799515258138525	0.0638614471290481	49.5757460898222035	-0.0000057034140024	0.0000014082036062	-0.9999999999827440	7.1170948474702587e-04	2.4398536766963522e-03	-6.2336311112964893e-10	2.5415381866830122e-03	1	top_other
448	0.2238887142620378	retry_displacement	-1	451	594	641	315	381	641	0	2	2	315	2	-1.5305082054652089e-01	1.0000000000000000e+00	-3.8262705136630220e+03	-0.3908295973211168	2.9694114905236946	49.5748017168159549	-0.0000057034140024	0.0000014082036062	-0.9999999999827440	2.9706666720513792e-03	2.8309101701729893e-03	-1.2956444001011036e-08	4.1035244446930678e-03	1	top_other
448	0.2238887142620378	retry_displacement	-1	451	594	641	316	381	641	0	2	2	316	2	-1.5339053826730339e-01	1.0000000000000000e+00	-3.8347634566825850e+03	-1.3906936457082864	1.3598381349815327	49.5750185052068630	-0.0000057034140024	0.0000014082036062	-0.9999999999827440	1.7426224994582325e-03	2.7749546162394306e-03	-6.0311964866777146e-09	3.2767524010585479e-03	1	top_other
448	0.2238887142620378	retry_displacement	-1	451	594	641	317	386	641	0	2	2	317	2	-1.5447324241885646e-01	1.0000000000000000e+00	-3.8618310604714115e+03	-2.7798818302640895	0.0638042713957617	49.5748899222286568	-0.0000057034140024	0.0000014082036062	-0.9999999999827440	7.4382383293952650e-04	2.4915860528947481e-03	-7.3367478758967763e-10	2.6002451717922711e-03	1	top_other
448	0.2238887142620378	retry_displacement	-1	451	594	641	318	400	641	0	2	2	318	2	-1.5292831164925372e-01	1.0000000000000000e+00	-3.8232077912313430e+03	-0.4394816096310123	-0.5051332872107153	49.5755647169596827	-0.0000057034140024	0.0000014082036062	-0.9999999999827440	1.4085519643562154e-03	1.3405590175635668e-03	-6.1457749722659827e-09	1.9445094795090404e-03	1	top_other
448	0.2238887142620378	retry_displacement	-1	451	594	641	319	400	641	0	2	2	319	2	-1.5278601021011107e-01	1.0000000000000000e+00	-3.8196502552527768e+03	1.3531048177701748	-0.6871287258299603	49.5755355631977466	-0.0000057034140024	0.0000014082036062	-0.9999999999827440	2.0530188970373105e-03	5.1770294016088305e-04	-1.0980185566333844e-08	2.1172866896015954e-03	1	top_other
448	0.2238887142620378	retry_displacement	-1	451	594	641	320	400	641	0	2	2	320	2	-1.5375701561354882e-01	1.0000000000000000e+00	-3.8439253903387207e+03	0.9897129353069133	-2.5383205593124361	49.5759899886419859	-0.0000057034140024	0.0000014082036062	-0.9999999999827440	1.1395713514444005e-03	-3.8316892553908912e-05	-6.5534052073878968e-09	1.1402153521728920e-03	1	top_other
448	0.2238887142620378	retry_displacement	-1	451	594	641	321	405	641	0	2	2	321	2	-1.5379541313197986e-01	1.0000000000000000e+00	-3.8448853282994965e+03	-1.5779024054896085	-2.2265015667143557	49.5751316574937420	-0.0000057034140024	0.0000014082036062	-0.9999999999827440	2.7942105189210310e-04	9.8349682848921033e-04	-2.0869017625102515e-10	1.0224197454513817e-03	1	top_other
448	0.2238887142620378	retry_displacement	-1	451	594	641	322	405	641	0	2	2	322	2	-1.5297971317569761e-01	1.0000000000000000e+00	-3.8244928293924404e+03	-0.4394469665518486	-0.5051287585514685	49.5756756536068792	-0.0000057034140024	0.0000014082036062	-0.9999999999827440	1.3881950135341014e-03	1.3024933353514446e-03	-6.0832750781170120e-09	1.9035688283518622e-03	1	top_other
448	0.2238887142620378	retry_displacement	-1	451	594	641	323	405	641	0	2	2	323	2	-1.5386710930370526e-01	1.0000000000000000e+00	-3.8466777325926314e+03	0.9897378620758147	-2.5383132751770789	49.5761196494545260	-0.0000057034140024	0.0000014082036062	-0.9999999999827440	1.1093994043859889e-03	-5.7681038987543539e-05	-6.4085907414135335e-09	1.1108978984369984e-03	1	top_other
448	0.2238887142620378	retry_displacement	-1	451	594	641	324	412	641	0	2	2	324	2	-1.5468436999348384e-01	1.0000000000000000e+00	-3.8671092498370958e+03	-2.0477241722497626	3.0348487968397633	49.5744304889206546	-0.0000057034140024	0.0000014082036062	-0.9999999999827440	2.1404232259354060e-03	3.1557034071304012e-03	-7.7638468709562147e-09	3.8131188782882749e-03	1	top_other
448	0.2238887142620378	retry_displacement	-1	451	594	641	325	426	641	0	2	2	325	2	-1.5447423756960321e-01	1.0000000000000000e+00	-3.8618559392400803e+03	-2.0478223866820899	3.0349790244802408	49.5738830058517124	-0.0000057034140024	0.0000014082036062	-0.9999999999827440	2.0966270913360379e-03	3.2856859462755293e-03	-7.3310175152663248e-09	3.8976373994678466e-03	1	top_other
448	0.2238887142620378	retry_displacement	-1	451	594	641	326	426	641	0	2	2	326	2	-1.5653189484292260e-01	1.0000000000000000e+00	-3.9132973710730648e+03	-1.7705589920547324	4.7405290869359362	49.5755967643813875	-0.0000057034140024	0.0000014082036062	-0.9999999999827440	2.8417707793573664e-03	3.5415908890127717e-03	-1.1220514156695671e-08	4.5407628420424638e-03	1	top_other
448	0.2238887142620378	retry_displacement	-1	451	594	641	327	438	641	0	2	2	327	2	-1.5494363556378532e-01	1.0000000000000000e+00	-3.8735908890946330e+03	5.0045218694381317	0.0635796042858274	49.5772888214643785	-0.0000057034140024	0.0000014082036062	-0.9999999999827440	3.5273361604847321e-03	-5.8056409744289641e-04	-2.0935410904865392e-08	3.5747944081780630e-03	1	top_other
448	0.2238887142620378	retry_displacement	-1	451	594	641	328	438	641	0	2	2	328	2	-1.5267955836523042e-01	1.0000000000000000e+00	-3.8169889591307606e+03	2.6578908285179184	0.6215799070659941	49.5751975376240637	-0.0000057034140024	0.0000014082036062	-0.9999999999827440	3.4868149214403645e-03	7.7958882870157633e-04	-1.8788929273538812e-08	3.5729031666935081e-03	1	top_other
448	0.2238887142620378	retry_displacement	-1	451	594	641	329	455	641	0	2	2	329	2	-1.5836795853357730e-01	1.0000000000000000e+00	-3.9591989633394323e+03	-4.8531562054736685	-1.1330697054427603	49.5765568963417991	-0.0000057034140024	0.0000014082036062	-0.9999999999827440	-1.1459785616725148e-04	2.7308849495615520e-03	4.4992410352939771e-09	2.7332883631992024e-03	1	top_other
448	0.2238887142620378	retry_displacement	-1	451	594	641	330	455	641	0	2	2	330	2	-1.5469619720961064e-01	1.0000000000000000e+00	-3.8674049302402659e+03	-2.7799837072021476	0.0638121553506195	49.5748764902428647	-0.0000057034140024	0.0000014082036062	-0.9999999999827440	7.1279482342174886e-04	2.3328515526432727e-03	-7.8023401628435352e-10	2.4393181069650551e-03	1	top_other
448	0.2238887142620378	retry_displacement	-1	451	594	641	331	455	641	0	2	2	331	2	-1.5536593123538939e-01	1.0000000000000000e+00	-3.8841482808847345e+03	-3.2380662300979806	-1.6370538878125713	49.5745146851869976	-0.0000057034140024	0.0000014082036062	-0.9999999999827440	-1.8326091382636305e-04	1.8804439423570078e-03	3.6932608082906881e-09	1.8893527947149730e-03	1	top_other
448	0.2238887142620378	retry_displacement	-1	451	594	641	332	466	641	0	2	2	332	2	-1.5303326947705603e-01	1.0000000000000000e+00	-3.8258317369264009e+03	2.8801914485986329	-1.4755593904435387	49.5757109716074211	-0.0000057034140024	0.0000014082036062	-0.9999999999827440	2.4750285550952135e-03	-3.4664469144251572e-04	-1.4604258857797703e-08	2.4991856455364139e-03	1	top_other
448	0.2238887142620378	retry_displacement	-1	451	594	641	333	466	641	0	2	2	333	2	-1.5493403842097331e-01	1.0000000000000000e+00	-3.8733509605243325e+03	5.0044928890755127	0.0635541602533536	49.5771606588403131	-0.0000057034140024	0.0000014082036062	-0.9999999999827440	3.4746994670148837e-03	-5.9835505333196044e-04	-2.0660255339866040e-08	3.5258424746928579e-03	1	top_other
448	0.2238887142620378	retry_displacement	-1	451	594	641	334	466	641	0	2	2	334	2	-1.5268304530671734e-01	1.0000000000000000e+00	-3.8170761326679335e+03	2.6579198565894417	0.6215492601026014	49.5750474480288901	-0.0000057034140024	0.0000014082036062	-0.9999999999827440	3.4785858302032679e-03	7.7540099502397758e-04	-1.8747892627235530e-08	3.5639593265814097e-03	1	top_other
448	0.2238887142620378	retry_displacement	-1	451	594	641	335	469	641	0	2	2	335	2	-1.5376185597571299e-01	1.0000000000000000e+00	-3.8440463993928247e+03	0.9898001309899698	-2.5384658644755134	49.5757743223721405	-0.0000057034140024	0.0000014082036062	-0.9999999999827440	1.1896923729677756e-03	-1.5572539230203946e-04	-7.0046012323743412e-09	1.1998409645258765e-03	1	top_other
448	0.2238887142620378	retry_displacement	-1	451	594	641	336	469	641	0	2	2	336	2	-1.5585961673973889e-01	1.0000000000000000e+00	-3.8964904184934721e+03	2.8440262753920051	-4.0524154703568938	49.5778277771731410	-0.0000057034140024	0.0000014082036062	-0.9999999999827440	1.0336602236938172e-03	-1.0145677864894103e-03	-7.3241101794518926e-09	1.4483788356236143e-03	1	top_other
448	0.2238887142620378	retry_displacement	-1	451	594	641	337	470	641	0	2	2	337	2	-1.5482567766642727e-01	1.0000000000000000e+00	-3.8706419416606818e+03	4.4315552044408291	2.3877575033552305	49.5782526250803954	-0.0000057034140024	0.0000014082036062	-0.9999999999827440	4.1506438484356367e-03	5.3750580103811949e-04	-2.2915922631705499e-08	4.1853024792995984e-03	1	top_other
448	0.2238887142620378	retry_displacement	-1	451	594	641	338	470	641	0	2	2	338	2	-1.5280137394829860e-01	1.0000000000000000e+00	-3.8200343487074651e+03	2.6578633512212035	0.6216102187135633	49.5753599203220787	-0.0000057034140024	0.0000014082036062	-0.9999999999827440	3.4088309712536641e-03	8.6396510977151974e-04	-1.8225335518540220e-08	3.5166126175359257e-03	1	top_other
448	0.2238887142620378	retry_displacement	-1	451	594	641	339	472	641	0	2	2	339	2	-1.5820990832591517e-01	1.0000000000000000e+00	-3.9552477081478792e+03	-4.8532060173092830	-1.1329995931740087	49.5764213431639860	-0.0000057034140024	0.0000014082036062	-0.9999999999827440	-1.7523611400844572e-04	2.8083273865788425e-03	4.9541408753128735e-09	2.8137893321793081e-03	1	top_other
448	0.2238887142620378	retry_displacement	-1	451	594	641	340	472	641	0	2	2	340	2	-1.5542649863495753e-01	1.0000000000000000e+00	-3.8856624658739383e+03	-3.2380692068272210	-1.6371315319318669	49.5748008626321379	-0.0000057034140024	0.0000014082036062	-0.9999999999827440	-2.0361361180890592e-04	1.8475000655038822e-03	3.7629489524348969e-09	1.8586863627209611e-03	1	top_other
448	0.2238887142620378	retry_displacement	-1	451	594	641	341	473	641	0	2	2	341	2	-1.5629885661292786e-01	1.0000000000000000e+00	-3.9074714153231967e+03	0.6056929615513681	-4.9013598963487350	49.5765112440167925	-0.0000057034140024	0.0000014082036062	-0.9999999999827440	-5.3952144485780742e-05	-5.2896851468345763e-04	-4.3718392794822591e-10	5.3171282044091155e-04	1	top_other
448	0.2238887142620378	retry_displacement	-1	451	594	641	342	473	641	0	2	2	342	2	-1.5453512569422875e-01	1.0000000000000000e+00	-3.8633781423557189e+03	-0.4382845593953292	-3.5698137123404949	49.5751029831126431	-0.0000057034140024	0.0000014082036062	-0.9999999999827440	8.4953317024076124e-05	-5.3262928100907710e-05	-5.5952900646083492e-10	1.0026966432370619e-04	1	top_other
448	0.2238887142620378	retry_displacement	-1	451	594	641	343	476	641	0	2	2	343	2	-1.5385402800567702e-01	1.0000000000000000e+00	-3.8463507001419252e+03	0.9897491114718562	-2.5384670286017852	49.5757795188971429	-0.0000057034140024	0.0000014082036062	-0.9999999999827440	1.0378806826925884e-03	-2.1586745263973154e-04	-6.2234485342926860e-09	1.0600920095229147e-03	1	top_other
448	0.2238887142620378	retry_displacement	-1	451	594	641	344	476	641	0	2	2	344	2	-1.5649546575963516e-01	1.0000000000000000e+00	-3.9123866439908788e+03	0.6055924037829143	-4.9013547912450353	49.5766824680919029	-0.0000057034140024	0.0000014082036062	-0.9999999999827440	-1.5980380224053393e-04	-5.2309634279281434e-04	1.7480109026912771e-10	5.4696164312845533e-04	1	top_other
448	0.2238887142620378	retry_displacement	-1	451	594	641	345	476	641	0	2	2	345	2	-1.5450733335380287e-01	1.0000000000000000e+00	-3.8626833338450720e+03	-0.4382082536972703	-3.5697875517481363	49.5748584148167382	-0.0000057034140024	0.0000014082036062	-0.9999999999827440	1.1382118422021223e-04	-3.4897336771226359e-05	-6.9831188054259030e-10	1.1905077106639635e-04	1	top_other
448	0.2238887142620378	retry_displacement	-1	451	594	641	346	490	641	0	2	2	346	2	-1.5490687436427253e-01	1.0000000000000000e+00	-3.8726718591068134e+03	5.0045135801561926	0.0635453042978952	49.5772386892124501	-0.0000057034140024	0.0000014082036062	-0.9999999999827440	3.5141226509374807e-03	-5.2937406369906403e-04	-2.0787962823343165e-08	3.5537719265002457e-03	1	top_other
448	0.2238887142620378	retry_displacement	-1	451	594	641	347	490	641	0	2	2	347	2	-1.5264816724268804e-01	1.0000000000000000e+00	-3.8162041810672008e+03	2.6578885576074738	0.6215373520458627	49.5752110266888550	-0.0000057034140024	0.0000014082036062	-0.9999999999827440	3.4788008532270691e-03	8.0068860717489177e-04	-1.8713508909140586e-08	3.5697559611860370e-03	1	top_other
448	0.2238887142620378	retry_displacement	-1	451	594	641	348	491	641	0	2	2	348	2	-1.5233571558144599e-01	1.0000000000000000e+00	-3.8083928895361496e+03	1.5968978510904008	2.7032209335718731	49.5757783671325925	-0.0000057034140024	0.0000014082036062	-0.9999999999827440	3.7959750791524277e-03	2.2133171029265547e-03	-1.8533216267213604e-08	4.3941096253959063e-03	1	top_other
448	0.2238887142620378	retry_displacement	-1	451	594	641	349	491	641	0	2	2	349	2	-1.5479375988808072e-01	1.0000000000000000e+00	-3.8698439972020183e+03	4.4315451575775269	2.3877674799730810	49.5781987912748434	-0.0000057034140024	0.0000014082036062	-0.9999999999827440	4.1430750605222560e-03	5.9446239087900302e-04	-2.2792548237671184e-08	4.1855055240449237e-03	1	top_other
448	0.2238887142620378	retry_displacement	-1	451	594	641	350	491	641	0	2	2	350	2	-1.5277783614634030e-01	1.0000000000000000e+00	-3.8194459036585076e+03	2.6578905124785464	0.6215974451140980	49.5753576819216661	-0.0000057034140024	0.0000014082036062	-0.9999999999827440	3.4046057795823941e-03	8.9823160370943052e-04	-1.8152983283226121e-08	3.5211021752567457e-03	1	top_other
448	0.2238887142620378	retry_displacement	-1	451	594	641	351	497	641	0	2	2	351	2	-1.5646638821002329e-01	1.0000000000000000e+00	-3.9116597052505822e+03	-1.7705499342940656	4.7405453811181228	49.5752978267649809	-0.0000057034140024	0.0000014082036062	-0.9999999999827440	2.7444769839771147e-03	3.4907432893015945e-03	-1.0737211175726458e-08	4.4404327072369333e-03	1	top_other
448	0.2238887142620378	retry_displacement	-1	451	594	641	352	497	641	0	2	2	352	2	-1.5447542993203542e-01	1.0000000000000000e+00	-3.8618857483008856e+03	-2.0477798464441106	3.0349723039028005	49.5738724267901176	-0.0000057034140024	0.0000014082036062	-0.9999999999827440	2.0823838529741758e-03	3.2301859316137115e-03	-7.3279377565960147e-09	3.8432308887154328e-03	1	top_other
448	0.2238887142620378	retry_displacement	-1	451	594	641	353	498	641	0	2	2	353	2	-1.5361715489098313e-01	1.0000000000000000e+00	-3.8404288722745782e+03	0.9898201660732312	-2.5384449435795049	49.5755654843630325	-0.0000057034140024	0.0000014082036062	-0.9999999999827440	1.2387875071038421e-03	-9.4015233422723818e-05	-7.1977106219645037e-09	1.2423499313494117e-03	1	top_other
448	0.2238887142620378	retry_displacement	-1	451	594	641	354	498	641	0	2	2	354	2	-1.5579071367458838e-01	1.0000000000000000e+00	-3.8947678418647097e+03	2.8440434585528807	-4.0523649963944921	49.5776968251043257	-0.0000057034140024	0.0000014082036062	-0.9999999999827440	1.0616728235478320e-03	-9.6990890364897846e-04	-7.4209888512033473e-09	1.4380098976337612e-03	1	top_other
448	0.2238887142620378	retry_displacement	-1	451	594	641	355	498	641	0	2	2	355	2	-1.5306418044272874e-01	1.0000000000000000e+00	-3.8266045110682185e+03	2.8801788350207334	-1.4756520452882071	49.5756780010009734	-0.0000057034140024	0.0000014082036062	-0.9999999999827440	2.4382850396668602e-03	-5.4850278562217287e-04	-1.4678952608981888e-08	2.4992177257521955e-03	1	top_other
448	0.2238887142620378	retry_displacement	-1	451	594	641	356	520	641	0	2	2	356	2	-1.5287067440217023e-01	1.0000000000000000e+00	-3.8217668600542556e+03	-0.3909360834345776	2.9694793300381788	49.5742500213446462	-0.0000057034140024	0.0000014082036062	-0.9999999999827440	2.8977802555508699e-03	2.8153864113081390e-03	-1.2562603207699752e-08	4.0402389848370121e-03	1	top_other
448	0.2238887142620378	retry_displacement	-1	451	594	641	357	520	641	0	2	2	357	2	-1.5338836767709876e-01	1.0000000000000000e+00	-3.8347091919274690e+03	-1.3907217156363074	1.3598610677442793	49.5747458554117131	-0.0000057034140024	0.0000014082036062	-0.9999999999827440	1.7762686059185127e-03	2.7506081947319878e-03	-6.2573788650599482e-09	3.2742900912010862e-03	1	top_other
448	0.2238887142620378	retry_displacement	-1	451	594	641	358	520	641	0	2	2	358	2	-1.5483187434902701e-01	1.0000000000000000e+00	-3.8707968587256751e+03	-2.0477191513633004	3.0348837392076704	49.5744713153502872	-0.0000057034140024	0.0000014082036062	-0.9999999999827440	2.2341919405268356e-03	3.2559300570307497e-03	-8.1575091404051392e-09	3.9487585597827923e-03	1	top_other
448	0.2238887142620378	retry_displacement	-1	451	594	641	359	522	641	0	2	2	359	2	-1.5461887632330171e-01	1.0000000000000000e+00	-3.8654719080825425e+03	-2.0476704439562368	3.0348514642447411	49.5742438066905464	-0.0000057034140024	0.0000014082036062	-0.9999999999827440	2.1922554856619487e-03	3.1691155654526753e-03	-8.0405806734962226e-09	3.8534760388088552e-03	1	top_other
448	0.2238887142620378	retry_displacement	-1	451	594	641	360	522	641	0	2	2	360	2	-1.5516893648113830e-01	1.0000000000000000e+00	-3.8792234120284575e+03	-3.1933170466164298	1.7415202711594149	49.5742711334671284	-0.0000057034140024	0.0000014082036062	-0.9999999999827440	1.4600425757786365e-03	3.1829365468638640e-03	-3.8450045647397957e-09	3.5018294339477416e-03	1	top_other
448	0.2238887142620378	retry_displacement	-1	451	594	641	361	524	641	0	2	2	361	2	-1.5407870019879952e-01	1.0000000000000000e+00	-3.8519675049699881e+03	2.8443717217740696	4.1799322573961231	49.5774813509988377	-0.0000057034140024	0.0000014082036062	-0.9999999999827440	4.5643796679088449e-03	1.9263179047876173e-03	-2.3319899122853371e-08	4.9542166306762196e-03	1	top_other
448	0.2238887142620378	retry_displacement	-1	451	594	641	362	524	641	0	2	2	362	2	-1.5236740052888023e-01	1.0000000000000000e+00	-3.8091850132220056e+03	1.5968856827682658	2.7033637254160867	49.5757641444418624	-0.0000057034140024	0.0000014082036062	-0.9999999999827440	3.7757953417739657e-03	2.4031571504753942e-03	-1.8150789482529461e-08	4.4756893048079694e-03	1	top_other
448	0.2238887142620378	retry_displacement	-1	451	594	641	363	530	641	0	2	2	363	2	-1.5788136297982330e-01	1.0000000000000000e+00	-3.9470340744955824e+03	-3.7407951557501931	-3.2528161257798884	49.5767390929141953	-0.0000057034140024	0.0000014082036062	-0.9999999999827440	-7.5632566781363433e-04	1.7362836132501947e-03	6.7586792273921503e-09	1.8938609509360953e-03	1	top_other
448	0.2238887142620378	retry_displacement	-1	451	594	641	364	530	641	0	2	2	364	2	-1.5719065743107316e-01	1.0000000000000000e+00	-3.9297664357768290e+03	-1.7707827460567658	-4.6127104880785215	49.5767421346742054	-0.0000057034140024	0.0000014082036062	-0.9999999999827440	-7.0108244529786033e-04	5.0604565599776793e-04	4.7111787526699089e-09	8.6463795954216233e-04	1	top_other
448	0.2238887142620378	retry_displacement	-1	451	594	641	365	530	641	0	2	2	365	2	-1.5382915659698129e-01	1.0000000000000000e+00	-3.8457289149245321e+03	-1.5780956959688139	-2.2267070838221867	49.5746930412484232	-0.0000057034140024	0.0000014082036062	-0.9999999999827440	1.0852029280958677e-04	8.1333315678438795e-04	5.2640250491897689e-10	8.2054096660472316e-04	1	top_other
448	0.2238887142620378	retry_displacement	-1	451	594	641	366	540	641	0	2	2	366	2	-1.5831182400289096e-01	1.0000000000000000e+00	-3.9577956000722738e+03	-4.8530850179249585	1.2608738971415492	49.5767515184022471	-0.0000057034140024	0.0000014082036062	-0.9999999999827440	8.7150623882047303e-04	3.4815755398616231e-03	-6.7793659574988396e-11	3.5889958712801225e-03	1	top_other
448	0.2238887142620378	retry_displacement	-1	451	594	641	367	540	641	0	2	2	367	2	-1.5824201848883146e-01	1.0000000000000000e+00	-3.9560504622207864e+03	-4.8531419036300134	-1.1330699076148236	49.5765432777239567	-0.0000057034140024	0.0000014082036062	-0.9999999999827440	-9.5129345901278896e-05	2.8069019639469697e-03	4.4952515321217135e-09	2.8085135263482652e-03	1	top_other
448	0.2238887142620378	retry_displacement	-1	451	594	641	368	540	641	0	2	2	368	2	-1.5441105962852825e-01	1.0000000000000000e+00	-3.8602764907132064e+03	-2.7800144414389663	0.0638785893558449	49.5745122293092848	-0.0000057034140024	0.0000014082036062	-0.9999999999827440	6.9542505895128412e-04	2.4412865981521545e-03	-5.2846843567877499e-10	2.5384042757084610e-03	1	top_other
448	0.2238887142620378	retry_displacement	-1	451	594	641	369	546	641	0	2	2	369	2	-1.5760013279532928e-01	1.0000000000000000e+00	-3.9400033198832321e+03	-3.7405598774305089	3.3805981158618410	49.5756397683117171	-0.0000057034140024	0.0000014082036062	-0.9999999999827440	2.1426269253407978e-03	3.7187188984872913e-03	-6.9835750238222971e-09	4.2918201718164595e-03	1	top_other
448	0.2238887142620378	retry_displacement	-1	451	594	641	370	546	641	0	2	2	370	2	-1.5467190741260795e-01	1.0000000000000000e+00	-3.8667976853151986e+03	-2.0477268002972480	3.0349173722552520	49.5739602725563060	-0.0000057034140024	0.0000014082036062	-0.9999999999827440	2.2093098585970125e-03	3.1337346068128721e-03	-8.1876724289386971e-09	3.8342329920464688e-03	1	top_other
448	0.2238887142620378	retry_displacement	-1	451	594	641	371	546	641	0	2	2	371	2	-1.5520477892017531e-01	1.0000000000000000e+00	-3.8801194730043826e+03	-3.1934215454965296	1.7415802654307115	49.5739248773792269	-0.0000057034140024	0.0000014082036062	-0.9999999999827440	1.4484845476360612e-03	3.1386534730413139e-03	-3.8414439407219447e-09	3.4567691720144554e-03	1	top_other
448	0.2238887142620378	retry_displacement	-1	451	594	641	372	547	641	0	2	2	372	2	-1.5338082789463250e-01	1.0000000000000000e+00	-3.8345206973658128e+03	-1.3906947188692427	1.3598527861052432	49.5747291237804788	-0.0000057034140024	0.0000014082036062	-0.9999999999827440	1.7450412828011596e-03	2.6667987687377251e-03	-6.1972972587032160e-09	3.1870024712352782e-03	1	top_other
448	0.2238887142620378	retry_displacement	-1	451	594	641	373	547	641	0	2	2	373	2	-1.5440344585656010e-01	1.0000000000000000e+00	-3.8600861464140025e+03	-2.7799486478223812	0.0639072279785026	49.5744741596625715	-0.0000057034140024	0.0000014082036062	-0.9999999999827440	7.0773642215002776e-04	2.5654042022661121e-03	-4.2390238541578640e-10	2.6612383516405533e-03	1	top_other
448	0.2238887142620378	retry_displacement	-1	451	594	641	374	547	641	0	2	2	374	2	-1.5556983247625683e-01	1.0000000000000000e+00	-3.8892458119064208e+03	-3.1933630168618392	1.7415581705507819	49.5747764990292836	-0.0000057034140024	0.0000014082036062	-0.9999999999827440	1.4193747221043736e-03	3.1967238338556528e-03	-3.5936436604266930e-09	3.4976660606327991e-03	1	top_other
448	0.2238887142620378	retry_displacement	-1	451	594	641	375	548	641	0	2	2	375	2	-1.5537306202977888e-01	1.0000000000000000e+00	-3.8843265507444721e+03	-3.1933675538873971	1.7415180664396275	49.5746613314727540	-0.0000057034140024	0.0000014082036062	-0.9999999999827440	1.4679894382149876e-03	3.1662303543268555e-03	-3.9138545182559881e-09	3.4899867689415155e-03	1	top_other
448	0.2238887142620378	retry_displacement	-1	451	594	641	376	557	641	0	2	2	376	2	-1.5363525938563224e-01	1.0000000000000000e+00	-3.8408814846408063e+03	0.9897766151706904	-2.5384883139657277	49.5755536777041499	-0.0000057034140024	0.0000014082036062	-0.9999999999827440	1.1278631914104814e-03	-2.0004401523389373e-04	-6.7143733906149805e-09	1.1454662747609017e-03	1	top_other
448	0.2238887142620378	retry_displacement	-1	451	594	641	377	557	641	0	2	2	377	2	-1.5570748406419757e-01	1.0000000000000000e+00	-3.8926871016049395e+03	2.8439817072755034	-4.0524705122653959	49.5776186353169734	-0.0000057034140024	0.0000014082036062	-0.9999999999827440	9.5657657736514180e-04	-1.0674750473161738e-03	-6.9589744522424724e-09	1.4333672680282273e-03	1	top_other
448	0.2238887142620378	retry_displacement	-1	451	594	641	378	557	641	0	2	2	378	2	-1.5640252879682506e-01	1.0000000000000000e+00	-3.9100632199206266e+03	0.6055742717109680	-4.9013477296325387	49.5767064769903101	-0.0000057034140024	0.0000014082036062	-0.9999999999827440	-9.5503058986960170e-05	-4.8097669769126748e-04	-1.3261963749400252e-10	4.9036661590883338e-04	1	top_other
448	0.2238887142620378	retry_displacement	-1	451	594	641	379	559	641	0	2	2	379	2	-1.5703032667425976e-01	1.0000000000000000e+00	-3.9257581668564940e+03	-1.7706777588794709	-4.6127311992320852	49.5762598804734367	-0.0000057034140024	0.0000014082036062	-0.9999999999827440	-6.5242906824473446e-04	4.5831453320905149e-04	4.3664732385373384e-09	7.9731794189042879e-04	1	top_other
448	0.2238887142620378	retry_displacement	-1	451	594	641	380	559	641	0	2	2	380	2	-1.5627082668674391e-01	1.0000000000000000e+00	-3.9067706671685978e+03	0.6056556971702023	-4.9014048196786728	49.5762147149135330	-0.0000057034140024	0.0000014082036062	-0.9999999999827440	-5.3585316372333085e-05	-5.3387297012227137e-04	-4.4618261862972020e-10	5.3655543456207553e-04	1	top_other
448	0.2238887142620378	retry_displacement	-1	451	594	641	381	559	641	0	2	2	381	2	-1.5466083284798807e-01	1.0000000000000000e+00	-3.8665208211997015e+03	-0.4382763184294802	-3.5698060442418766	49.5750024269895775	-0.0000057034140024	0.0000014082036062	-0.9999999999827440	1.0729138169749087e-04	-2.6751754670484197e-06	-6.1569438436492874e-10	1.0732472758276752e-04	1	top_other
448	0.2238887142620378	retry_displacement	-1	451	594	641	382	564	641	0	2	2	382	2	-1.5221196377841342e-01	1.0000000000000000e+00	-3.8052990944603357e+03	1.5968963003674717	2.7032809038274466	49.5755131338539385	-0.0000057034140024	0.0000014082036062	-0.9999999999827440	3.7893698321850495e-03	2.2833760937612572e-03	-1.8396886514171484e-08	4.4241530388282246e-03	1	top_other
448	0.2238887142620378	retry_displacement	-1	451	594	641	383	564	641	0	2	2	383	2	-1.5404210358444309e-01	1.0000000000000000e+00	-3.8510525896110771e+03	2.8443887489794237	4.1798818571604484	49.5773119604163313	-0.0000057034140024	0.0000014082036062	-0.9999999999827440	4.5600235215725289e-03	1.8768864871083518e-03	-2.3364663676028741e-08	4.9311780948704913e-03	1	top_other
448	0.2238887142620378	retry_displacement	-1	451	594	641	384	564	641	0	2	2	384	2	-1.5462884478406955e-01	1.0000000000000000e+00	-3.8657211196017388e+03	4.4315419775339535	2.3878205167745703	49.5779972387003980	-0.0000057034140024	0.0000014082036062	-0.9999999999827440	4.1118044618496871e-03	6.6924321138677465e-04	-2.2508892472128395e-08	4.1659119540601109e-03	1	top_other
448	0.2238887142620378	retry_displacement	-1	451	594	641	385	566	641	0	2	2	385	2	-1.5331129557037845e-01	1.0000000000000000e+00	-3.8327823892594615e+03	-1.3907029195378484	1.3598469768383326	49.5745585781193867	-0.0000057034140024	0.0000014082036062	-0.9999999999827440	1.7668704237723378e-03	2.6921887364384917e-03	-6.2860436300660183e-09	3.2202036095637238e-03	1	top_other
448	0.2238887142620378	retry_displacement	-1	451	594	641	386	566	641	0	2	2	386	2	-1.5536604255751063e-01	1.0000000000000000e+00	-3.8841510639377657e+03	-3.1933776186013700	1.7415715278570816	49.5744170909450332	-0.0000057034140024	0.0000014082036062	-0.9999999999827440	1.4272402112103155e-03	3.2374536629324970e-03	-3.5811478782399320e-09	3.5380956516385385e-03	1	top_other
448	0.2238887142620378	retry_displacement	-1	451	594	641	387	566	641	0	2	2	387	2	-1.5473430977487898e-01	1.0000000000000000e+00	-3.8683577443719746e+03	-2.0477077138477298	3.0348866904743290	49.5742662000269121	-0.0000057034140024	0.0000014082036062	-0.9999999999827440	2.2040469533252151e-03	3.2357604254465871e-03	-8.0139827551839460e-09	3.9150949545844567e-03	1	top_other
448	0.2238887142620378	retry_displacement	-1	451	594	641	388	568	641	0	2	2	388	2	-1.5228593991846956e-01	1.0000000000000000e+00	-3.8071484979617389e+03	1.5967977541199758	2.7033369979153306	49.5755018391651632	-0.0000057034140024	0.0000014082036062	-0.9999999999827440	3.6697503345344421e-03	2.3237637323181431e-03	-1.7657772966028773e-08	4.3436097202401358e-03	1	top_other
448	0.2238887142620378	retry_displacement	-1	451	594	641	389	568	641	0	2	2	389	2	-1.5524828207134944e-01	1.0000000000000000e+00	-3.8812070517837360e+03	0.6058513547081944	5.0287149175977293	49.5771516732047672	-0.0000057034140024	0.0000014082036062	-0.9999999999827440	4.1218564890749274e-03	2.7454007404360951e-03	-1.9642570819877747e-08	4.9524666725281425e-03	1	top_other
448	0.2238887142620378	retry_displacement	-1	451	594	641	390	568	641	0	2	2	390	2	-1.5402232336856395e-01	1.0000000000000000e+00	-3.8505580842140985e+03	2.8443211914180906	4.1799536301559543	49.5773104663649775	-0.0000057034140024	0.0000014082036062	-0.9999999999827440	4.4978111853346591e-03	1.9099631637147013e-03	-2.2963262291675335e-08	4.8865391378966720e-03	1	top_other
448	0.2238887142620378	retry_displacement	-1	451	594	641	391	569	641	0	2	2	391	2	-1.5744384890832377e-01	1.0000000000000000e+00	-3.9360962227080945e+03	-3.7405454984840945	3.3806678649588422	49.5755617353744782	-0.0000057034140024	0.0000014082036062	-0.9999999999827440	2.1865636980104523e-03	3.7955038998514034e-03	-7.1260357614733039e-09	4.3802865955659956e-03	1	top_other
448	0.2238887142620378	retry_displacement	-1	451	594	641	392	569	641	0	2	2	392	2	-1.5526917301716719e-01	1.0000000000000000e+00	-3.8817293254291799e+03	-3.1934551411809777	1.7415785764954166	49.5742422575381383	-0.0000057034140024	0.0000014082036062	-0.9999999999827440	1.4380715497642417e-03	3.1377183208041639e-03	-3.7833711996615449e-09	3.4515686351231293e-03	1	top_other
448	0.2238887142620378	retry_displacement	-1	451	594	641	393	573	641	0	2	2	393	2	-1.5539507023910140e-01	1.0000000000000000e+00	-3.8848767559775351e+03	-3.1934296119414411	1.7416049274243974	49.5742254816903767	-0.0000057034140024	0.0000014082036062	-0.9999999999827440	1.4670967895718493e-03	3.1707910819270446e-03	-3.9023409226235373e-09	3.4937500018197257e-03	1	top_other
448	0.2238887142620378	retry_displacement	-1	451	594	641	394	573	641	0	2	2	394	2	-1.5828457072384763e-01	1.0000000000000000e+00	-3.9571142680961907e+03	-4.8530386575699378	1.2609589176252214	49.5763638892981504	-0.0000057034140024	0.0000014082036062	-0.9999999999827440	9.4675530245310734e-04	3.5862374973179832e-03	-3.4958488881464689e-10	3.7091029899279891e-03	1	top_other
448	0.2238887142620378	retry_displacement	-1	451	594	641	395	573	641	0	2	2	395	2	-1.5746186011305652e-01	1.0000000000000000e+00	-3.9365465028264130e+03	-3.7405930602564141	3.3806468933838816	49.5753483607258190	-0.0000057034140024	0.0000014082036062	-0.9999999999827440	2.1836932657708181e-03	3.8042997654169769e-03	-7.0972780985556483e-09	4.3864807060073636e-03	1	top_other
448	0.2238887142620378	retry_displacement	-1	451	594	641	396	574	641	0	2	2	396	2	-1.5558585619668203e-01	1.0000000000000000e+00	-3.8896464049170509e+03	-3.2380696632218573	-1.6370971844146183	49.5747725403972908	-0.0000057034140024	0.0000014082036062	-0.9999999999827440	-1.6929565732092094e-04	1.8909948682330911e-03	3.6284689974852569e-09	1.8985580347423605e-03	1	top_other
448	0.2238887142620378	retry_displacement	-1	451	594	641	397	574	641	0	2	2	397	2	-1.5768906580392980e-01	1.0000000000000000e+00	-3.9422266450982452e+03	-3.7408642601163322	-3.2527016889609373	49.5761856036458113	-0.0000057034140024	0.0000014082036062	-0.9999999999827440	-8.0321481588854933e-04	1.7840544182745658e-03	7.0933784956928037e-09	1.9565286115664632e-03	1	top_other
448	0.2238887142620378	retry_displacement	-1	451	594	641	398	574	641	0	2	2	398	2	-1.5819278987706215e-01	1.0000000000000000e+00	-3.9548197469265538e+03	-4.8532354963169677	-1.1330495070394790	49.5761360749533395	-0.0000057034140024	0.0000014082036062	-0.9999999999827440	-1.8074364779509217e-04	2.8084161953431945e-03	4.9856776485057708e-09	2.8142263221903594e-03	1	top_other
448	0.2238887142620378	retry_displacement	-1	451	594	641	399	577	641	0	2	2	399	2	-1.5295679019156566e-01	1.0000000000000000e+00	-3.8239197547891417e+03	-0.3909577471385788	2.9695788538113534	49.5743039727241950	-0.0000057034140024	0.0000014082036062	-0.9999999999827440	2.8367201808617609e-03	2.8217573689707470e-03	-1.2205380678365074e-08	4.0011618355170371e-03	1	top_other
448	0.2238887142620378	retry_displacement	-1	451	594	641	400	577	641	0	2	2	400	2	-1.5653427425752536e-01	1.0000000000000000e+00	-3.9133568564381339e+03	-1.7705666093134838	4.7404694113653374	49.5754983752147069	-0.0000057034140024	0.0000014082036062	-0.9999999999827440	2.9283600218228708e-03	3.4998556305718691e-03	-1.1773140240478597e-08	4.5633629980963240e-03	1	top_other
448	0.2238887142620378	retry_displacement	-1	451	594	641	401	577	641	0	2	2	401	2	-1.5551459148692970e-01	1.0000000000000000e+00	-3.8878647871732423e+03	0.6057972749347172	5.0287055087621493	49.5773723818858087	-0.0000057034140024	0.0000014082036062	-0.9999999999827440	3.9780552977787377e-03	2.6385641192462083e-03	-1.8972860782451306e-08	4.7735672786626748e-03	1	top_other
448	0.2238887142620378	retry_displacement	-1	451	594	641	402	578	641	0	2	2	402	2	-1.5490761359486005e-01	1.0000000000000000e+00	-3.8726903398715012e+03	5.0045143730089263	0.0636009597060209	49.5770612645362618	-0.0000057034140024	0.0000014082036062	-0.9999999999827440	3.4384345704974602e-03	-5.1851574979304329e-04	-2.0340991613299053e-08	3.4773108688740000e-03	1	top_other
448	0.2238887142620378	retry_displacement	-1	451	594	641	403	578	641	0	2	2	403	2	-1.5479615913865630e-01	1.0000000000000000e+00	-3.8699039784664074e+03	4.4315580353330990	2.3877482806044967	49.5781890077110248	-0.0000057034140024	0.0000014082036062	-0.9999999999827440	4.1431127222540222e-03	4.8089228474733424e-04	-2.2952692885214176e-08	4.1709280045763766e-03	1	top_other
448	0.2238887142620378	retry_displacement	-1	451	594	641	404	578	641	0	2	2	404	2	-1.5267011112939338e-01	1.0000000000000000e+00	-3.8167527782348348e+03	2.6578817120846923	0.6215727182516630	49.5750604641385166	-0.0000057034140024	0.0000014082036062	-0.9999999999827440	3.4116553698624453e-03	7.8973193263854029e-04	-1.8345979624356801e-08	3.5018664863864868e-03	1	top_other
448	0.2238887142620378	retry_displacement	-1	451	594	641	405	579	641	0	2	2	405	2	-1.5566594374353820e-01	1.0000000000000000e+00	-3.8916485935884552e+03	2.8440965269640857	-4.0523575678100157	49.5774777705588860	-0.0000057034140024	0.0000014082036062	-0.9999999999827440	1.1139234897873699e-03	-9.3527848998290429e-04	-7.6702293960728696e-09	1.4545003936003616e-03	1	top_other
448	0.2238887142620378	retry_displacement	-1	451	594	641	406	579	641	0	2	2	406	2	-1.5463179670628041e-01	1.0000000000000000e+00	-3.8657949176570105e+03	4.4316702919113578	-2.2606769868906311	49.5767019220140952	-0.0000057034140024	0.0000014082036062	-0.9999999999827440	2.3418262130988354e-03	-1.1650492686024717e-03	-1.4997031005936634e-08	2.6156241723253931e-03	1	top_other
448	0.2238887142620378	retry_displacement	-1	451	594	641	407	579	641	0	2	2	407	2	-1.5292086323038034e-01	1.0000000000000000e+00	-3.8230215807595087e+03	2.8802536713404221	-1.4756567836850252	49.5753482546429183	-0.0000057034140024	0.0000014082036062	-0.9999999999827440	2.5053762051637720e-03	-5.0662500335731065e-04	-1.5002628916960248e-08	2.5560866228773811e-03	1	top_other
448	0.2238887142620378	retry_displacement	-1	451	594	641	408	581	641	0	2	2	408	2	-1.5473640771270175e-01	1.0000000000000000e+00	-3.8684101928175437e+03	4.4316677214187781	-2.2606868674943357	49.5768835756352502	-0.0000057034140024	0.0000014082036062	-0.9999999999827440	2.3059750719241607e-03	-1.1581467483658887e-03	-1.4782836954552181e-08	2.5804699035843551e-03	1	top_other
448	0.2238887142620378	retry_displacement	-1	451	594	641	409	581	641	0	2	2	409	2	-1.5480335446263574e-01	1.0000000000000000e+00	-3.8700838615658936e+03	5.0045378624617838	0.0634994719646642	49.5769255548874384	-0.0000057034140024	0.0000014082036062	-0.9999999999827440	3.4904599463906438e-03	-6.6940328078654316e-04	-2.0850194237809205e-08	3.5540696940437023e-03	1	top_other
448	0.2238887142620378	retry_displacement	-1	451	594	641	410	581	641	0	2	2	410	2	-1.5290985863310358e-01	1.0000000000000000e+00	-3.8227464658275894e+03	2.8802553079066699	-1.4756381233131137	49.5754004637097552	-0.0000057034140024	0.0000014082036062	-0.9999999999827440	2.5080928642275844e-03	-4.1724997175067322e-04	-1.4892264865729032e-08	2.5425631466567443e-03	1	top_other
448	0.2238887142620378	retry_displacement	-1	451	594	641	411	588	641	0	2	2	411	2	-1.5465908473903150e-01	1.0000000000000000e+00	-3.8664771184757878e+03	4.4316983273353809	-2.2606586960219786	49.5768447064777220	-0.0000057034140024	0.0000014082036062	-0.9999999999827440	2.3542636424829823e-03	-1.1537388230219274e-03	-1.5052039420426766e-08	2.6217685958703192e-03	1	top_other
448	0.2238887142620378	retry_displacement	-1	451	594	641	412	588	641	0	2	2	412	2	-1.5295782082760201e-01	1.0000000000000000e+00	-3.8239455206900502e+03	2.8803178080614131	-1.4756640925910531	49.5755055589746689	-0.0000057034140024	0.0000014082036062	-0.9999999999827440	2.5690851312201862e-03	-5.0414385062863684e-04	-1.5362493333004323e-08	2.6180831602184290e-03	1	top_other
448	0.2238887142620378	retry_displacement	-1	451	594	641	416	611	641	0	2	2	416	2	-1.5375260587346201e-01	1.0000000000000000e+00	-3.8438151468365504e+03	-1.5779929450932642	-2.2266406199024531	49.5746328709632920	-0.0000057034140024	0.0000014082036062	-0.9999999999827440	1.8595719508944557e-04	8.5361667442308625e-04	1.4147522042762262e-10	8.7363694133128506e-04	1	top_other
448	0.2238887142620378	retry_displacement	-1	451	594	641	417	611	641	0	2	2	417	2	-1.5711818731684446e-01	1.0000000000000000e+00	-3.9279546829211113e+03	-1.7707093397708220	-4.6126936005634942	49.5765320846936532	-0.0000057034140024	0.0000014082036062	-0.9999999999827440	-6.8406728463625175e-04	4.8917914946871764e-04	4.5903827683435594e-09	8.4097817463096175e-04	1	top_other
448	0.2238887142620378	retry_displacement	-1	451	594	641	418	611	641	0	2	2	418	2	-1.5484122241139506e-01	1.0000000000000000e+00	-3.8710305602848766e+03	-0.4383212475518817	-3.5697343696346038	49.5754565466830925	-0.0000057034140024	0.0000014082036062	-0.9999999999827440	4.6030376542195215e-05	3.7834139774425145e-05	-2.0925214339051479e-10	5.9583703284797602e-05	1	top_other
448	0.2238887142620378	retry_displacement	-1	451	594	641	419	612	641	0	2	2	419	2	-1.5721808417763206e-01	1.0000000000000000e+00	-3.9304521044408016e+03	-1.7707837749743489	-4.6127103495524908	49.5768279236549105	-0.0000057034140024	0.0000014082036062	-0.9999999999827440	-6.9052903966751987e-04	4.9049929014395566e-04	4.6290958566341800e-09	8.4700643933638441e-04	1	top_other
448	0.2238887142620378	retry_displacement	-1	451	594	641	420	612	641	0	2	2	420	2	-1.5392036760112676e-01	1.0000000000000000e+00	-3.8480091900281691e+03	-1.5780674373775654	-2.2267110720954619	49.5749431855428924	-0.0000057034140024	0.0000014082036062	-0.9999999999827440	1.3462835972020376e-04	7.9517958867791471e-04	3.5193351011209018e-10	8.0649573680897663e-04	1	top_other
448	0.2238887142620378	retry_displacement	-1	451	594	641	421	617	641	0	2	2	421	2	-1.5386391703149252e-01	1.0000000000000000e+00	-3.8465979257873132e+03	-1.5780864080621329	-2.2267026364811016	49.5748427873131803	-0.0000057034140024	0.0000014082036062	-0.9999999999827440	9.0489928205298139e-05	8.1898680672975847e-04	6.3719865495137640e-10	8.2397076204463273e-04	1	top_other
448	0.2238887142620378	retry_displacement	-1	451	594	641	422	617	641	0	2	2	422	2	-1.5790183544718006e-01	1.0000000000000000e+00	-3.9475458861795014e+03	-3.7407914496898642	-3.2528201783725166	49.5768121183474051	-0.0000057034140024	0.0000014082036062	-0.9999999999827440	-7.6968289206824408e-04	1.7429894889228622e-03	6.8443042622323702e-09	1.9053671858423932e-03	1	top_other
448	0.2238887142620378	retry_displacement	-1	451	594	641	423	618	641	0	2	2	423	2	-1.5777147706702768e-01	1.0000000000000000e+00	-3.9442869266756920e+03	-3.7408066968917142	-3.2527245344213340	49.5764832737128174	-0.0000057034140024	0.0000014082036062	-0.9999999999827440	-7.6582430690546493e-04	1.7616296417358489e-03	6.8485462856315849e-09	1.9208919448361779e-03	1	top_other
448	0.2238887142620378	retry_displacement	-1	451	594	641	424	618	641	0	2	2	424	2	-1.5365762028692023e-01	1.0000000000000000e+00	-3.8414405071730057e+03	-1.5780579614101513	-2.2265810606129590	49.5744722734365624	-0.0000057034140024	0.0000014082036062	-0.9999999999827440	1.2052439888906207e-04	9.0230635781126116e-04	5.8323054719089384e-10	9.1032021513011202e-04	1	top_other
448	0.2238887142620378	retry_displacement	-1	451	594	641	425	618	641	0	2	2	425	2	-1.5576858216063841e-01	1.0000000000000000e+00	-3.8942145540159604e+03	-3.2379739997984829	-1.6371141554464899	49.5752670022987871	-0.0000057034140024	0.0000014082036062	-0.9999999999827440	-1.0296101369516227e-04	1.8513614188059781e-03	3.1943231115771908e-09	1.8542222286971491e-03	1	top_other
448	0.2238887142620378	retry_displacement	-1	451	594	641	426	633	641	0	2	2	426	2	-1.5439093798655867e-01	1.0000000000000000e+00	-3.8597734496639669e+03	-2.7800237108090768	0.0638381088334967	49.5744987055892494	-0.0000057034140024	0.0000014082036062	-0.9999999999827440	7.1320649782653474e-04	2.4612535666170242e-03	-6.0176580385373768e-10	2.5625051468684654e-03	1	top_other
448	0.2238887142620378	retry_displacement	-1	451	594	641	427	633	641	0	2	2	427	2	-1.5839939581824358e-01	1.0000000000000000e+00	-3.9599848954560894e+03	-4.8530773214581036	1.2608893269203265	49.5768429953622700	-0.0000057034140024	0.0000014082036062	-0.9999999999827440	8.8519354813625963e-04	3.5340489292808863e-03	-7.1964822989656341e-11	3.6432223994993010e-03	1	top_other
448	0.2238887142620378	retry_displacement	-1	451	594	641	428	634	641	0	2	2	428	2	-1.5833642557823152e-01	1.0000000000000000e+00	-3.9584106394557880e+03	-4.8530380676054863	1.2609250859595562	49.5765946859876863	-0.0000057034140024	0.0000014082036062	-0.9999999999827440	9.0727437578099022e-04	3.5446790519636957e-03	-1.8293158654536512e-10	3.6589474407784355e-03	1	top_other
448	0.2238887142620378	retry_displacement	-1	451	594	641	429	634	641	0	2	2	429	2	-1.5420109753287695e-01	1.0000000000000000e+00	-3.8550274383219235e+03	-2.7799785352865527	0.0638820974602183	49.5741387956014563	-0.0000057034140024	0.0000014082036062	-0.9999999999827440	7.6467593648375624e-04	2.4938639353111322e-03	-8.4939527633665080e-10	2.6084644171779606e-03	1	top_other
448	0.2238887142620378	retry_displacement	-1	451	594	641	430	634	641	0	2	2	430	2	-1.5560643741704622e-01	1.0000000000000000e+00	-3.8901609354261554e+03	-3.1933994582284884	1.7415430317605030	49.5747352484256183	-0.0000057034140024	0.0000014082036062	-0.9999999999827440	1.4540377593917357e-03	3.1019330176672083e-03	-3.9248260752522413e-09	3.4258158520046487e-03	1	top_other
448	0.2238887142620378	retry_displacement	-1	451	594	641	431	639	641	0	2	2	431	2	-1.5305524720291916e-01	1.0000000000000000e+00	-3.8263811800729791e+03	-0.3909070570670778	2.9696310855127495	49.5746271778760814	-0.0000057034140024	0.0000014082036062	-0.9999999999827440	2.9131177418089921e-03	2.9306328381539528e-03	-1.2487788803028366e-08	4.1321742230773090e-03	1	top_other
448	0.2238887142620378	retry_displacement	-1	451	594	641	432	639	641	0	2	2	432	2	-1.5547512817200076e-01	1.0000000000000000e+00	-3.8868782043000192e+03	0.6057977094407321	5.0287100200582744	49.5773865930447784	-0.0000057034140024	0.0000014082036062	-0.9999999999827440	4.0119143632757334e-03	2.6831037270585814e-03	-1.9103252202334886e-08	4.8264378654219427e-03	1	top_other
448	0.2238887142620378	retry_displacement	-1	451	594	641	433	640	641	0	2	2	433	2	-1.5542550041815373e-01	1.0000000000000000e+00	-3.8856375104538433e+03	0.6058123143520546	5.0287015333333898	49.5773087221282651	-0.0000057034140024	0.0000014082036062	-0.9999999999827440	4.0475769995752661e-03	2.7201691018377758e-03	-1.9254455391193304e-08	4.8766996535007543e-03	1	top_other
448	0.2238887142620378	retry_displacement	-1	451	594	641	434	640	641	0	2	2	434	2	-1.5301676447510379e-01	1.0000000000000000e+00	-3.8254191118775948e+03	-0.3909071329297788	2.9696394093433893	49.5745672280257708	-0.0000057034140024	0.0000014082036062	-0.9999999999827440	2.9517852304650600e-03	2.9586358455526937e-03	-1.2668891546940841e-08	4.1793016298828523e-03	1	top_other
448	0.2238887142620378	retry_displacement	-1	451	594	641	435	640	641	0	2	2	435	2	-1.5247327709284131e-01	1.0000000000000000e+00	-3.8118319273210327e+03	1.5967442688384750	2.7033161225712989	49.5757572127085240	-0.0000057034140024	0.0000014082036062	-0.9999999999827440	3.5862287051827376e-03	2.3046961092643902e-03	-1.7208265645773935e-08	4.2629403564008721e-03	1	top_other
448	0.2236566641091586	retry_displacement	-1	452	326	641	302	326	641	1	2	2	302	2	-9.4146068840037705e-02	1.0000000000000000e+00	-2.3536517210009424e+03	-1.7705984644672768	4.7404655608714181	49.5756181478237963	-0.0000057034140024	0.0000014082036062	-0.9999999999827440	-7.5801757000616937e-04	6.7620811692731941e-03	1.3845675106427535e-08	6.8044347580433814e-03	1	trigger_top
448	0.2236566641091586	retry_displacement	-1	452	326	641	303	326	641	1	2	2	303	2	-8.9328555108057345e-02	1.0000000000000000e+00	-2.2332138777014338e+03	-0.3909570807738717	2.9695468998980501	49.5743961027022024	-0.0000057034140024	0.0000014082036062	-0.9999999999827440	4.2286896610852013e-04	5.1442964934224639e-03	4.8324200890847990e-09	5.1616474671135476e-03	1	trigger_top
448	0.2236566641091586	retry_displacement	-1	452	326	641	304	326	641	1	2	2	304	2	-8.9926448792564853e-02	1.0000000000000000e+00	-2.2481612198141215e+03	-2.0477649496442565	3.0350628503976806	49.5736882253494926	-0.0000057034140024	0.0000014082036062	-0.9999999999827440	-1.5002961597369063e-03	5.8532634733025803e-03	1.6799396859723537e-08	6.0424814319203091e-03	1	trigger_top
448	0.2236566641091586	retry_displacement	-1	452	326	641	220	24	641	0	2	2	220	2	-9.0898853263257556e-02	1.0000000000000000e+00	-2.2724713315814388e+03	1.3530785780645758	-0.6871809214860676	49.5758034178111942	-0.0000057034140024	0.0000014082036062	-0.9999999999827440	2.0238987849090688e-03	-5.9132341494252038e-04	-1.2375836425104758e-08	2.1085136169275384e-03	1	top_other
448	0.2236566641091586	retry_displacement	-1	452	326	641	221	24	641	0	2	2	221	2	-8.9738213161842842e-02	1.0000000000000000e+00	-2.2434553290460713e+03	0.6583412472511995	1.0132230757349519	49.5754436079641181	-0.0000057034140024	0.0000014082036062	-0.9999999999827440	1.8753574189220674e-03	1.9403400807375853e-03	-7.9635458782867374e-09	2.6984968181723314e-03	1	top_other
448	0.2236566641091586	retry_displacement	-1	452	326	641	222	26	641	0	2	2	222	2	-9.1411820838959240e-02	1.0000000000000000e+00	-2.2852955209739812e+03	2.8801138988076844	-1.4755491482612868	49.5758325049991981	-0.0000057034140024	0.0000014082036062	-0.9999999999827440	3.8031043188557047e-03	-2.0544747253582593e-03	-2.4583797150756759e-08	4.3225535112753864e-03	1	top_other
448	0.2236566641091586	retry_displacement	-1	452	326	641	223	26	641	0	2	2	223	2	-9.1055037461847496e-02	1.0000000000000000e+00	-2.2763759365461874e+03	1.3530599876717999	-0.6871551022224068	49.5758630432109086	-0.0000057034140024	0.0000014082036062	-0.9999999999827440	2.1310734652695237e-03	-6.9117109522070087e-04	-1.3127703868409668e-08	2.2403552391120421e-03	1	top_other
448	0.2236566641091586	retry_displacement	-1	452	326	641	224	30	641	0	2	2	224	2	-9.2291093369584021e-02	1.0000000000000000e+00	-2.3072773342396003e+03	2.6577581553433718	0.6215408501910431	49.5760276042799717	-0.0000057034140024	0.0000014082036062	-0.9999999999827440	4.2210021398404211e-03	8.3229876472977113e-04	-2.2902076582398401e-08	4.3022761764945575e-03	1	top_other
448	0.2236566641091586	retry_displacement	-1	452	326	641	225	30	641	0	2	2	225	2	-9.0336741568570897e-02	1.0000000000000000e+00	-2.2584185392142726e+03	1.3530819483005772	-0.6871780889781703	49.5755312038948119	-0.0000057034140024	0.0000014082036062	-0.9999999999827440	2.1934434383107551e-03	-4.5927932531281157e-04	-1.3156874811848240e-08	2.2410112931222372e-03	1	top_other
448	0.2236566641091586	retry_displacement	-1	452	326	641	226	30	641	0	2	2	226	2	-8.9437404724552735e-02	1.0000000000000000e+00	-2.2359351181138186e+03	0.6583015331268556	1.0132172305984639	49.5753461773122126	-0.0000057034140024	0.0000014082036062	-0.9999999999827440	1.9681765759845156e-03	2.0104350562710400e-03	-8.3942239548218112e-09	2.8134619510148235e-03	1	top_other
448	0.2236566641091586	retry_displacement	-1	452	326	641	227	34	641	0	2	2	227	2	-9.1029230482768467e-02	1.0000000000000000e+00	-2.2757307620692118e+03	2.8801577201074182	-1.4755736432823512	49.5756545079336277	-0.0000057034140024	0.0000014082036062	-0.9999999999827440	3.9239823495691968e-03	-1.9501392128446235e-03	-2.5126288938359664e-08	4.3818581024305395e-03	1	top_other
448	0.2236566641091586	retry_displacement	-1	452	326	641	228	34	641	0	2	2	228	2	-9.0450287891638101e-02	1.0000000000000000e+00	-2.2612571972909527e+03	1.3530610901566291	-0.6871434247240871	49.5755751838406837	-0.0000057034140024	0.0000014082036062	-0.9999999999827440	2.2620377360296116e-03	-5.1123701316457967e-04	-1.3621263506014003e-08	2.3190899083556358e-03	1	top_other
448	0.2236566641091586	retry_displacement	-1	452	326	641	229	34	641	0	2	2	229	2	-9.2301959139811873e-02	1.0000000000000000e+00	-2.3075489784952970e+03	2.6577301474306481	0.6215866696869028	49.5759387392833446	-0.0000057034140024	0.0000014082036062	-0.9999999999827440	4.2825111393533814e-03	7.2666956198887318e-04	-2.3401635310116298e-08	4.3437253955049384e-03	1	top_other
448	0.2236566641091586	retry_displacement	-1	452	326	641	230	44	641	0	2	2	230	2	-9.2198958264847738e-02	1.0000000000000000e+00	-2.3049739566211933e+03	2.8801686379100060	-1.4756279590021364	49.5762828860502935	-0.0000057034140024	0.0000014082036062	-0.9999999999827440	4.0015554203321289e-03	-2.2822235923046137e-03	-2.6036362718584449e-08	4.6066246111376502e-03	1	top_other
448	0.2236566641091586	retry_displacement	-1	452	326	641	231	50	641	0	2	2	231	2	-9.2256109954102161e-02	1.0000000000000000e+00	-2.3064027488525539e+03	-0.4383048082565281	-3.5697167429266203	49.5758040945951137	-0.0000057034140024	0.0000014082036062	-0.9999999999827440	-9.0749058887027757e-04	-3.7032364213923528e-03	-3.9116362926527870e-11	3.8128072547160006e-03	1	top_other
448	0.2236566641091586	retry_displacement	-1	452	326	641	232	50	641	0	2	2	232	2	-9.0279497122761745e-02	1.0000000000000000e+00	-2.2569874280690437e+03	-1.5778847284269191	-2.2264874818077560	49.5752771428972068	-0.0000057034140024	0.0000014082036062	-0.9999999999827440	-1.5241525207534245e-03	-1.9744400922116689e-03	5.9124591750281397e-09	2.4942843832022840e-03	1	top_other
448	0.2236566641091586	retry_displacement	-1	452	326	641	233	57	641	0	2	2	233	2	-9.1537010962779219e-02	1.0000000000000000e+00	-2.2884252740694806e+03	1.5967992903909376	2.7032724163508219	49.5764442871596458	-0.0000057034140024	0.0000014082036062	-0.9999999999827440	3.4486904158832093e-03	4.2842847897630962e-03	-1.3636163920249800e-08	5.4998692479536334e-03	1	top_other
448	0.2236566641091586	retry_displacement	-1	452	326	641	234	64	641	0	2	2	234	2	-9.0324308586633414e-02	1.0000000000000000e+00	-2.2581077146658354e+03	0.6582693240538944	1.0131990740588321	49.5757971716552746	-0.0000057034140024	0.0000014082036062	-0.9999999999827440	1.6735820844267716e-03	2.2598995987230504e-03	-6.3627327434589986e-09	2.8121207637054543e-03	1	top_other
448	0.2236566641091586	retry_displacement	-1	452	326	641	235	64	641	0	2	2	235	2	-9.0679493840466419e-02	1.0000000000000000e+00	-2.2669873460116605e+03	1.5968010455135002	2.7031913549536766	49.5759951868543851	-0.0000057034140024	0.0000014082036062	-0.9999999999827440	3.3699005174569960e-03	3.9848914875491546e-03	-1.3608399226927581e-08	5.2187728121929041e-03	1	top_other
448	0.2236566641091586	retry_displacement	-1	452	326	641	236	67	641	0	2	2	236	2	-9.0510038952836117e-02	1.0000000000000000e+00	-2.2627509738209028e+03	0.6583031527992332	1.0132517103198935	49.5758351360749785	-0.0000057034140024	0.0000014082036062	-0.9999999999827440	1.6428336514476454e-03	2.1146224990226479e-03	-6.3919414344804082e-09	2.6777846664252990e-03	1	top_other
448	0.2236566641091586	retry_displacement	-1	452	326	641	237	76	641	0	2	2	237	2	-9.2251789760876182e-02	1.0000000000000000e+00	-2.3062947440219045e+03	2.8801591005458604	-1.4755557253023937	49.5762480829676591	-0.0000057034140024	0.0000014082036062	-0.9999999999827440	3.9919641834302768e-03	-2.2833356050605351e-03	-2.5983225848680291e-08	4.5988476304181297e-03	1	top_other
448	0.2236566641091586	retry_displacement	-1	452	326	641	238	78	641	0	2	2	238	2	-9.1632991907907330e-02	1.0000000000000000e+00	-2.2908247976976832e+03	-1.5779325358585723	-2.2265414277137254	49.5760340408395876	-0.0000057034140024	0.0000014082036062	-0.9999999999827440	-1.8967187698137611e-03	-1.9009384930804743e-03	8.1408639274194172e-09	2.6853508609314286e-03	1	top_other
448	0.2236566641091586	retry_displacement	-1	452	326	641	239	80	641	0	2	2	239	2	-9.1722664231977016e-02	1.0000000000000000e+00	-2.2930666057994254e+03	1.5967960508994339	2.7032017934173851	49.5764592878304526	-0.0000057034140024	0.0000014082036062	-0.9999999999827440	3.3783762139699895e-03	4.2757097714786561e-03	-1.3247208288658108e-08	5.4493228839197763e-03	1	top_other
448	0.2236566641091586	retry_displacement	-1	452	326	641	240	82	641	0	2	2	240	2	-9.2306932104517611e-02	1.0000000000000000e+00	-2.3076733026129405e+03	2.6577492667403662	0.6214913908442270	49.5760780871011733	-0.0000057034140024	0.0000014082036062	-0.9999999999827440	4.1990736795201851e-03	9.5665515187863591e-04	-2.2601890400930635e-08	4.3066702736761688e-03	1	top_other
448	0.2236566641091586	retry_displacement	-1	452	326	641	241	82	641	0	2	2	241	2	-8.9602867851970927e-02	1.0000000000000000e+00	-2.2400716962992733e+03	0.6582850821743407	1.0131794219295998	49.5754801714190094	-0.0000057034140024	0.0000014082036062	-0.9999999999827440	1.9180804479464340e-03	2.1164490600091117e-03	-7.9592156893015797e-09	2.8562894160906022e-03	1	top_other
448	0.2236566641091586	retry_displacement	-1	452	326	641	242	82	641	0	2	2	242	2	-9.0182934962770772e-02	1.0000000000000000e+00	-2.2545733740692694e+03	1.5968345617739232	2.7032264118944553	49.5758030756906720	-0.0000057034140024	0.0000014082036062	-0.9999999999827440	3.5871000308364178e-03	3.9220468970977002e-03	-1.4935675973770657e-08	5.3150483059407278e-03	1	top_other
448	0.2236566641091586	retry_displacement	-1	452	326	641	243	84	641	0	2	2	243	2	-9.1404921004126491e-02	1.0000000000000000e+00	-2.2851230251031625e+03	2.8801573238874809	-1.4755941409683815	49.5758897188460281	-0.0000057034140024	0.0000014082036062	-0.9999999999827440	4.0491079657019331e-03	-2.0144865242688920e-03	-2.5930546251884401e-08	4.5225469898105206e-03	1	top_other
448	0.2236566641091586	retry_displacement	-1	452	326	641	244	84	641	0	2	2	244	2	-9.2164153346728575e-02	1.0000000000000000e+00	-2.3041038336682145e+03	2.6576677905694210	0.6215928433590875	49.5757713450812929	-0.0000057034140024	0.0000014082036062	-0.9999999999827440	4.3588307584410454e-03	7.0529064550838971e-04	-2.3867023551948918e-08	4.4155226730187916e-03	1	top_other
448	0.2236566641091586	retry_displacement	-1	452	326	641	245	88	641	0	2	2	245	2	-9.2384135056232192e-02	1.0000000000000000e+00	-2.3096033764058047e+03	2.6576646709511023	0.6214772373726234	49.5759562375681497	-0.0000057034140024	0.0000014082036062	-0.9999999999827440	4.3396221219417714e-03	9.8937871349548401e-04	-2.3357414918878661e-08	4.4509763423893805e-03	1	top_other
448	0.2236566641091586	retry_displacement	-1	452	326	641	246	91	641	0	2	2	246	2	-9.2210428846760326e-02	1.0000000000000000e+00	-2.3052607211690083e+03	2.6576947981753918	0.6214521123967003	49.5759677375432233	-0.0000057034140024	0.0000014082036062	-0.9999999999827440	4.2500226885150262e-03	1.0445392781536398e-03	-2.2768714955101466e-08	4.3765003321165914e-03	1	top_other
448	0.2236566641091586	retry_displacement	-1	452	326	641	247	91	641	0	2	2	247	2	-9.0568132889488395e-02	1.0000000000000000e+00	-2.2642033222372097e+03	1.5968328611954221	2.7032118726064924	49.5760237215506834	-0.0000057034140024	0.0000014082036062	-0.9999999999827440	3.7011351633637890e-03	3.9986952449927631e-03	-1.5478129070101154e-08	5.4486663652728090e-03	1	top_other
448	0.2236566641091586	retry_displacement	-1	452	326	641	248	92	641	0	2	2	248	2	-9.2314609863690042e-02	1.0000000000000000e+00	-2.3078652465922510e+03	2.6576571682715029	0.6215627127527213	49.5758210916915445	-0.0000057034140024	0.0000014082036062	-0.9999999999827440	4.4056344428180924e-03	7.6756758189852777e-04	-2.4046265742483364e-08	4.4719989755259175e-03	1	top_other
448	0.2236566641091586	retry_displacement	-1	452	326	641	249	97	641	0	2	2	249	2	-9.2268117742189154e-02	1.0000000000000000e+00	-2.3067029435547288e+03	-0.4383581054780749	-3.5696712899694534	49.5757695124148583	-0.0000057034140024	0.0000014082036062	-0.9999999999827440	-8.1196910167448378e-04	-3.6603488783759994e-03	-5.2352056023607929e-10	3.7493263039515218e-03	1	top_other
448	0.2236566641091586	retry_displacement	-1	452	326	641	250	98	641	0	2	2	250	2	-9.1090737948748932e-02	1.0000000000000000e+00	-2.2772684487187234e+03	-1.5779672200643220	-2.2264904665217600	49.5756906156025536	-0.0000057034140024	0.0000014082036062	-0.9999999999827440	-1.8031344143511804e-03	-1.9669327335700049e-03	7.5141802918787803e-09	2.6683549416566025e-03	1	top_other
448	0.2236566641091586	retry_displacement	-1	452	326	641	251	107	641	0	2	2	251	2	-9.2158438468765522e-02	1.0000000000000000e+00	-2.3039609617191381e+03	-3.2379906636259266	-1.6371031548746557	49.5755431526612256	-0.0000057034140024	0.0000014082036062	-0.9999999999827440	-3.6879154694763995e-03	-5.1728051513233800e-04	2.0305272449561151e-08	3.7240166006277703e-03	1	top_other
448	0.2236566641091586	retry_displacement	-1	452	326	641	252	107	641	0	2	2	252	2	-8.9884301889717910e-02	1.0000000000000000e+00	-2.2471075472429479e+03	-1.5779746056587911	-2.2264423774651179	49.5750218422962377	-0.0000057034140024	0.0000014082036062	-0.9999999999827440	-2.2383469354213168e-03	-1.5444891581444299e-03	1.0591264046344584e-08	2.7194932915982463e-03	1	top_other
448	0.2236566641091586	retry_displacement	-1	452	326	641	253	118	641	0	2	2	253	2	-9.2279789638953960e-02	1.0000000000000000e+00	-2.3069947409738488e+03	0.9896876017349043	-2.5382763176038905	49.5762759459887903	-0.0000057034140024	0.0000014082036062	-0.9999999999827440	1.1251792216725709e-03	-2.8088885835687873e-03	-1.0372849953976804e-08	3.0258690249074490e-03	1	top_other
448	0.2236566641091586	retry_displacement	-1	452	326	641	254	118	641	0	2	2	254	2	-9.1601562036004128e-02	1.0000000000000000e+00	-2.2900390509001031e+03	-0.4382897969065013	-3.5696135708990298	49.5753839037918169	-0.0000057034140024	0.0000014082036062	-0.9999999999827440	-5.5159642093168784e-04	-3.5328026478495633e-03	-1.8289226938472680e-09	3.5756052858559317e-03	1	top_other
448	0.2236566641091586	retry_displacement	-1	452	326	641	255	127	641	0	2	2	255	2	-8.9772306088104450e-02	1.0000000000000000e+00	-2.2443076522026113e+03	-0.4394873743341705	-0.5051612638021311	49.5756037864505785	-0.0000057034140024	0.0000014082036062	-0.9999999999827440	3.0706164078544527e-05	2.8795921997217807e-04	2.3037524665703302e-10	2.8959174863841820e-04	1	top_other
448	0.2236566641091586	retry_displacement	-1	452	326	641	256	127	641	0	2	2	256	2	-8.9291712602433002e-02	1.0000000000000000e+00	-2.2322928150608250e+03	0.6583398336844496	1.0131953855237583	49.5751535386258197	-0.0000057034140024	0.0000014082036062	-0.9999999999827440	1.7121123417983414e-03	1.8200464389471079e-03	-7.2018895569403441e-09	2.4987792441338464e-03	1	top_other
448	0.2236566641091586	retry_displacement	-1	452	326	641	257	127	641	0	2	2	257	2	-9.0761433387893622e-02	1.0000000000000000e+00	-2.2690358346973408e+03	1.3531020417592714	-0.6871462830838453	49.5756800854833415	-0.0000057034140024	0.0000014082036062	-0.9999999999827440	1.9136786578024417e-03	-5.7672358790699253e-04	-1.1726645890441922e-08	1.9986935989076424e-03	1	top_other
448	0.2236566641091586	retry_displacement	-1	452	326	641	258	129	641	0	2	2	258	2	-9.0082147078025379e-02	1.0000000000000000e+00	-2.2520536769506343e+03	-1.3906541212089607	1.3598612488014994	49.5753311696512924	-0.0000057034140024	0.0000014082036062	-0.9999999999827440	-9.6488630324615830e-04	3.4940569930729864e-03	1.0423489710253975e-08	3.6248365272302865e-03	1	top_other
448	0.2236566641091586	retry_displacement	-1	452	326	641	259	139	641	0	2	2	259	2	-8.9880590044922715e-02	1.0000000000000000e+00	-2.2470147511230680e+03	-1.3906760649655197	1.3598960008476211	49.5753333720411220	-0.0000057034140024	0.0000014082036062	-0.9999999999827440	-8.6575983163817956e-04	3.3865286656454118e-03	9.7067086174407180e-09	3.4954422451830731e-03	1	top_other
448	0.2236566641091586	retry_displacement	-1	452	326	641	260	139	641	0	2	2	260	2	-8.9350555692748135e-02	1.0000000000000000e+00	-2.2337638923187033e+03	-0.4395110504831521	-0.5051425055276895	49.5755137813346280	-0.0000057034140024	0.0000014082036062	-0.9999999999827440	-4.9520663371374087e-04	5.8590898057748174e-04	3.6494475774695445e-09	7.6714988340529473e-04	1	top_other
448	0.2236566641091586	retry_displacement	-1	452	326	641	261	144	641	0	2	2	261	2	-8.9842980681624385e-02	1.0000000000000000e+00	-2.2460745170406094e+03	-0.4394704498887748	-0.5051881544595261	49.5756720003128777	-0.0000057034140024	0.0000014082036062	-0.9999999999827440	-7.9179455784315314e-05	3.5600130754359416e-04	9.5291555202159373e-10	3.6470031147773523e-04	1	top_other
448	0.2236566641091586	retry_displacement	-1	452	326	641	262	144	641	0	2	2	262	2	-9.0083457380060530e-02	1.0000000000000000e+00	-2.2520864345015134e+03	0.6583193552930069	1.0132574153814091	49.5755972009173433	-0.0000057034140024	0.0000014082036062	-0.9999999999827440	1.5257002317819956e-03	2.0807150798179486e-03	-5.7716295770449122e-09	2.5801427171136793e-03	1	top_other
448	0.2236566641091586	retry_displacement	-1	452	326	641	263	166	641	0	2	2	263	2	-9.0476006012959631e-02	1.0000000000000000e+00	-2.2619001503239906e+03	-0.3909259853361860	2.9694128506941921	49.5752864111691380	-0.0000057034140024	0.0000014082036062	-0.9999999999827440	8.6676921689050846e-04	4.9555479847512834e-03	2.0348768503541947e-09	5.0307797312668769e-03	1	top_other
448	0.2236566641091586	retry_displacement	-1	452	326	641	264	168	641	0	2	2	264	2	-9.0769064284651188e-02	1.0000000000000000e+00	-2.2692266071162799e+03	-1.5779464040443387	-2.2265463373072807	49.5754854942956840	-0.0000057034140024	0.0000014082036062	-0.9999999999827440	-2.1257714969188271e-03	-1.8460914829690671e-03	9.5244822306828070e-09	2.8154854325132205e-03	1	top_other
448	0.2236566641091586	retry_displacement	-1	452	326	641	265	173	641	0	2	2	265	2	-9.0333044665962772e-02	1.0000000000000000e+00	-2.2583261166490693e+03	-0.4394496764521151	-0.5051870963505408	49.5759599888435147	-0.0000057034140024	0.0000014082036062	-0.9999999999827440	-1.9633289053170997e-04	3.1581236106284738e-04	1.5644958523131081e-09	3.7186563609329959e-04	1	top_other
448	0.2236566641091586	retry_displacement	-1	452	326	641	266	189	641	0	2	2	266	2	-8.9651337594970834e-02	1.0000000000000000e+00	-2.2412834398742707e+03	-1.3907119223002227	1.3598702001867551	49.5752219618602652	-0.0000057034140024	0.0000014082036062	-0.9999999999827440	-7.6345108380609342e-04	3.4221407836012110e-03	9.1733485807488080e-09	3.5062665472316221e-03	1	top_other
448	0.2236566641091586	retry_displacement	-1	452	326	641	267	189	641	0	2	2	267	2	-9.0026856423501680e-02	1.0000000000000000e+00	-2.2506714105875421e+03	0.6583486309990988	1.0132163223114774	49.5756078335437422	-0.0000057034140024	0.0000014082036062	-0.9999999999827440	1.4249184371476608e-03	2.1428553763754130e-03	-5.1093231034915476e-09	2.5733677771765254e-03	1	top_other
448	0.2236566641091586	retry_displacement	-1	452	326	641	268	189	641	0	2	2	268	2	-8.8907449046475767e-02	1.0000000000000000e+00	-2.2226862261618940e+03	-0.4395013096978587	-0.5051418661578836	49.5752312256525869	-0.0000057034140024	0.0000014082036062	-0.9999999999827440	-3.1423123852893184e-04	6.5113989242799708e-04	2.7091283799629551e-09	7.2299684009400028e-04	1	top_other
448	0.2236566641091586	retry_displacement	-1	452	326	641	269	192	641	0	2	2	269	2	-9.1847669946021948e-02	1.0000000000000000e+00	-2.2961917486505486e+03	0.9896726051666362	-2.5382700000327376	49.5761331419280609	-0.0000057034140024	0.0000014082036062	-0.9999999999827440	1.3767464612015102e-03	-2.6102208687280555e-03	-1.1527877499806216e-08	2.9510479159287162e-03	1	top_other
448	0.2236566641091586	retry_displacement	-1	452	326	641	270	192	641	0	2	2	270	2	-9.1600788566738242e-02	1.0000000000000000e+00	-2.2900197141684562e+03	2.8801392952178801	-1.4755949577903791	49.5759460277958937	-0.0000057034140024	0.0000014082036062	-0.9999999999827440	3.8324319338852611e-03	-2.4488929832973279e-03	-2.5306485892939712e-08	4.5480337918870862e-03	1	top_other
448	0.2236566641091586	retry_displacement	-1	452	326	641	271	193	641	0	2	2	271	2	-9.0827944319080089e-02	1.0000000000000000e+00	-2.2706986079770022e+03	1.3530956590454550	-0.6871296386330030	49.5757071555743067	-0.0000057034140024	0.0000014082036062	-0.9999999999827440	2.1314877023127536e-03	-8.2073460118887152e-04	-1.3312518240549132e-08	2.2840413986783123e-03	1	top_other
448	0.2236566641091586	retry_displacement	-1	452	326	641	272	193	641	0	2	2	272	2	-9.0928666264196420e-02	1.0000000000000000e+00	-2.2732166566049104e+03	2.8800814223828342	-1.4755517202200834	49.5755274665826704	-0.0000057034140024	0.0000014082036062	-0.9999999999827440	3.6569637054692490e-03	-2.2318317167854280e-03	-2.4000051473960227e-08	4.2842101204008162e-03	1	top_other
448	0.2236566641091586	retry_displacement	-1	452	326	641	273	193	641	0	2	2	273	2	-9.1701135925103830e-02	1.0000000000000000e+00	-2.2925283981275957e+03	0.9896868639207625	-2.5382914465351121	49.5760149535098904	-0.0000057034140024	0.0000014082036062	-0.9999999999827440	1.2992165596786684e-03	-2.5140491066569719e-03	-1.0950262946396450e-08	2.8299128219339020e-03	1	top_other
448	0.2236566641091586	retry_displacement	-1	452	326	641	274	196	641	0	2	2	274	2	-9.0899131227525201e-02	1.0000000000000000e+00	-2.2724782806881299e+03	1.5967611715708969	2.7032251107588179	49.5760604311652813	-0.0000057034140024	0.0000014082036062	-0.9999999999827440	3.1317329748556826e-03	4.3272952272993305e-03	-1.1767856952782374e-08	5.3416510004065665e-03	1	top_other
448	0.2236566641091586	retry_displacement	-1	452	326	641	275	196	641	0	2	2	275	2	-9.0119540390738717e-02	1.0000000000000000e+00	-2.2529885097684678e+03	-0.3909595232246502	2.9694224721222513	49.5751796785953189	-0.0000057034140024	0.0000014082036062	-0.9999999999827440	9.6141920296899798e-04	4.9091664143637867e-03	1.4297341088820303e-09	5.0024235893971420e-03	1	top_other
448	0.2236566641091586	retry_displacement	-1	452	326	641	276	197	641	0	2	2	276	2	-9.2346863772112070e-02	1.0000000000000000e+00	-2.3086715943028016e+03	0.9896638270723415	-2.5382725990651238	49.5763720506403800	-0.0000057034140024	0.0000014082036062	-0.9999999999827440	1.2760742829565632e-03	-2.7541081982980112e-03	-1.1156325030459158e-08	3.0353710718262913e-03	1	top_other
448	0.2236566641091586	retry_displacement	-1	452	326	641	277	199	641	0	2	2	277	2	-9.2398811266724154e-02	1.0000000000000000e+00	-2.3099702816681038e+03	2.6576495685956916	0.6215272219407509	49.5758814349064920	-0.0000057034140024	0.0000014082036062	-0.9999999999827440	4.3796837307181090e-03	8.9267920573126444e-04	-2.3722075429000178e-08	4.4697321783329072e-03	1	top_other
448	0.2236566641091586	retry_displacement	-1	452	326	641	278	204	641	0	2	2	278	2	-8.9351155094679696e-02	1.0000000000000000e+00	-2.2337788773669922e+03	-0.3909257837381190	2.9695250093216528	49.5745059383474711	-0.0000057034140024	0.0000014082036062	-0.9999999999827440	4.9731275539700067e-04	4.9900103184993558e-03	4.1905699882383018e-09	5.0147305964955043e-03	1	top_other
448	0.2236566641091586	retry_displacement	-1	452	326	641	279	204	641	0	2	2	279	2	-9.0965185585335645e-02	1.0000000000000000e+00	-2.2741296396333910e+03	-2.0477803028636132	3.0348360064668425	49.5745623593901570	-0.0000057034140024	0.0000014082036062	-0.9999999999827440	-1.4324988499243886e-03	5.3655955471227784e-03	1.5725985000325515e-08	5.5535275753871788e-03	1	top_other
448	0.2236566641091586	retry_displacement	-1	452	326	641	280	222	641	0	2	2	280	2	-9.0487481600370304e-02	1.0000000000000000e+00	-2.2621870400092575e+03	-0.3908371897467262	2.9694315356773315	49.5752292801695091	-0.0000057034140024	0.0000014082036062	-0.9999999999827440	8.1475245143826304e-04	4.9168320089876842e-03	2.2770300228680540e-09	4.9838798703154665e-03	1	top_other
448	0.2236566641091586	retry_displacement	-1	452	326	641	281	224	641	0	2	2	281	2	-9.1332950773993338e-02	1.0000000000000000e+00	-2.2833237693498336e+03	-0.4382104796772708	-3.5695876791775802	49.5752561282277071	-0.0000057034140024	0.0000014082036062	-0.9999999999827440	-5.9166424397895270e-04	-3.4138314016878141e-03	-1.4328635639104803e-09	3.4647238586581505e-03	1	top_other
448	0.2236566641091586	retry_displacement	-1	452	326	641	282	224	641	0	2	2	282	2	-9.0025745360628379e-02	1.0000000000000000e+00	-2.2506436340157093e+03	-1.5779030560250091	-2.2264824853001555	49.5751815137661751	-0.0000057034140024	0.0000014082036062	-0.9999999999827440	-1.4460515617962938e-03	-1.8171630739912954e-03	5.6884951332714095e-09	2.3223149564353569e-03	1	top_other
448	0.2236566641091586	retry_displacement	-1	452	326	641	283	224	641	0	2	2	283	2	-9.2200529138443038e-02	1.0000000000000000e+00	-2.3050132284610759e+03	0.9897243712132351	-2.5383041519775515	49.5762171583893192	-0.0000057034140024	0.0000014082036062	-0.9999999999827440	1.0409107980715883e-03	-2.7018210961884783e-03	-9.7414594446565417e-09	2.8953985089182521e-03	1	top_other
448	0.2236566641091586	retry_displacement	-1	452	326	641	284	234	641	0	2	2	284	2	-9.1953422711064964e-02	1.0000000000000000e+00	-2.2988355677766240e+03	-3.2379385097575621	-1.6371350256113373	49.5753548533840558	-0.0000057034140024	0.0000014082036062	-0.9999999999827440	-3.7075467567126538e-03	-4.1209846031555408e-04	2.0565355543511465e-08	3.7303790818934072e-03	1	top_other
448	0.2236566641091586	retry_displacement	-1	452	326	641	285	240	641	0	2	2	285	2	-9.0958936177858940e-02	1.0000000000000000e+00	-2.2739734044464735e+03	-2.7798093846409317	0.0637938283111865	49.5753629221693330	-0.0000057034140024	0.0000014082036062	-0.9999999999827440	-2.7067419064968502e-03	1.5916849282016799e-03	1.7679086139477107e-08	3.1400497861281021e-03	1	top_other
448	0.2236566641091586	retry_displacement	-1	452	326	641	286	240	641	0	2	2	286	2	-9.1284921572970884e-02	1.0000000000000000e+00	-2.2821230393242722e+03	-3.2378962073552389	-1.6370815693729170	49.5749816293981524	-0.0000057034140024	0.0000014082036062	-0.9999999999827440	-3.6683985648480483e-03	-1.6433322558834397e-04	2.0690981109017237e-08	3.6720775373131225e-03	1	top_other
448	0.2236566641091586	retry_displacement	-1	452	326	641	287	252	641	0	2	2	287	2	-8.9938864182850839e-02	1.0000000000000000e+00	-2.2484716045712712e+03	-0.4394191080550812	-0.5051491580759901	49.5758195467474536	-0.0000057034140024	0.0000014082036062	-0.9999999999827440	-2.0284252057701583e-04	1.4777683526680694e-04	1.3649947422367248e-09	2.5096430263560056e-04	1	top_other
448	0.2236566641091586	retry_displacement	-1	452	326	641	288	252	641	0	2	2	288	2	-9.0332990544956096e-02	1.0000000000000000e+00	-2.2583247636239025e+03	-1.5779103364068263	-2.2264726150424194	49.5754846581598514	-0.0000057034140024	0.0000014082036062	-0.9999999999827440	-1.7311686505225301e-03	-1.4854859470882892e-03	7.7817048499406738e-09	2.2811430020078412e-03	1	top_other
448	0.2236566641091586	retry_displacement	-1	452	326	641	289	269	641	0	2	2	289	2	-9.1362274990935452e-02	1.0000000000000000e+00	-2.2840568747733864e+03	-2.7799033120612835	0.0638595849014834	49.5756594843556968	-0.0000057034140024	0.0000014082036062	-0.9999999999827440	-2.6945206365686430e-03	1.5632146721157693e-03	1.7569291271835041e-08	3.1151374885100944e-03	1	top_other
448	0.2236566641091586	retry_displacement	-1	452	326	641	290	269	641	0	2	2	290	2	-8.9615681039411227e-02	1.0000000000000000e+00	-2.2403920259852807e+03	-1.5779487804835539	-2.2264691491399717	49.5749703940533735	-0.0000057034140024	0.0000014082036062	-0.9999999999827440	-2.1386379686547476e-03	-1.3957521682094389e-03	1.0232034497459352e-08	2.5538003986486004e-03	1	top_other
448	0.2236566641091586	retry_displacement	-1	452	326	641	291	269	641	0	2	2	291	2	-9.1354896550377263e-02	1.0000000000000000e+00	-2.2838724137594318e+03	-3.2379492606003524	-1.6370271955554059	49.5750904022688204	-0.0000057034140024	0.0000014082036062	-0.9999999999827440	-3.6293272395036854e-03	-2.0287846832632171e-04	2.0413861614998474e-08	3.6349932441107234e-03	1	top_other
448	0.2236566641091586	retry_displacement	-1	452	326	641	292	295	641	0	2	2	292	2	-9.1701620111252172e-02	1.0000000000000000e+00	-2.2925405027813044e+03	-3.1933648192298349	1.7415545654209255	49.5750268282963162	-0.0000057034140024	0.0000014082036062	-0.9999999999827440	-2.4914842597858040e-03	3.7744701691980916e-03	1.9525188715840969e-08	4.5226230083114287e-03	1	top_other
448	0.2236566641091586	retry_displacement	-1	452	326	641	293	295	641	0	2	2	293	2	-8.9655600873682892e-02	1.0000000000000000e+00	-2.2413900218420722e+03	-2.7798979557292043	0.0639363472609944	49.5744718007603922	-0.0000057034140024	0.0000014082036062	-0.9999999999827440	-2.7938812142418354e-03	2.2665620010389022e-03	1.9126442027395107e-08	3.5976486132212422e-03	1	top_other
448	0.2236566641091586	retry_displacement	-1	452	326	641	294	299	641	0	2	2	294	2	-9.0431502372921066e-02	1.0000000000000000e+00	-2.2607875593230265e+03	-2.0478187304125202	3.0349291973660981	49.5741101851878128	-0.0000057034140024	0.0000014082036062	-0.9999999999827440	-1.4627462421287955e-03	5.6247800831967518e-03	1.6263482990885869e-08	5.8118652387553925e-03	1	top_other
448	0.2236566641091586	retry_displacement	-1	452	326	641	295	299	641	0	2	2	295	2	-8.9221470752311141e-02	1.0000000000000000e+00	-2.2305367688077786e+03	-0.3909184380258878	2.9695642649729379	49.5743905604434474	-0.0000057034140024	0.0000014082036062	-0.9999999999827440	5.8774578147786417e-04	5.1142712105311195e-03	3.8497776494450520e-09	5.1479330918852559e-03	1	top_other
448	0.2236566641091586	retry_displacement	-1	452	326	641	296	313	641	0	2	2	296	2	-8.9757356171655908e-02	1.0000000000000000e+00	-2.2439339042913975e+03	-0.3908941869661433	2.9694745117985404	49.5749585810188691	-0.0000057034140024	0.0000014082036062	-0.9999999999827440	8.9292690508965226e-04	4.7499410863550869e-03	1.5961523491814233e-09	4.8331417092487240e-03	1	top_other
448	0.2236566641091586	retry_displacement	-1	452	326	641	297	313	641	0	2	2	297	2	-8.9821837593497267e-02	1.0000000000000000e+00	-2.2455459398374319e+03	0.6583287634931096	1.0131830396880617	49.5755429960442342	-0.0000057034140024	0.0000014082036062	-0.9999999999827440	1.4323041711661226e-03	2.2724918762746507e-03	-4.9688924225188558e-09	2.6862082135416915e-03	1	top_other
448	0.2236566641091586	retry_displacement	-1	452	326	641	298	313	641	0	2	2	298	2	-8.9355419522367044e-02	1.0000000000000000e+00	-2.2338854880591762e+03	-1.3907347610942467	1.3598494118514579	49.5750235301295064	-0.0000057034140024	0.0000014082036062	-0.9999999999827440	-8.4816723908198201e-04	3.5594882318754910e-03	9.8499330636325766e-09	3.6591452742968651e-03	1	top_other
448	0.2236566641091586	retry_displacement	-1	452	326	641	299	317	641	0	2	2	299	2	-9.1246478185763258e-02	1.0000000000000000e+00	-2.2811619546440816e+03	-2.7799501266311055	0.0638221509068501	49.5756028953194416	-0.0000057034140024	0.0000014082036062	-0.9999999999827440	-2.6636234866689143e-03	1.7652567998860896e-03	1.7677588490250251e-08	3.1954689246792619e-03	1	top_other
448	0.2236566641091586	retry_displacement	-1	452	326	641	300	317	641	0	2	2	300	2	-8.9202089644776272e-02	1.0000000000000000e+00	-2.2300522411194070e+03	-1.3907206058459665	1.3598502414849976	49.5749467773694050	-0.0000057034140024	0.0000014082036062	-0.9999999999827440	-1.1163060493796094e-03	3.2068662618951779e-03	1.0882676190759888e-08	3.3956045732213128e-03	1	top_other
448	0.2236566641091586	retry_displacement	-1	452	326	641	301	317	641	0	2	2	301	2	-8.8985089592580099e-02	1.0000000000000000e+00	-2.2246272398145024e+03	-0.4394873269312868	-0.5051404918753135	49.5753637825798279	-0.0000057034140024	0.0000014082036062	-0.9999999999827440	-6.1062079440736159e-04	4.8083445779244726e-04	4.1597360000977801e-09	7.7721266740869417e-04	1	top_other
448	0.2236566641091586	retry_displacement	-1	452	326	641	305	344	641	0	2	2	305	2	-9.1052381361448984e-02	1.0000000000000000e+00	-2.2763095340362247e+03	-2.7798180964756809	0.0637404889844490	49.5753608479413259	-0.0000057034140024	0.0000014082036062	-0.9999999999827440	-2.7062313899516633e-03	1.7461465116865554e-03	1.7893687823122839e-08	3.2206701129664029e-03	1	top_other
448	0.2236566641091586	retry_displacement	-1	452	326	641	306	348	641	0	2	2	306	2	-8.9423837617391977e-02	1.0000000000000000e+00	-2.2355959404347996e+03	-1.3906736094792151	1.3598390542491956	49.5749379382634956	-0.0000057034140024	0.0000014082036062	-0.9999999999827440	-1.1283974026686985e-03	3.3936431971687271e-03	1.1214658146574408e-08	3.5763242090398927e-03	1	top_other
448	0.2236566641091586	retry_displacement	-1	452	326	641	307	348	641	0	2	2	307	2	-9.0847940961222687e-02	1.0000000000000000e+00	-2.2711985240305671e+03	-2.7798618242966442	0.0637542457879576	49.5751955676250589	-0.0000057034140024	0.0000014082036062	-0.9999999999827440	-2.6424534945750306e-03	1.8221294089534143e-03	1.7636935453757552e-08	3.2097844248914552e-03	1	top_other
448	0.2236566641091586	retry_displacement	-1	452	326	641	308	359	641	0	2	2	308	2	-9.0126656655237475e-02	1.0000000000000000e+00	-2.2531664163809369e+03	1.5967691250628249	2.7031804088883051	49.5756534519807275	-0.0000057034140024	0.0000014082036062	-0.9999999999827440	3.1213068633386535e-03	4.0461488426906276e-03	-1.2104303892535029e-08	5.1101738710613558e-03	1	top_other
448	0.2236566641091586	retry_displacement	-1	452	326	641	309	359	641	0	2	2	309	2	-8.9992619832550844e-02	1.0000000000000000e+00	-2.2498154958137711e+03	0.6582909697098345	1.0131772164814634	49.5756464727066515	-0.0000057034140024	0.0000014082036062	-0.9999999999827440	1.5189076624171956e-03	2.3483440617423149e-03	-5.3560126472840253e-09	2.7967481687307403e-03	1	top_other
448	0.2236566641091586	retry_displacement	-1	452	326	641	310	359	641	0	2	2	310	2	-8.9956235461835829e-02	1.0000000000000000e+00	-2.2489058865458956e+03	-0.3909350661731892	2.9694743362390907	49.5751249320026091	-0.0000057034140024	0.0000014082036062	-0.9999999999827440	9.7494967838086962e-04	4.8043094370751865e-03	1.2049042319439707e-09	4.9022358207807702e-03	1	top_other
448	0.2236566641091586	retry_displacement	-1	452	326	641	311	361	641	0	2	2	311	2	-8.9710500769030588e-02	1.0000000000000000e+00	-2.2427625192257647e+03	-0.3908611923155675	2.9694709371724826	49.5747908297460782	-0.0000057034140024	0.0000014082036062	-0.9999999999827440	6.7204367627269560e-04	4.9051051297798118e-03	3.0744434220686401e-09	4.9509291084623500e-03	1	top_other
448	0.2236566641091586	retry_displacement	-1	452	326	641	312	380	641	0	2	2	312	2	-8.9022246123191498e-02	1.0000000000000000e+00	-2.2255561530797872e+03	-0.4394663432625478	-0.5050989632432987	49.5754242301001256	-0.0000057034140024	0.0000014082036062	-0.9999999999827440	-5.4506202788311543e-04	3.6259175632226144e-04	3.6193174152154839e-09	6.5464906324382368e-04	1	top_other
448	0.2236566641091586	retry_displacement	-1	452	326	641	313	380	641	0	2	2	313	2	-8.9566313612174542e-02	1.0000000000000000e+00	-2.2391578403043636e+03	-1.5779861345081101	-2.2264788354320117	49.5751001970933629	-0.0000057034140024	0.0000014082036062	-0.9999999999827440	-2.0683285356876196e-03	-1.3437690904756887e-03	9.9042334611443295e-09	2.4665154165655740e-03	1	top_other
448	0.2236566641091586	retry_displacement	-1	452	326	641	314	380	641	0	2	2	314	2	-9.1347848366150841e-02	1.0000000000000000e+00	-2.2836962091537712e+03	-2.7799515258138525	0.0638614471290481	49.5757460898222035	-0.0000057034140024	0.0000014082036062	-0.9999999999827440	-2.6602713565942681e-03	1.6379213729363494e-03	1.7479155692279313e-08	3.1240726808035571e-03	1	top_other
448	0.2236566641091586	retry_displacement	-1	452	326	641	315	381	641	0	2	2	315	2	-8.9805420477999665e-02	1.0000000000000000e+00	-2.2451355119499917e+03	-0.3908295973211168	2.9694114905236946	49.5748017168159549	-0.0000057034140024	0.0000014082036062	-0.9999999999827440	7.9586618914960906e-04	4.7232404270448076e-03	2.1121298321435944e-09	4.7898228696587938e-03	1	top_other
448	0.2236566641091586	retry_displacement	-1	452	326	641	316	381	641	0	2	2	316	2	-8.9608092824268321e-02	1.0000000000000000e+00	-2.2402023206067079e+03	-1.3906936457082864	1.3598381349815327	49.5750185052068630	-0.0000057034140024	0.0000014082036062	-0.9999999999827440	-9.8232943836329628e-04	3.6446594258670341e-03	1.0735054026267399e-08	3.7747203149573623e-03	1	top_other
448	0.2236566641091586	retry_displacement	-1	452	326	641	317	386	641	0	2	2	317	2	-9.0278966424288912e-02	1.0000000000000000e+00	-2.2569741606072230e+03	-2.7798818302640895	0.0638042713957617	49.5748899222286568	-0.0000057034140024	0.0000014082036062	-0.9999999999827440	-2.8029902053846394e-03	1.9774767855414749e-03	1.8771303525455529e-08	3.4303306734468075e-03	1	top_other
448	0.2236566641091586	retry_displacement	-1	452	326	641	318	400	641	0	2	2	318	2	-8.9565620748465732e-02	1.0000000000000000e+00	-2.2391405187116434e+03	-0.4394816096310123	-0.5051332872107153	49.5755647169596827	-0.0000057034140024	0.0000014082036062	-0.9999999999827440	3.0604458103015225e-05	1.2350812258534691e-04	-6.2530536304450379e-13	1.2724342497880310e-04	1	top_other
448	0.2236566641091586	retry_displacement	-1	452	326	641	319	400	641	0	2	2	319	2	-9.0456448813093795e-02	1.0000000000000000e+00	-2.2614112203273448e+03	1.3531048177701748	-0.6871287258299603	49.5755355631977466	-0.0000057034140024	0.0000014082036062	-0.9999999999827440	1.9614005178205060e-03	-7.3976744874073956e-04	-1.2228422358040447e-08	2.0962699896894164e-03	1	top_other
448	0.2236566641091586	retry_displacement	-1	452	326	641	320	400	641	0	2	2	320	2	-9.1597232016249738e-02	1.0000000000000000e+00	-2.2899308004062436e+03	0.9897129353069133	-2.5383205593124361	49.5759899886419859	-0.0000057034140024	0.0000014082036062	-0.9999999999827440	1.1696416209616806e-03	-2.4971134157033919e-03	-1.0187394525185134e-08	2.7574692985553820e-03	1	top_other
448	0.2236566641091586	retry_displacement	-1	452	326	641	321	405	641	0	2	2	321	2	-8.9628351098667861e-02	1.0000000000000000e+00	-2.2407087774666966e+03	-1.5779024054896085	-2.2265015667143557	49.5751316574937420	-0.0000057034140024	0.0000014082036062	-0.9999999999827440	-1.4594610039183689e-03	-1.6529799786107425e-03	5.9961779569350782e-09	2.2050780556892623e-03	1	top_other
448	0.2236566641091586	retry_displacement	-1	452	326	641	322	405	641	0	2	2	322	2	-8.9649056315487377e-02	1.0000000000000000e+00	-2.2412264078871845e+03	-0.4394469665518486	-0.5051287585514685	49.5756756536068792	-0.0000057034140024	0.0000014082036062	-0.9999999999827440	-4.3057247935524085e-05	3.8160932565609839e-05	2.9931168654684370e-10	5.7534193086787981e-05	1	top_other
448	0.2236566641091586	retry_displacement	-1	452	326	641	323	405	641	0	2	2	323	2	-9.1815774283137017e-02	1.0000000000000000e+00	-2.2953943570784254e+03	0.9897378620758147	-2.5383132751770789	49.5761196494545260	-0.0000057034140024	0.0000014082036062	-0.9999999999827440	1.0734735196235464e-03	-2.5414642438831136e-03	-9.7013630184772381e-09	2.7588740276358122e-03	1	top_other
448	0.2236566641091586	retry_displacement	-1	452	326	641	324	412	641	0	2	2	324	2	-9.0821868757575794e-02	1.0000000000000000e+00	-2.2705467189393949e+03	-2.0477241722497626	3.0348487968397633	49.5744304889206546	-0.0000057034140024	0.0000014082036062	-0.9999999999827440	-1.5202132939335282e-03	5.3608351761628495e-03	1.6219553214402715e-08	5.5722169955324131e-03	1	top_other
448	0.2236566641091586	retry_displacement	-1	452	326	641	325	426	641	0	2	2	325	2	-9.0081273113518587e-02	1.0000000000000000e+00	-2.2520318278379646e+03	-2.0478223866820899	3.0349790244802408	49.5738830058517124	-0.0000057034140024	0.0000014082036062	-0.9999999999827440	-1.5898397071033095e-03	5.7552555596838738e-03	1.7172085683969662e-08	5.9708087267847862e-03	1	top_other
448	0.2236566641091586	retry_displacement	-1	452	326	641	326	426	641	0	2	2	326	2	-9.4210441547781271e-02	1.0000000000000000e+00	-2.3552610386945316e+03	-1.7705589920547324	4.7405290869359362	49.5755967643813875	-0.0000057034140024	0.0000014082036062	-0.9999999999827440	-9.7432284897425679e-04	6.9520318247110920e-03	1.5346842852093090e-08	7.0199751784507519e-03	1	top_other
448	0.2236566641091586	retry_displacement	-1	452	326	641	327	438	641	0	2	2	327	2	-9.7179584462013358e-02	1.0000000000000000e+00	-2.4294896115503338e+03	5.0045218694381317	0.0635796042858274	49.5772888214643785	-0.0000057034140024	0.0000014082036062	-0.9999999999827440	5.5466137072179489e-03	-8.6119520944079526e-04	-3.2847372488653548e-08	5.6130723144228924e-03	1	top_other
448	0.2236566641091586	retry_displacement	-1	452	326	641	328	438	641	0	2	2	328	2	-9.1328771912163681e-02	1.0000000000000000e+00	-2.2832192978040921e+03	2.6578908285179184	0.6215799070659941	49.5751975376240637	-0.0000057034140024	0.0000014082036062	-0.9999999999827440	4.8550480919587668e-03	7.8119824579423402e-04	-2.6590263088599464e-08	4.9174955694104589e-03	1	top_other
448	0.2236566641091586	retry_displacement	-1	452	326	641	329	455	641	0	2	2	329	2	-9.5718186610256717e-02	1.0000000000000000e+00	-2.3929546652564181e+03	-4.8531562054736685	-1.1330697054427603	49.5765568963417991	-0.0000057034140024	0.0000014082036062	-0.9999999999827440	-4.1559083632833858e-03	8.7732633924563733e-04	2.4938320061784758e-08	4.2475023049040076e-03	1	top_other
448	0.2236566641091586	retry_displacement	-1	452	326	641	330	455	641	0	2	2	330	2	-9.0283983641757062e-02	1.0000000000000000e+00	-2.2570995910439265e+03	-2.7799837072021476	0.0638121553506195	49.5748764902428647	-0.0000057034140024	0.0000014082036062	-0.9999999999827440	-3.0619409324426708e-03	1.5440805872818564e-03	1.9637896642166197e-08	3.4292371067300409e-03	1	top_other
448	0.2236566641091586	retry_displacement	-1	452	326	641	331	455	641	0	2	2	331	2	-9.0911496277305354e-02	1.0000000000000000e+00	-2.2727874069326340e+03	-3.2380662300979806	-1.6370538878125713	49.5745146851869976	-0.0000057034140024	0.0000014082036062	-0.9999999999827440	-3.8599938432732957e-03	-1.0500665292371674e-04	2.1867272173570207e-08	3.8614218712469334e-03	1	top_other
448	0.2236566641091586	retry_displacement	-1	452	326	641	332	466	641	0	2	2	332	2	-9.1266510219205774e-02	1.0000000000000000e+00	-2.2816627554801444e+03	2.8801914485986329	-1.4755593904435387	49.5757109716074211	-0.0000057034140024	0.0000014082036062	-0.9999999999827440	4.1356544450848161e-03	-1.8448746583239338e-03	-2.6185308615866987e-08	4.5284876277584462e-03	1	top_other
448	0.2236566641091586	retry_displacement	-1	452	326	641	333	466	641	0	2	2	333	2	-9.6964552714647392e-02	1.0000000000000000e+00	-2.4241138178661849e+03	5.0044928890755127	0.0635541602533536	49.5771606588403131	-0.0000057034140024	0.0000014082036062	-0.9999999999827440	5.4665590069546480e-03	-1.0192684227943254e-03	-3.2613386657942556e-08	5.5607711241595125e-03	1	top_other
448	0.2236566641091586	retry_displacement	-1	452	326	641	334	466	641	0	2	2	334	2	-9.1141386458414880e-02	1.0000000000000000e+00	-2.2785346614603718e+03	2.6579198565894417	0.6215492601026014	49.5750474480288901	-0.0000057034140024	0.0000014082036062	-0.9999999999827440	4.8677464202609103e-03	6.4600603984476179e-04	-2.6853065063225934e-08	4.9104255432905102e-03	1	top_other
448	0.2236566641091586	retry_displacement	-1	452	326	641	335	469	641	0	2	2	335	2	-9.1455150773739183e-02	1.0000000000000000e+00	-2.2863787693434797e+03	0.9898001309899698	-2.5384658644755134	49.5757743223721405	-0.0000057034140024	0.0000014082036062	-0.9999999999827440	1.5486135837146605e-03	-3.1274577273702172e-03	-1.3236481660738875e-08	3.4898704658380161e-03	1	top_other
448	0.2236566641091586	retry_displacement	-1	452	326	641	336	469	641	0	2	2	336	2	-9.6438799376891635e-02	1.0000000000000000e+00	-2.4109699844222910e+03	2.8440262753920051	-4.0524154703568938	49.5778277771731410	-0.0000057034140024	0.0000014082036062	-0.9999999999827440	2.3476716937023611e-03	-3.9079660436634120e-03	-1.8892955491733865e-08	4.5589210324587237e-03	1	top_other
448	0.2236566641091586	retry_displacement	-1	452	326	641	337	470	641	0	2	2	337	2	-9.7749956505369162e-02	1.0000000000000000e+00	-2.4437489126342289e+03	4.4315552044408291	2.3877575033552305	49.5782526250803954	-0.0000057034140024	0.0000014082036062	-0.9999999999827440	5.2980612662786144e-03	1.5680947744199753e-03	-2.8008840094462251e-08	5.5252488092021237e-03	1	top_other
448	0.2236566641091586	retry_displacement	-1	452	326	641	338	470	641	0	2	2	338	2	-9.1501500459517923e-02	1.0000000000000000e+00	-2.2875375114879480e+03	2.6578633512212035	0.6216102187135633	49.5753599203220787	-0.0000057034140024	0.0000014082036062	-0.9999999999827440	4.6774487065114967e-03	1.2198830299938507e-03	-2.4959582761718835e-08	4.8339053579415509e-03	1	top_other
448	0.2236566641091586	retry_displacement	-1	452	326	641	339	472	641	0	2	2	339	2	-9.5664621458710103e-02	1.0000000000000000e+00	-2.3916155364677525e+03	-4.8532060173092830	-1.1329995931740087	49.5764213431639860	-0.0000057034140024	0.0000014082036062	-0.9999999999827440	-4.2231923835206134e-03	8.8236396821892468e-04	2.5329162711695830e-08	4.3143852495203918e-03	1	top_other
448	0.2236566641091586	retry_displacement	-1	452	326	641	340	472	641	0	2	2	340	2	-9.1348825805144349e-02	1.0000000000000000e+00	-2.2837206451286088e+03	-3.2380692068272210	-1.6371315319318669	49.5748008626321379	-0.0000057034140024	0.0000014082036062	-0.9999999999827440	-3.8400767251617444e-03	-3.7253451852854160e-04	2.1376942910267260e-08	3.8581046153624726e-03	1	top_other
448	0.2236566641091586	retry_displacement	-1	452	326	641	341	473	641	0	2	2	341	2	-9.5504977515107781e-02	1.0000000000000000e+00	-2.3876244378776946e+03	0.6056929615513681	-4.9013598963487350	49.5765112440167925	-0.0000057034140024	0.0000014082036062	-0.9999999999827440	-7.0595603124698226e-05	-4.3249603716803316e-03	-5.6877888371387186e-09	4.3255364934095932e-03	1	top_other
448	0.2236566641091586	retry_displacement	-1	452	326	641	342	473	641	0	2	2	342	2	-9.1562822945864847e-02	1.0000000000000000e+00	-2.2890705736466211e+03	-0.4382845593953292	-3.5698137123404949	49.5751029831126431	-0.0000057034140024	0.0000014082036062	-0.9999999999827440	-6.9634412208202244e-04	-3.8101917102443521e-03	-1.3939868981349690e-09	3.8733004021344517e-03	1	top_other
448	0.2236566641091586	retry_displacement	-1	452	326	641	343	476	641	0	2	2	343	2	-9.1581467799622007e-02	1.0000000000000000e+00	-2.2895366949905501e+03	0.9897491114718562	-2.5384670286017852	49.5757795188971429	-0.0000057034140024	0.0000014082036062	-0.9999999999827440	1.1570695614224105e-03	-3.2477083770489175e-03	-1.1172681405047236e-08	3.4476687300912180e-03	1	top_other
448	0.2236566641091586	retry_displacement	-1	452	326	641	344	476	641	0	2	2	344	2	-9.5628256563204256e-02	1.0000000000000000e+00	-2.3907064140801062e+03	0.6055924037829143	-4.9013547912450353	49.5766824680919029	-0.0000057034140024	0.0000014082036062	-0.9999999999827440	-1.3173728925169981e-04	-4.3084148287041166e-03	-5.3157730162123329e-09	4.3104284067369877e-03	1	top_other
448	0.2236566641091586	retry_displacement	-1	452	326	641	345	476	641	0	2	2	345	2	-9.1191363431735450e-02	1.0000000000000000e+00	-2.2797840857933861e+03	-0.4382082536972703	-3.5697875517481363	49.5748584148167382	-0.0000057034140024	0.0000014082036062	-0.9999999999827440	-4.4156084608902417e-04	-3.7485458937953496e-03	-2.7603115487773167e-09	3.7744631802014510e-03	1	top_other
448	0.2236566641091586	retry_displacement	-1	452	326	641	346	490	641	0	2	2	346	2	-9.7135552794764629e-02	1.0000000000000000e+00	-2.4283888198691157e+03	5.0045135801561926	0.0635453042978952	49.5772386892124501	-0.0000057034140024	0.0000014082036062	-0.9999999999827440	5.5074117110757645e-03	-7.4407005862863439e-04	-3.2458851204064665e-08	5.5574476163519236e-03	1	top_other
448	0.2236566641091586	retry_displacement	-1	452	326	641	347	490	641	0	2	2	347	2	-9.1293218600442941e-02	1.0000000000000000e+00	-2.2823304650110736e+03	2.6578885576074738	0.6215373520458627	49.5752110266888550	-0.0000057034140024	0.0000014082036062	-0.9999999999827440	4.8347595134090723e-03	8.4089614256134483e-04	-2.6390482132931936e-08	4.9073420377807918e-03	1	top_other
448	0.2236566641091586	retry_displacement	-1	452	326	641	348	491	641	0	2	2	348	2	-9.0327582697706146e-02	1.0000000000000000e+00	-2.2581895674426537e+03	1.5968978510904008	2.7032209335718731	49.5757783671325925	-0.0000057034140024	0.0000014082036062	-0.9999999999827440	3.8824480971170303e-03	3.9457371570855507e-03	-1.6586807552454452e-08	5.5355437799631153e-03	1	top_other
448	0.2236566641091586	retry_displacement	-1	452	326	641	349	491	641	0	2	2	349	2	-9.7607695509051365e-02	1.0000000000000000e+00	-2.4401923877262843e+03	4.4315451575775269	2.3877674799730810	49.5781987912748434	-0.0000057034140024	0.0000014082036062	-0.9999999999827440	5.2191338515714799e-03	1.7234506929314881e-03	-2.7339911598533995e-08	5.4963297255835051e-03	1	top_other
448	0.2236566641091586	retry_displacement	-1	452	326	641	350	491	641	0	2	2	350	2	-9.1363796828779417e-02	1.0000000000000000e+00	-2.2840949207194853e+03	2.6578905124785464	0.6215974451140980	49.5753576819216661	-0.0000057034140024	0.0000014082036062	-0.9999999999827440	4.6035795491111541e-03	1.3341148482635971e-03	-2.4377414711840295e-08	4.7929956284088263e-03	1	top_other
448	0.2236566641091586	retry_displacement	-1	452	326	641	351	497	641	0	2	2	351	2	-9.3991116803243985e-02	1.0000000000000000e+00	-2.3497779200810996e+03	-1.7705499342940656	4.7405453811181228	49.5752978267649809	-0.0000057034140024	0.0000014082036062	-0.9999999999827440	-1.2269129603508164e-03	7.1782038164076205e-03	1.7105965061103845e-08	7.2823022075754551e-03	1	top_other
448	0.2236566641091586	retry_displacement	-1	452	326	641	352	497	641	0	2	2	352	2	-9.0065189038709512e-02	1.0000000000000000e+00	-2.2516297259677376e+03	-2.0477798464441106	3.0349723039028005	49.5738724267901176	-0.0000057034140024	0.0000014082036062	-0.9999999999827440	-1.6229126298659851e-03	5.6891658069152052e-03	1.7267646423846372e-08	5.9161180670309335e-03	1	top_other
448	0.2236566641091586	retry_displacement	-1	452	326	641	353	498	641	0	2	2	353	2	-9.1072080965791807e-02	1.0000000000000000e+00	-2.2768020241447953e+03	0.9898201660732312	-2.5384449435795049	49.5755654843630325	-0.0000057034140024	0.0000014082036062	-0.9999999999827440	1.6949303734799723e-03	-2.9612146967164174e-03	-1.3836882847839682e-08	3.4119761797506325e-03	1	top_other
448	0.2236566641091586	retry_displacement	-1	452	326	641	354	498	641	0	2	2	354	2	-9.6210562573359790e-02	1.0000000000000000e+00	-2.4052640643339946e+03	2.8440434585528807	-4.0523649963944921	49.5776968251043257	-0.0000057034140024	0.0000014082036062	-0.9999999999827440	2.4663927239814564e-03	-3.7756473350430706e-03	-1.9383739002787337e-08	4.5098343503838633e-03	1	top_other
448	0.2236566641091586	retry_displacement	-1	452	326	641	355	498	641	0	2	2	355	2	-9.1313291571023303e-02	1.0000000000000000e+00	-2.2828322892755828e+03	2.8801788350207334	-1.4756520452882071	49.5756780010009734	-0.0000057034140024	0.0000014082036062	-0.9999999999827440	3.8755938920528653e-03	-2.5909559159481331e-03	-2.5752709936766038e-08	4.6618966714382796e-03	1	top_other
448	0.2236566641091586	retry_displacement	-1	452	326	641	356	520	641	0	2	2	356	2	-8.9111932261634136e-02	1.0000000000000000e+00	-2.2277983065408534e+03	-0.3909360834345776	2.9694793300381788	49.5742500213446462	-0.0000057034140024	0.0000014082036062	-0.9999999999827440	4.7561018245991063e-04	4.8195878575386618e-03	4.0743592388814420e-09	4.8429982616360976e-03	1	top_other
448	0.2236566641091586	retry_displacement	-1	452	326	641	357	520	641	0	2	2	357	2	-8.9343794931586187e-02	1.0000000000000000e+00	-2.2335948732896545e+03	-1.3907217156363074	1.3598610677442793	49.5747458554117131	-0.0000057034140024	0.0000014082036062	-0.9999999999827440	-1.0757703748466205e-03	3.7314991137655145e-03	1.1390274320954852e-08	3.8834736429593799e-03	1	top_other
448	0.2236566641091586	retry_displacement	-1	452	326	641	358	520	641	0	2	2	358	2	-9.0840152677541613e-02	1.0000000000000000e+00	-2.2710038169385402e+03	-2.0477191513633004	3.0348837392076704	49.5744713153502872	-0.0000057034140024	0.0000014082036062	-0.9999999999827440	-1.3058979313008551e-03	5.2614428274047427e-03	1.4857259325595784e-08	5.4210838430377925e-03	1	top_other
448	0.2236566641091586	retry_displacement	-1	452	326	641	359	522	641	0	2	2	359	2	-9.0508522301193134e-02	1.0000000000000000e+00	-2.2627130575298283e+03	-2.0476704439562368	3.0348514642447411	49.5742438066905464	-0.0000057034140024	0.0000014082036062	-0.9999999999827440	-1.5011737202278426e-03	5.2723305740473170e-03	1.5986330134665216e-08	5.4818785302660966e-03	1	top_other
448	0.2236566641091586	retry_displacement	-1	452	326	641	360	522	641	0	2	2	360	2	-9.0661471923799031e-02	1.0000000000000000e+00	-2.2665367980949759e+03	-3.1933170466164298	1.7415202711594149	49.5742711334671284	-0.0000057034140024	0.0000014082036062	-0.9999999999827440	-2.3203186690929486e-03	4.0311249478612327e-03	1.8910382662551406e-08	4.6512199552126215e-03	1	top_other
448	0.2236566641091586	retry_displacement	-1	452	326	641	361	524	641	0	2	2	361	2	-9.5571002009646105e-02	1.0000000000000000e+00	-2.3892750502411527e+03	2.8443717217740696	4.1799322573961231	49.5774813509988377	-0.0000057034140024	0.0000014082036062	-0.9999999999827440	4.5318631009493978e-03	4.2174443569076309e-03	-1.9908071122176629e-08	6.1906881741656998e-03	1	top_other
448	0.2236566641091586	retry_displacement	-1	452	326	641	362	524	641	0	2	2	362	2	-9.0656905473037036e-02	1.0000000000000000e+00	-2.2664226368259260e+03	1.5968856827682658	2.7033637254160867	49.5757641444418624	-0.0000057034140024	0.0000014082036062	-0.9999999999827440	3.5781790115994422e-03	4.5096021137192993e-03	-1.4057398314837322e-08	5.7567244387159910e-03	1	top_other
448	0.2236566641091586	retry_displacement	-1	452	326	641	363	530	641	0	2	2	363	2	-9.5574438166238729e-02	1.0000000000000000e+00	-2.3893609541559681e+03	-3.7407951557501931	-3.2528161257798884	49.5767390929141953	-0.0000057034140024	0.0000014082036062	-0.9999999999827440	-3.7332863919516562e-03	-1.5948223309172204e-03	1.9046643318088030e-08	4.0596656945968380e-03	1	top_other
448	0.2236566641091586	retry_displacement	-1	452	326	641	364	530	641	0	2	2	364	2	-9.5470475443780609e-02	1.0000000000000000e+00	-2.3867618860945154e+03	-1.7707827460567658	-4.6127104880785215	49.5767421346742054	-0.0000057034140024	0.0000014082036062	-0.9999999999827440	-2.4089379868686509e-03	-3.3549752905094590e-03	9.0146823339409821e-09	4.1302350326088075e-03	1	top_other
448	0.2236566641091586	retry_displacement	-1	452	326	641	365	530	641	0	2	2	365	2	-8.9436199907979075e-02	1.0000000000000000e+00	-2.2359049976994770e+03	-1.5780956959688139	-2.2267070838221867	49.5746930412484232	-0.0000057034140024	0.0000014082036062	-0.9999999999827440	-2.2395029191505616e-03	-2.3123611463877736e-03	9.5165370028738039e-09	3.2190662304926610e-03	1	top_other
448	0.2236566641091586	retry_displacement	-1	452	326	641	366	540	641	0	2	2	366	2	-9.5503236016384926e-02	1.0000000000000000e+00	-2.3875809004096232e+03	-4.8530850179249585	1.2608738971415492	49.5767515184022471	-0.0000057034140024	0.0000014082036062	-0.9999999999827440	-3.6189165963778237e-03	3.1393346681112010e-03	2.5061001995840826e-08	4.7908224231933052e-03	1	top_other
448	0.2236566641091586	retry_displacement	-1	452	326	641	367	540	641	0	2	2	367	2	-9.5431997843327107e-02	1.0000000000000000e+00	-2.3857999460831775e+03	-4.8531419036300134	-1.1330699076148236	49.5765432777239567	-0.0000057034140024	0.0000014082036062	-0.9999999999827440	-4.1349082373116613e-03	1.0767926646858517e-03	2.5099436848363688e-08	4.2728150643737287e-03	1	top_other
448	0.2236566641091586	retry_displacement	-1	452	326	641	368	540	641	0	2	2	368	2	-8.9594867239944712e-02	1.0000000000000000e+00	-2.2398716809986176e+03	-2.7800144414389663	0.0638785893558449	49.5745122293092848	-0.0000057034140024	0.0000014082036062	-0.9999999999827440	-3.1328223326453682e-03	1.8272437448778607e-03	2.0440913989228093e-08	3.6267610166007169e-03	1	top_other
448	0.2236566641091586	retry_displacement	-1	452	326	641	369	546	641	0	2	2	369	2	-9.4393137291285095e-02	1.0000000000000000e+00	-2.3598284322821273e+03	-3.7405598774305089	3.3805981158618410	49.5756397683117171	-0.0000057034140024	0.0000014082036062	-0.9999999999827440	-2.0010917787912225e-03	5.1803910190778395e-03	1.8708100193998156e-08	5.5534511268253853e-03	1	top_other
448	0.2236566641091586	retry_displacement	-1	452	326	641	370	546	641	0	2	2	370	2	-9.0263382877514162e-02	1.0000000000000000e+00	-2.2565845719378540e+03	-2.0477268002972480	3.0349173722552520	49.5739602725563060	-0.0000057034140024	0.0000014082036062	-0.9999999999827440	-1.5790342869686470e-03	5.4526793240960063e-03	1.6684368941977112e-08	5.6767121726510883e-03	1	top_other
448	0.2236566641091586	retry_displacement	-1	452	326	641	371	546	641	0	2	2	371	2	-9.0399332355786677e-02	1.0000000000000000e+00	-2.2599833088946671e+03	-3.1934215454965296	1.7415802654307115	49.5739248773792269	-0.0000057034140024	0.0000014082036062	-0.9999999999827440	-2.4697963634580135e-03	4.0936445941576385e-03	1.9850956239908513e-08	4.7809852688144253e-03	1	top_other
448	0.2236566641091586	retry_displacement	-1	452	326	641	372	547	641	0	2	2	372	2	-8.9286520261141450e-02	1.0000000000000000e+00	-2.2321630065285362e+03	-1.3906947188692427	1.3598527861052432	49.5747291237804788	-0.0000057034140024	0.0000014082036062	-0.9999999999827440	-1.1950981880732346e-03	3.4848506781532912e-03	1.1723519030559792e-08	3.6840797939646777e-03	1	top_other
448	0.2236566641091586	retry_displacement	-1	452	326	641	373	547	641	0	2	2	373	2	-8.9823285393000968e-02	1.0000000000000000e+00	-2.2455821348250242e+03	-2.7799486478223812	0.0639072279785026	49.5744741596625715	-0.0000057034140024	0.0000014082036062	-0.9999999999827440	-2.8009883186396337e-03	2.2339602965380039e-03	1.9121066938132536e-08	3.5827523174271291e-03	1	top_other
448	0.2236566641091586	retry_displacement	-1	452	326	641	374	547	641	0	2	2	374	2	-9.1404194810361869e-02	1.0000000000000000e+00	-2.2851048702590469e+03	-3.1933630168618392	1.7415581705507819	49.5747764990292836	-0.0000057034140024	0.0000014082036062	-0.9999999999827440	-2.3814895866943711e-03	3.8864047954258263e-03	1.9055470298900978e-08	4.5580297153271932e-03	1	top_other
448	0.2236566641091586	retry_displacement	-1	452	326	641	375	548	641	0	2	2	375	2	-9.1231042196471074e-02	1.0000000000000000e+00	-2.2807760549117770e+03	-3.1933675538873971	1.7415180664396275	49.5746613314727540	-0.0000057034140024	0.0000014082036062	-0.9999999999827440	-2.4330496960285591e-03	3.8963235388639315e-03	1.9363506575942324e-08	4.5935898753833868e-03	1	top_other
448	0.2236566641091586	retry_displacement	-1	452	326	641	376	557	641	0	2	2	376	2	-9.1082337152505646e-02	1.0000000000000000e+00	-2.2770584288126411e+03	0.9897766151706904	-2.5384883139657277	49.5755536777041499	-0.0000057034140024	0.0000014082036062	-0.9999999999827440	1.3691480193253067e-03	-3.2503874385269201e-03	-1.2386025288746438e-08	3.5269795575689710e-03	1	top_other
448	0.2236566641091586	retry_displacement	-1	452	326	641	377	557	641	0	2	2	377	2	-9.6060678456992316e-02	1.0000000000000000e+00	-2.4015169614248080e+03	2.8439817072755034	-4.0524705122653959	49.5776186353169734	-0.0000057034140024	0.0000014082036062	-0.9999999999827440	2.1399499469176662e-03	-4.0479210561940411e-03	-1.7905317520328090e-08	4.5787608206601712e-03	1	top_other
448	0.2236566641091586	retry_displacement	-1	452	326	641	378	557	641	0	2	2	378	2	-9.5425554815418381e-02	1.0000000000000000e+00	-2.3856388703854595e+03	0.6055742717109680	-4.9013477296325387	49.5767064769903101	-0.0000057034140024	0.0000014082036062	-0.9999999999827440	2.1190954720763921e-05	-4.2423521758240554e-03	-6.0949564284484836e-09	4.2424051009207287e-03	1	top_other
448	0.2236566641091586	retry_displacement	-1	452	326	641	379	559	641	0	2	2	379	2	-9.5141241667205959e-02	1.0000000000000000e+00	-2.3785310416801490e+03	-1.7706777588794709	-4.6127311992320852	49.5762598804734367	-0.0000057034140024	0.0000014082036062	-0.9999999999827440	-2.0134074142533409e-03	-3.5325774976802931e-03	6.5087076700498514e-09	4.0660685179826775e-03	1	top_other
448	0.2236566641091586	retry_displacement	-1	452	326	641	380	559	641	0	2	2	380	2	-9.5242903428547868e-02	1.0000000000000000e+00	-2.3810725857136968e+03	0.6056556971702023	-4.9014048196786728	49.5762147149135330	-0.0000057034140024	0.0000014082036062	-0.9999999999827440	-1.8808111144545171e-04	-4.3565238166553165e-03	-5.0621681152440701e-09	4.3605818728230739e-03	1	top_other
448	0.2236566641091586	retry_displacement	-1	452	326	641	381	559	641	0	2	2	381	2	-9.1583624368626465e-02	1.0000000000000000e+00	-2.2895906092156615e+03	-0.4382763184294802	-3.5698060442418766	49.5750024269895775	-0.0000057034140024	0.0000014082036062	-0.9999999999827440	-8.0169356661032563e-04	-3.7096262358215447e-03	-6.5151872785662590e-10	3.7952653904885668e-03	1	top_other
448	0.2236566641091586	retry_displacement	-1	452	326	641	382	564	641	0	2	2	382	2	-9.0030910674855816e-02	1.0000000000000000e+00	-2.2507727668713956e+03	1.5968963003674717	2.7032809038274466	49.5755131338539385	-0.0000057034140024	0.0000014082036062	-0.9999999999827440	3.7885071642486390e-03	4.1429956403821683e-03	-1.5773243419725524e-08	5.6140181162904800e-03	1	top_other
448	0.2236566641091586	retry_displacement	-1	452	326	641	383	564	641	0	2	2	383	2	-9.5257976663067595e-02	1.0000000000000000e+00	-2.3814494165766901e+03	2.8443887489794237	4.1798818571604484	49.5773119604163313	-0.0000057034140024	0.0000014082036062	-0.9999999999827440	4.6578142214577936e-03	4.0311349484598129e-03	-2.0888784077466305e-08	6.1599742121818107e-03	1	top_other
448	0.2236566641091586	retry_displacement	-1	452	326	641	384	564	641	0	2	2	384	2	-9.7265461626482863e-02	1.0000000000000000e+00	-2.4316365406620716e+03	4.4315419775339535	2.3878205167745703	49.5779972387003980	-0.0000057034140024	0.0000014082036062	-0.9999999999827440	5.0965315166352091e-03	1.9015675515030245e-03	-2.6389834942297519e-08	5.4397235824701256e-03	1	top_other
448	0.2236566641091586	retry_displacement	-1	452	326	641	385	566	641	0	2	2	385	2	-8.9084169009810782e-02	1.0000000000000000e+00	-2.2271042252452694e+03	-1.3907029195378484	1.3598469768383326	49.5745585781193867	-0.0000057034140024	0.0000014082036062	-0.9999999999827440	-1.1633908302987332e-03	3.6226511563979425e-03	1.1736729962907866e-08	3.8048757699972644e-03	1	top_other
448	0.2236566641091586	retry_displacement	-1	452	326	641	386	566	641	0	2	2	386	2	-9.0890081836043080e-02	1.0000000000000000e+00	-2.2722520459010771e+03	-3.1933776186013700	1.7415715278570816	49.5744170909450332	-0.0000057034140024	0.0000014082036062	-0.9999999999827440	-2.3458202096295197e-03	4.0375926619167987e-03	1.9064936379598052e-08	4.6695853091933267e-03	1	top_other
448	0.2236566641091586	retry_displacement	-1	452	326	641	387	566	641	0	2	2	387	2	-9.0544009510634654e-02	1.0000000000000000e+00	-2.2636002377658665e+03	-2.0477077138477298	3.0348866904743290	49.5742662000269121	-0.0000057034140024	0.0000014082036062	-0.9999999999827440	-1.4392000997374488e-03	5.2230397660179874e-03	1.5563457425593619e-08	5.4176970499218331e-03	1	top_other
448	0.2236566641091586	retry_displacement	-1	452	326	641	388	568	641	0	2	2	388	2	-9.0199859700549015e-02	1.0000000000000000e+00	-2.2549964925137256e+03	1.5967977541199758	2.7033369979153306	49.5755018391651632	-0.0000057034140024	0.0000014082036062	-0.9999999999827440	3.2203781621189457e-03	4.4895421404198017e-03	-1.2044960487345158e-08	5.5251085181924611e-03	1	top_other
448	0.2236566641091586	retry_displacement	-1	452	326	641	389	568	641	0	2	2	389	2	-9.5197667624255619e-02	1.0000000000000000e+00	-2.3799416906063907e+03	0.6058513547081944	5.0287149175977293	49.5771516732047672	-0.0000057034140024	0.0000014082036062	-0.9999999999827440	2.5273904225654262e-03	5.3430275946494323e-03	-6.8906832045856348e-09	5.9106383940576357e-03	1	top_other
448	0.2236566641091586	retry_displacement	-1	452	326	641	390	568	641	0	2	2	390	2	-9.5257923223282512e-02	1.0000000000000000e+00	-2.3814480805820626e+03	2.8443211914180906	4.1799536301559543	49.5773104663649775	-0.0000057034140024	0.0000014082036062	-0.9999999999827440	4.3059888235465150e-03	4.2917115567127776e-03	-1.8515233263238784e-08	6.0795006238072158e-03	1	top_other
448	0.2236566641091586	retry_displacement	-1	452	326	641	391	569	641	0	2	2	391	2	-9.4272094672150808e-02	1.0000000000000000e+00	-2.3568023668037704e+03	-3.7405454984840945	3.3806678649588422	49.5755617353744782	-0.0000057034140024	0.0000014082036062	-0.9999999999827440	-1.9756136517897981e-03	5.2606896821157942e-03	1.8675864743578074e-08	5.6194221440470718e-03	1	top_other
448	0.2236566641091586	retry_displacement	-1	452	326	641	392	569	641	0	2	2	392	2	-9.0755269957868409e-02	1.0000000000000000e+00	-2.2688817489467101e+03	-3.1934551411809777	1.7415785764954166	49.5742422575381383	-0.0000057034140024	0.0000014082036062	-0.9999999999827440	-2.5810100892162120e-03	3.9607916628539887e-03	2.0298170186339171e-08	4.7275240536227376e-03	1	top_other
448	0.2236566641091586	retry_displacement	-1	452	326	641	393	573	641	0	2	2	393	2	-9.0761689702437517e-02	1.0000000000000000e+00	-2.2690422425609381e+03	-3.1934296119414411	1.7416049274243974	49.5742254816903767	-0.0000057034140024	0.0000014082036062	-0.9999999999827440	-2.5980028400107479e-03	3.8832792403863748e-03	2.0285933599595296e-08	4.6722025230003898e-03	1	top_other
448	0.2236566641091586	retry_displacement	-1	452	326	641	394	573	641	0	2	2	394	2	-9.5384748443947356e-02	1.0000000000000000e+00	-2.3846187110986839e+03	-4.8530386575699378	1.2609589176252214	49.5763638892981504	-0.0000057034140024	0.0000014082036062	-0.9999999999827440	-3.4720014978931184e-03	3.5970349565936006e-03	2.4867619574653332e-08	4.9993454452504863e-03	1	top_other
448	0.2236566641091586	retry_displacement	-1	452	326	641	395	573	641	0	2	2	395	2	-9.4077148915898898e-02	1.0000000000000000e+00	-2.3519287228974727e+03	-3.7405930602564141	3.3806468933838816	49.5753483607258190	-0.0000057034140024	0.0000014082036062	-0.9999999999827440	-2.0686179063761994e-03	5.1684637043879012e-03	1.9076433571685314e-08	5.5670635982103950e-03	1	top_other
448	0.2236566641091586	retry_displacement	-1	452	326	641	396	574	641	0	2	2	396	2	-9.1452156008242177e-02	1.0000000000000000e+00	-2.2863039002060545e+03	-3.2380696632218573	-1.6370971844146183	49.5747725403972908	-0.0000057034140024	0.0000014082036062	-0.9999999999827440	-3.7128618387601742e-03	-4.2724749813192586e-04	2.0574336748180322e-08	3.7373631692417682e-03	1	top_other
448	0.2236566641091586	retry_displacement	-1	452	326	641	397	574	641	0	2	2	397	2	-9.5165779542610171e-02	1.0000000000000000e+00	-2.3791444885652541e+03	-3.7408642601163322	-3.2527016889609373	49.5761856036458113	-0.0000057034140024	0.0000014082036062	-0.9999999999827440	-4.0328990718119526e-03	-1.2326938400763067e-03	2.1265409114179512e-08	4.2170853711107148e-03	1	top_other
448	0.2236566641091586	retry_displacement	-1	452	326	641	398	574	641	0	2	2	398	2	-9.5422178359927806e-02	1.0000000000000000e+00	-2.3855544589981951e+03	-4.8532354963169677	-1.1330495070394790	49.5761360749533395	-0.0000057034140024	0.0000014082036062	-0.9999999999827440	-4.2008350296642979e-03	7.6379480231187594e-04	2.5034679926316805e-08	4.2697069509651381e-03	1	top_other
448	0.2236566641091586	retry_displacement	-1	452	326	641	399	577	641	0	2	2	399	2	-8.9080516853687466e-02	1.0000000000000000e+00	-2.2270129213421865e+03	-0.3909577471385788	2.9695788538113534	49.5743039727241950	-0.0000057034140024	0.0000014082036062	-0.9999999999827440	5.4386244655489256e-04	5.2839367307280392e-03	4.3389860732157004e-09	5.3118521943977719e-03	1	top_other
448	0.2236566641091586	retry_displacement	-1	452	326	641	400	577	641	0	2	2	400	2	-9.3830798325215875e-02	1.0000000000000000e+00	-2.3457699581303968e+03	-1.7705666093134838	4.7404694113653374	49.5754983752147069	-0.0000057034140024	0.0000014082036062	-0.9999999999827440	-4.8939162706516275e-04	6.7627716281538344e-03	1.2314562439219578e-08	6.7804560509862168e-03	1	top_other
448	0.2236566641091586	retry_displacement	-1	452	326	641	401	577	641	0	2	2	401	2	-9.5647549996714515e-02	1.0000000000000000e+00	-2.3911887499178629e+03	0.6057972749347172	5.0287055087621493	49.5773723818858087	-0.0000057034140024	0.0000014082036062	-0.9999999999827440	2.0326493925070725e-03	5.3161988672761817e-03	-4.1067506062475445e-09	5.6915405602793335e-03	1	top_other
448	0.2236566641091586	retry_displacement	-1	452	326	641	402	578	641	0	2	2	402	2	-9.6866313904467344e-02	1.0000000000000000e+00	-2.4216578476116838e+03	5.0045143730089263	0.0636009597060209	49.5770612645362618	-0.0000057034140024	0.0000014082036062	-0.9999999999827440	5.4221435557989710e-03	-5.4761966652269538e-04	-3.1695889468608129e-08	5.4497273362856761e-03	1	top_other
448	0.2236566641091586	retry_displacement	-1	452	326	641	403	578	641	0	2	2	403	2	-9.7554818876429458e-02	1.0000000000000000e+00	-2.4388704719107363e+03	4.4315580353330990	2.3877482806044967	49.5781890077110248	-0.0000057034140024	0.0000014082036062	-0.9999999999827440	5.3367168130230907e-03	1.4006449034145319e-03	-2.8465112197895159e-08	5.5174588796541744e-03	1	top_other
448	0.2236566641091586	retry_displacement	-1	452	326	641	404	578	641	0	2	2	404	2	-9.1046192118458408e-02	1.0000000000000000e+00	-2.2761548029614601e+03	2.6578817120846923	0.6215727182516630	49.5750604641385166	-0.0000057034140024	0.0000014082036062	-0.9999999999827440	4.7608697120946480e-03	1.0098606034489672e-03	-2.5731121636174414e-08	4.8667955427160259e-03	1	top_other
448	0.2236566641091586	retry_displacement	-1	452	326	641	405	579	641	0	2	2	405	2	-9.5905619709168388e-02	1.0000000000000000e+00	-2.3976404927292097e+03	2.8440965269640857	-4.0523575678100157	49.5774777705588860	-0.0000057034140024	0.0000014082036062	-0.9999999999827440	2.6041049830322666e-03	-3.6861117570129017e-03	-2.0043084705823055e-08	4.5131787742392774e-03	1	top_other
448	0.2236566641091586	retry_displacement	-1	452	326	641	406	579	641	0	2	2	406	2	-9.5214801360092777e-02	1.0000000000000000e+00	-2.3803700340023192e+03	4.4316702919113578	-2.2606769868906311	49.5767019220140952	-0.0000057034140024	0.0000014082036062	-0.9999999999827440	4.3221020177186048e-03	-2.9884297110893037e-03	-2.8859054673757711e-08	5.2546434694012668e-03	1	top_other
448	0.2236566641091586	retry_displacement	-1	452	326	641	407	579	641	0	2	2	407	2	-9.0944470654311535e-02	1.0000000000000000e+00	-2.2736117663577884e+03	2.8802536713404221	-1.4756567836850252	49.5753482546429183	-0.0000057034140024	0.0000014082036062	-0.9999999999827440	4.0588095566923563e-03	-2.5010029385450659e-03	-2.6670992622768175e-08	4.7674889320080856e-03	1	top_other
448	0.2236566641091586	retry_displacement	-1	452	326	641	408	581	641	0	2	2	408	2	-9.5437242403548464e-02	1.0000000000000000e+00	-2.3859310600887115e+03	4.4316677214187781	-2.2606868674943357	49.5768835756352502	-0.0000057034140024	0.0000014082036062	-0.9999999999827440	4.3816985431065830e-03	-2.7731352649446508e-03	-2.8895779907722741e-08	5.1855145666729122e-03	1	top_other
448	0.2236566641091586	retry_displacement	-1	452	326	641	409	581	641	0	2	2	409	2	-9.6615032881333648e-02	1.0000000000000000e+00	-2.4153758220333411e+03	5.0045378624617838	0.0634994719646642	49.5769255548874384	-0.0000057034140024	0.0000014082036062	-0.9999999999827440	5.5016156617699449e-03	-1.2232123110764680e-03	-3.3100523794127312e-08	5.6359580595402789e-03	1	top_other
448	0.2236566641091586	retry_displacement	-1	452	326	641	410	581	641	0	2	2	410	2	-9.0916563106527695e-02	1.0000000000000000e+00	-2.2729140776631925e+03	2.8802553079066699	-1.4756381233131137	49.5754004637097552	-0.0000057034140024	0.0000014082036062	-0.9999999999827440	4.2122361713498903e-03	-2.0669534793031569e-03	-2.6934818098123259e-08	4.6920390289891334e-03	1	top_other
448	0.2236566641091586	retry_displacement	-1	452	326	641	411	588	641	0	2	2	411	2	-9.5488060431227526e-02	1.0000000000000000e+00	-2.3872015107806883e+03	4.4316983273353809	-2.2606586960219786	49.5768447064777220	-0.0000057034140024	0.0000014082036062	-0.9999999999827440	4.4179854060485821e-03	-2.8544752710879940e-03	-2.9217282204729855e-08	5.2599072351292263e-03	1	top_other
448	0.2236566641091586	retry_displacement	-1	452	326	641	412	588	641	0	2	2	412	2	-9.1276990024050764e-02	1.0000000000000000e+00	-2.2819247506012689e+03	2.8803178080614131	-1.4756640925910531	49.5755055589746689	-0.0000057034140024	0.0000014082036062	-0.9999999999827440	4.2728706683670490e-03	-2.3671609494481747e-03	-2.7703394980815865e-08	4.8847594321472301e-03	1	top_other
448	0.2236566641091586	retry_displacement	-1	452	326	641	413	594	641	0	1	1	413	2	-9.3360333530116302e-02	1.0000000000000000e+00	-2.3340083382529074e+03	-1.7706918306835362	4.7405802876727119	49.5749882673937137	-0.0000057034140024	0.0000014082036062	-0.9999999999827440	1.2233134827576077e-03	-1.1177707712167122e-03	-8.5511120823111852e-09	1.6570779626064889e-03	1	top_other
448	0.2236566641091586	retry_displacement	-1	452	326	641	414	594	641	0	2	2	414	2	-9.4250313031707236e-02	1.0000000000000000e+00	-2.3562578257926807e+03	-3.7405673450624435	3.3805774349000330	49.5756121329124468	-0.0000057034140024	0.0000014082036062	-0.9999999999827440	-1.9098157908864252e-03	5.1607365817357307e-03	1.8159837994469186e-08	5.5027809716101106e-03	1	top_other
448	0.2236566641091586	retry_displacement	-1	452	326	641	415	594	641	0	2	2	415	2	-8.9907659765794221e-02	1.0000000000000000e+00	-2.2476914941448554e+03	-2.0477845158804242	3.0349535788974449	49.5736924735354307	-0.0000057034140024	0.0000014082036062	-0.9999999999827440	-1.6067866764819059e-03	5.6701987135936837e-03	1.7148963901703063e-08	5.8934639114576184e-03	1	top_other
448	0.2236566641091586	retry_displacement	-1	452	326	641	416	611	641	0	2	2	416	2	-8.9463653552161751e-02	1.0000000000000000e+00	-2.2365913388040440e+03	-1.5779929450932642	-2.2266406199024531	49.5746328709632920	-0.0000057034140024	0.0000014082036062	-0.9999999999827440	-1.8035999737118194e-03	-2.3168860920166892e-03	7.0240299965274033e-09	2.9361427125742675e-03	1	top_other
448	0.2236566641091586	retry_displacement	-1	452	326	641	417	611	641	0	2	2	417	2	-9.5426085642028424e-02	1.0000000000000000e+00	-2.3856521410507107e+03	-1.7707093397708220	-4.6126936005634942	49.5765320846936532	-0.0000057034140024	0.0000014082036062	-0.9999999999827440	-2.1359198538780425e-03	-3.4623458987281092e-03	7.3063472216805536e-09	4.0681682296437966e-03	1	top_other
448	0.2236566641091586	retry_displacement	-1	452	326	641	418	611	641	0	2	2	418	2	-9.2101725340363982e-02	1.0000000000000000e+00	-2.3025431335090993e+03	-0.4383212475518817	-3.5697343696346038	49.5754565466830925	-0.0000057034140024	0.0000014082036062	-0.9999999999827440	-1.0027562873583121e-03	-3.5959352077380713e-03	6.5532530790779475e-10	3.7331314188074468e-03	1	top_other
448	0.2236566641091586	retry_displacement	-1	452	326	641	419	612	641	0	2	2	419	2	-9.5727354662105774e-02	1.0000000000000000e+00	-2.3931838665526443e+03	-1.7707837749743489	-4.6127103495524908	49.5768279236549105	-0.0000057034140024	0.0000014082036062	-0.9999999999827440	-2.2583076429478991e-03	-3.4272032339359012e-03	8.0538634927851405e-09	4.1043483547284895e-03	1	top_other
448	0.2236566641091586	retry_displacement	-1	452	326	641	420	612	641	0	2	2	420	2	-8.9908686560409942e-02	1.0000000000000000e+00	-2.2477171640102488e+03	-1.5780674373775654	-2.2267110720954619	49.5749431855428924	-0.0000057034140024	0.0000014082036062	-0.9999999999827440	-2.0247591550628125e-03	-2.4149414273486138e-03	8.1473104790452666e-09	3.1514428018927479e-03	1	top_other
448	0.2236566641091586	retry_displacement	-1	452	326	641	421	617	641	0	2	2	421	2	-8.9755803210708404e-02	1.0000000000000000e+00	-2.2438950802677100e+03	-1.5780864080621329	-2.2267026364811016	49.5748427873131803	-0.0000057034140024	0.0000014082036062	-0.9999999999827440	-2.3809846687407720e-03	-2.1756281889187498e-03	1.0516013823624881e-08	3.2252823146675194e-03	1	top_other
448	0.2236566641091586	retry_displacement	-1	452	326	641	422	617	641	0	2	2	422	2	-9.5818958738304219e-02	1.0000000000000000e+00	-2.3954739684576057e+03	-3.7407914496898642	-3.2528201783725166	49.5768121183474051	-0.0000057034140024	0.0000014082036062	-0.9999999999827440	-3.8496746947292758e-03	-1.4772059199736050e-03	1.9876081835956683e-08	4.1233642315030902e-03	1	top_other
448	0.2236566641091586	retry_displacement	-1	452	326	641	423	618	641	0	2	2	423	2	-9.5465675494587773e-02	1.0000000000000000e+00	-2.3866418873646944e+03	-3.7408066968917142	-3.2527245344213340	49.5764832737128174	-0.0000057034140024	0.0000014082036062	-0.9999999999827440	-3.9205153084838013e-03	-1.3411780990461473e-03	2.0471670067467862e-08	4.1435732137656217e-03	1	top_other
448	0.2236566641091586	retry_displacement	-1	452	326	641	424	618	641	0	2	2	424	2	-8.9220923206124028e-02	1.0000000000000000e+00	-2.2305230801531006e+03	-1.5780579614101513	-2.2265810606129590	49.5744722734365624	-0.0000057034140024	0.0000014082036062	-0.9999999999827440	-2.3881989377747114e-03	-1.8907192869517437e-03	1.0958369531244294e-08	3.0460324339310072e-03	1	top_other
448	0.2236566641091586	retry_displacement	-1	452	326	641	425	618	641	0	2	2	425	2	-9.2019787095524413e-02	1.0000000000000000e+00	-2.3004946773881102e+03	-3.2379739997984829	-1.6371141554464899	49.5752670022987871	-0.0000057034140024	0.0000014082036062	-0.9999999999827440	-3.5141875305466281e-03	-5.8192241066997536e-04	1.9223401120926908e-08	3.5620426292029272e-03	1	top_other
448	0.2236566641091586	retry_displacement	-1	452	326	641	426	633	641	0	2	2	426	2	-8.9724201732614667e-02	1.0000000000000000e+00	-2.2431050433153669e+03	-2.7800237108090768	0.0638381088334967	49.5744987055892494	-0.0000057034140024	0.0000014082036062	-0.9999999999827440	-3.1021069539158060e-03	1.9871852561017460e-03	2.0490961677444020e-08	3.6840158517602558e-03	1	top_other
448	0.2236566641091586	retry_displacement	-1	452	326	641	427	633	641	0	2	2	427	2	-9.5814116469546587e-02	1.0000000000000000e+00	-2.3953529117386647e+03	-4.8530773214581036	1.2608893269203265	49.5768429953622700	-0.0000057034140024	0.0000014082036062	-0.9999999999827440	-3.5858839480708725e-03	3.3511257239022523e-03	2.5170848030886539e-08	4.9080145993125688e-03	1	top_other
448	0.2236566641091586	retry_displacement	-1	452	326	641	428	634	641	0	2	2	428	2	-9.5599191836772235e-02	1.0000000000000000e+00	-2.3899797959193061e+03	-4.8530380676054863	1.2609250859595562	49.5765946859876863	-0.0000057034140024	0.0000014082036062	-0.9999999999827440	-3.5471031437052766e-03	3.4650144231055217e-03	2.5110043544440686e-08	4.9586556308180612e-03	1	top_other
448	0.2236566641091586	retry_displacement	-1	452	326	641	429	634	641	0	2	2	429	2	-8.9240243602255215e-02	1.0000000000000000e+00	-2.2310060900563803e+03	-2.7799785352865527	0.0638820974602183	49.5741387956014563	-0.0000057034140024	0.0000014082036062	-0.9999999999827440	-2.9987326708947391e-03	2.1472339688648049e-03	2.0126756511418264e-08	3.6882260436344578e-03	1	top_other
448	0.2236566641091586	retry_displacement	-1	452	326	641	430	634	641	0	2	2	430	2	-9.1380651263794521e-02	1.0000000000000000e+00	-2.2845162815948629e+03	-3.1933994582284884	1.7415430317605030	49.5747352484256183	-0.0000057034140024	0.0000014082036062	-0.9999999999827440	-2.6148701942337233e-03	3.6664382937695752e-03	2.0076778919908556e-08	4.5033671730289708e-03	1	top_other
448	0.2236566641091586	retry_displacement	-1	452	326	641	431	639	641	0	2	2	431	2	-8.9550669345751427e-02	1.0000000000000000e+00	-2.2387667336437858e+03	-0.3909070570670778	2.9696310855127495	49.5746271778760814	-0.0000057034140024	0.0000014082036062	-0.9999999999827440	8.0970312097096962e-04	5.3806000141869322e-03	2.9589082156666890e-09	5.4411832956432647e-03	1	top_other
448	0.2236566641091586	retry_displacement	-1	452	326	641	432	639	641	0	2	2	432	2	-9.5746696631502634e-02	1.0000000000000000e+00	-2.3936674157875659e+03	0.6057977094407321	5.0287100200582744	49.5773865930447784	-0.0000057034140024	0.0000014082036062	-0.9999999999827440	2.1828568542677637e-03	5.3594835625907448e-03	-4.9024922593732256e-09	5.7869619062102156e-03	1	top_other
448	0.2236566641091586	retry_displacement	-1	452	326	641	433	640	641	0	2	2	433	2	-9.5543975117580768e-02	1.0000000000000000e+00	-2.3885993779395194e+03	0.6058123143520546	5.0287015333333898	49.5773087221282651	-0.0000057034140024	0.0000014082036062	-0.9999999999827440	2.3330703904355958e-03	5.3581127431400494e-03	-5.7611526382839173e-09	5.8440216987071733e-03	1	top_other
448	0.2236566641091586	retry_displacement	-1	452	326	641	434	640	641	0	2	2	434	2	-8.9347652661441998e-02	1.0000000000000000e+00	-2.2336913165360497e+03	-0.3909071329297788	2.9696394093433893	49.5745672280257708	-0.0000057034140024	0.0000014082036062	-0.9999999999827440	9.8165129113903914e-04	5.3432266729156880e-03	1.9255873562329384e-09	5.4326522560859992e-03	1	top_other
448	0.2236566641091586	retry_displacement	-1	452	326	641	435	640	641	0	2	2	435	2	-9.0594916770797534e-02	1.0000000000000000e+00	-2.2648729192699384e+03	1.5967442688384750	2.7033161225712989	49.5757572127085240	-0.0000057034140024	0.0000014082036062	-0.9999999999827440	2.9933574529750887e-03	4.4979071539949364e-03	-1.0738387734576804e-08	5.4029027020071028e-03	1	top_other
448	0.2235936931322442	retry_displacement	-1	453	326	641	302	326	641	1	2	2	302	2	-7.3656159375557209e-02	1.0000000000000000e+00	-1.8414039843889302e+03	-1.7705984644672768	4.7404655608714181	49.5756181478237963	-0.0000057034140024	0.0000014082036062	-0.9999999999827440	-1.6905013295114458e-03	7.8103112774229200e-03	2.0640137446403806e-08	7.9911674363478090e-03	1	trigger_top
448	0.2235936931322442	retry_displacement	-1	453	326	641	303	326	641	1	2	2	303	2	-6.8271668713944147e-02	1.0000000000000000e+00	-1.7067917178486036e+03	-0.3909570807738717	2.9695468998980501	49.5743961027022024	-0.0000057034140024	0.0000014082036062	-0.9999999999827440	-2.6465919706141129e-04	5.9178927319595937e-03	9.8430588540976416e-09	5.9238078022220021e-03	1	trigger_top
448	0.2235936931322442	retry_displacement	-1	453	326	641	304	326	641	1	2	2	304	2	-6.8074566047165788e-02	1.0000000000000000e+00	-1.7018641511791448e+03	-2.0477649496442565	3.0350628503976806	49.5736882253494926	-0.0000057034140024	0.0000014082036062	-0.9999999999827440	-2.6880187081501665e-03	6.6245628411557610e-03	2.4659616820743580e-08	7.1491452225000349e-03	1	trigger_top
448	0.2235936931322442	retry_displacement	-1	453	326	641	220	24	641	0	2	2	220	2	-7.1214023306973073e-02	1.0000000000000000e+00	-1.7803505826743269e+03	1.3530785780645758	-0.6871809214860676	49.5758034178111942	-0.0000057034140024	0.0000014082036062	-0.9999999999827440	2.2036659836336186e-03	-1.0828345450488801e-03	-1.4093270939152802e-08	2.4553359076863106e-03	1	top_other
448	0.2235936931322442	retry_displacement	-1	453	326	641	221	24	641	0	2	2	221	2	-6.9836755330906733e-02	1.0000000000000000e+00	-1.7459188832726684e+03	0.6583412472511995	1.0132230757349519	49.5754436079641181	-0.0000057034140024	0.0000014082036062	-0.9999999999827440	1.7624145625413201e-03	1.9360267919420761e-03	-7.3254599886052318e-09	2.6180727318829214e-03	1	top_other
448	0.2235936931322442	retry_displacement	-1	453	326	641	222	26	641	0	2	2	222	2	-7.1706869197659048e-02	1.0000000000000000e+00	-1.7926717299414763e+03	2.8801138988076844	-1.4755491482612868	49.5758325049991981	-0.0000057034140024	0.0000014082036062	-0.9999999999827440	4.5973220727560694e-03	-2.6785630062893732e-03	-2.9992393152378227e-08	5.3207208177287095e-03	1	top_other
448	0.2235936931322442	retry_displacement	-1	453	326	641	223	26	641	0	2	2	223	2	-7.1418357719233438e-02	1.0000000000000000e+00	-1.7854589429808359e+03	1.3530599876717999	-0.6871551022224068	49.5758630432109086	-0.0000057034140024	0.0000014082036062	-0.9999999999827440	2.3162391112449996e-03	-1.1726908637099544e-03	-1.4861858077530599e-08	2.5961832528754013e-03	1	top_other
448	0.2235936931322442	retry_displacement	-1	453	326	641	224	30	641	0	2	2	224	2	-7.2801903223741457e-02	1.0000000000000000e+00	-1.8200475805935364e+03	2.6577581553433718	0.6215408501910431	49.5760276042799717	-0.0000057034140024	0.0000014082036062	-0.9999999999827440	4.7889324356276321e-03	8.1032626454713950e-04	-2.6172159953152807e-08	4.8570055104669493e-03	1	top_other
448	0.2235936931322442	retry_displacement	-1	453	326	641	225	30	641	0	2	2	225	2	-7.0398636308217938e-02	1.0000000000000000e+00	-1.7599659077054484e+03	1.3530819483005772	-0.6871780889781703	49.5755312038948119	-0.0000057034140024	0.0000014082036062	-0.9999999999827440	2.4004863228706424e-03	-9.3187967095139095e-04	-1.5003243619693407e-08	2.5750212246982720e-03	1	top_other
448	0.2235936931322442	retry_displacement	-1	453	326	641	226	30	641	0	2	2	226	2	-6.9380885409928053e-02	1.0000000000000000e+00	-1.7345221352482013e+03	0.6583015331268556	1.0132172305984639	49.5753461773122126	-0.0000057034140024	0.0000014082036062	-0.9999999999827440	1.8585116762495125e-03	2.0158726891664007e-03	-7.7611023441281901e-09	2.7418622047329410e-03	1	top_other
448	0.2235936931322442	retry_displacement	-1	453	326	641	227	34	641	0	2	2	227	2	-7.1133744914418456e-02	1.0000000000000000e+00	-1.7783436228604614e+03	2.8801577201074182	-1.4755736432823512	49.5756545079336277	-0.0000057034140024	0.0000014082036062	-0.9999999999827440	4.7678466753436222e-03	-2.5579943763389935e-03	-3.0795180391840482e-08	5.4107020939907135e-03	1	top_other
448	0.2235936931322442	retry_displacement	-1	453	326	641	228	34	641	0	2	2	228	2	-7.0553359693715206e-02	1.0000000000000000e+00	-1.7638339923428803e+03	1.3530610901566291	-0.6871434247240871	49.5755751838406837	-0.0000057034140024	0.0000014082036062	-0.9999999999827440	2.4731031786089895e-03	-9.6216666155126275e-04	-1.5460057872784816e-08	2.6536774515539003e-03	1	top_other
448	0.2235936931322442	retry_displacement	-1	453	326	641	229	34	641	0	2	2	229	2	-7.2797802666397890e-02	1.0000000000000000e+00	-1.8199450666599473e+03	2.6577301474306481	0.6215866696869028	49.5759387392833446	-0.0000057034140024	0.0000014082036062	-0.9999999999827440	4.8625480216643409e-03	7.3058187764819837e-04	-2.6704316438697084e-08	4.9171254960243679e-03	1	top_other
448	0.2235936931322442	retry_displacement	-1	453	326	641	230	44	641	0	2	2	230	2	-7.2849630979836946e-02	1.0000000000000000e+00	-1.8212407744959237e+03	2.8801686379100060	-1.4756279590021364	49.5762828860502935	-0.0000057034140024	0.0000014082036062	-0.9999999999827440	4.8755578728615244e-03	-2.9803380801626807e-03	-3.2004247862982282e-08	5.7143223259380491e-03	1	top_other
448	0.2235936931322442	retry_displacement	-1	453	326	641	231	50	641	0	2	2	231	2	-7.2239654695823066e-02	1.0000000000000000e+00	-1.8059913673955766e+03	-0.4383048082565281	-3.5697167429266203	49.5758040945951137	-0.0000057034140024	0.0000014082036062	-0.9999999999827440	-1.1668150929179744e-03	-5.3003427788752442e-03	-8.0913227507029006e-10	5.4272544656241038e-03	1	top_other
448	0.2235936931322442	retry_displacement	-1	453	326	641	232	50	641	0	2	2	232	2	-6.9813829866549840e-02	1.0000000000000000e+00	-1.7453457466637460e+03	-1.5778847284269191	-2.2264874818077560	49.5752771428972068	-0.0000057034140024	0.0000014082036062	-0.9999999999827440	-2.1382931114795802e-03	-3.1996173092807131e-03	7.6898582501705448e-09	3.8483565786591174e-03	1	top_other
448	0.2235936931322442	retry_displacement	-1	453	326	641	233	57	641	0	2	2	233	2	-7.2477606192222446e-02	1.0000000000000000e+00	-1.8119401548055612e+03	1.5967992903909376	2.7032724163508219	49.5764442871596458	-0.0000057034140024	0.0000014082036062	-0.9999999999827440	3.6200965394128505e-03	4.9592743784405077e-03	-1.3663241232864110e-08	6.1399919637986555e-03	1	top_other
448	0.2235936931322442	retry_displacement	-1	453	326	641	234	64	641	0	2	2	234	2	-7.0644883983457890e-02	1.0000000000000000e+00	-1.7661220995864473e+03	0.6582693240538944	1.0131990740588321	49.5757971716552746	-0.0000057034140024	0.0000014082036062	-0.9999999999827440	1.5044397563088255e-03	2.2709209139342391e-03	-5.3825237600335640e-09	2.7240449294634347e-03	1	top_other
448	0.2235936931322442	retry_displacement	-1	453	326	641	235	64	641	0	2	2	235	2	-7.1215508325534443e-02	1.0000000000000000e+00	-1.7803877081383612e+03	1.5968010455135002	2.7031913549536766	49.5759951868543851	-0.0000057034140024	0.0000014082036062	-0.9999999999827440	3.5064406091029690e-03	4.5607187836076554e-03	-1.3576261823078362e-08	5.7528498649367177e-03	1	top_other
448	0.2235936931322442	retry_displacement	-1	453	326	641	236	67	641	0	2	2	236	2	-7.0930985956277948e-02	1.0000000000000000e+00	-1.7732746489069486e+03	0.6583031527992332	1.0132517103198935	49.5758351360749785	-0.0000057034140024	0.0000014082036062	-0.9999999999827440	1.4871247304893073e-03	2.1433515513988748e-03	-5.4634126250840964e-09	2.6087345278787391e-03	1	top_other
448	0.2235936931322442	retry_displacement	-1	453	326	641	237	76	641	0	2	2	237	2	-7.2918401800643073e-02	1.0000000000000000e+00	-1.8229600450160769e+03	2.8801591005458604	-1.4755557253023937	49.5762480829676591	-0.0000057034140024	0.0000014082036062	-0.9999999999827440	4.8692190072063936e-03	-2.9550602544558303e-03	-3.1932498381626040e-08	5.6957593741856979e-03	1	top_other
448	0.2235936931322442	retry_displacement	-1	453	326	641	238	78	641	0	2	2	238	2	-7.1733609832446019e-02	1.0000000000000000e+00	-1.7933402458111505e+03	-1.5779325358585723	-2.2265414277137254	49.5760340408395876	-0.0000057034140024	0.0000014082036062	-0.9999999999827440	-2.6129575654735477e-03	-3.1203033556645916e-03	1.0508756337346270e-08	4.0698698100120586e-03	1	top_other
448	0.2235936931322442	retry_displacement	-1	453	326	641	239	80	641	0	2	2	239	2	-7.2704249661527248e-02	1.0000000000000000e+00	-1.8176062415381812e+03	1.5967960508994339	2.7032017934173851	49.5764592878304526	-0.0000057034140024	0.0000014082036062	-0.9999999999827440	3.5367381932678130e-03	4.9337994495740438e-03	-1.3223687950203455e-08	6.0704937242790462e-03	1	top_other
448	0.2235936931322442	retry_displacement	-1	453	326	641	240	82	641	0	2	2	240	2	-7.2849236509108031e-02	1.0000000000000000e+00	-1.8212309127277008e+03	2.6577492667403662	0.6214913908442270	49.5760780871011733	-0.0000057034140024	0.0000014082036062	-0.9999999999827440	4.7659834542414454e-03	9.1606754285665016e-04	-2.5892367153113049e-08	4.8532234679488076e-03	1	top_other
448	0.2235936931322442	retry_displacement	-1	453	326	641	241	82	641	0	2	2	241	2	-6.9622464439043227e-02	1.0000000000000000e+00	-1.7405616109760806e+03	0.6582850821743407	1.0131794219295998	49.5754801714190094	-0.0000057034140024	0.0000014082036062	-0.9999999999827440	1.8013788107073109e-03	2.1076548593520531e-03	-7.3060019561976830e-09	2.7725754499867061e-03	1	top_other
448	0.2235936931322442	retry_displacement	-1	453	326	641	242	82	641	0	2	2	242	2	-7.0507221570184020e-02	1.0000000000000000e+00	-1.7626805392546005e+03	1.5968345617739232	2.7032264118944553	49.5758030756906720	-0.0000057034140024	0.0000014082036062	-0.9999999999827440	3.7817387635135820e-03	4.5019172422379973e-03	-1.5229205715949767e-08	5.8795243797141400e-03	1	top_other
448	0.2235936931322442	retry_displacement	-1	453	326	641	243	84	641	0	2	2	243	2	-7.1692352002713691e-02	1.0000000000000000e+00	-1.7923088000678422e+03	2.8801573238874809	-1.4755941409683815	49.5758897188460281	-0.0000057034140024	0.0000014082036062	-0.9999999999827440	4.9244517738839533e-03	-2.6422418068700365e-03	-3.1807001629746701e-08	5.5885299534217704e-03	1	top_other
448	0.2235936931322442	retry_displacement	-1	453	326	641	244	84	641	0	2	2	244	2	-7.2630696407661774e-02	1.0000000000000000e+00	-1.8157674101915443e+03	2.6576677905694210	0.6215928433590875	49.5757713450812929	-0.0000057034140024	0.0000014082036062	-0.9999999999827440	4.9387098840830866e-03	7.0337886652912780e-04	-2.7177006464706999e-08	4.9885465969316516e-03	1	top_other
448	0.2235936931322442	retry_displacement	-1	453	326	641	245	88	641	0	2	2	245	2	-7.3009167771518418e-02	1.0000000000000000e+00	-1.8252291942879604e+03	2.6576646709511023	0.6214772373726234	49.5759562375681497	-0.0000057034140024	0.0000014082036062	-0.9999999999827440	4.9242337361209091e-03	9.5356519352680338e-04	-2.6742129691226246e-08	5.0157117607546224e-03	1	top_other
448	0.2235936931322442	retry_displacement	-1	453	326	641	246	91	641	0	2	2	246	2	-7.2756093959894325e-02	1.0000000000000000e+00	-1.8189023489973581e+03	2.6576947981753918	0.6214521123967003	49.5759677375432233	-0.0000057034140024	0.0000014082036062	-0.9999999999827440	4.8176125242826639e-03	9.9189697592358926e-04	-2.6080045845144895e-08	4.9186634409818797e-03	1	top_other
448	0.2235936931322442	retry_displacement	-1	453	326	641	247	91	641	0	2	2	247	2	-7.1100701332931851e-02	1.0000000000000000e+00	-1.7775175333232962e+03	1.5968328611954221	2.7032118726064924	49.5760237215506834	-0.0000057034140024	0.0000014082036062	-0.9999999999827440	3.9261474754476392e-03	4.5856838216851549e-03	-1.5934867994560342e-08	6.0368145666139820e-03	1	top_other
448	0.2235936931322442	retry_displacement	-1	453	326	641	248	92	641	0	2	2	248	2	-7.2865712992681492e-02	1.0000000000000000e+00	-1.8216428248170373e+03	2.6576571682715029	0.6215627127527213	49.5758210916915445	-0.0000057034140024	0.0000014082036062	-0.9999999999827440	5.0019251661777954e-03	7.5348214370591141e-04	-2.7466993748892499e-08	5.0583584995214466e-03	1	top_other
448	0.2235936931322442	retry_displacement	-1	453	326	641	249	97	641	0	2	2	249	2	-7.2282699921276811e-02	1.0000000000000000e+00	-1.8070674980319202e+03	-0.4383581054780749	-3.5696712899694534	49.5757695124148583	-0.0000057034140024	0.0000014082036062	-0.9999999999827440	-1.0751320576206668e-03	-5.2443638483703143e-03	-1.2532088422556598e-09	5.3534345158429567e-03	1	top_other
448	0.2235936931322442	retry_displacement	-1	453	326	641	250	98	641	0	2	2	250	2	-7.0951247947166021e-02	1.0000000000000000e+00	-1.7737811986791505e+03	-1.5779672200643220	-2.2264904665217600	49.5756906156025536	-0.0000057034140024	0.0000014082036062	-0.9999999999827440	-2.5171051188172585e-03	-3.1846904920705115e-03	9.8713999474586700e-09	4.0593191189604453e-03	1	top_other
448	0.2235936931322442	retry_displacement	-1	453	326	641	251	107	641	0	2	2	251	2	-7.1619256826964531e-02	1.0000000000000000e+00	-1.7904814206741132e+03	-3.2379906636259266	-1.6371031548746557	49.5755431526612256	-0.0000057034140024	0.0000014082036062	-0.9999999999827440	-5.0986321981411446e-03	-1.5944565720960814e-03	2.6834290789423676e-08	5.3421289813090495e-03	1	top_other
448	0.2235936931322442	retry_displacement	-1	453	326	641	252	107	641	0	2	2	252	2	-6.9233842885685890e-02	1.0000000000000000e+00	-1.7308460721421472e+03	-1.5779746056587911	-2.2264423774651179	49.5750218422962377	-0.0000057034140024	0.0000014082036062	-0.9999999999827440	-3.0628349297368803e-03	-2.6510625607448451e-03	1.3735379778001544e-08	4.0508135612476659e-03	1	top_other
448	0.2235936931322442	retry_displacement	-1	453	326	641	253	118	641	0	2	2	253	2	-7.2856924653053268e-02	1.0000000000000000e+00	-1.8214231163263316e+03	0.9896876017349043	-2.5382763176038905	49.5762759459887903	-0.0000057034140024	0.0000014082036062	-0.9999999999827440	1.2723994057052990e-03	-3.8968742696402956e-03	-1.2744612976067771e-08	4.0993449868468260e-03	1	top_other
448	0.2235936931322442	retry_displacement	-1	453	326	641	254	118	641	0	2	2	254	2	-7.1306537785027116e-02	1.0000000000000000e+00	-1.7826634446256778e+03	-0.4382897969065013	-3.5696135708990298	49.5753839037918169	-0.0000057034140024	0.0000014082036062	-0.9999999999827440	-7.2159672289034602e-04	-5.0524446535604988e-03	-2.9993059286193002e-09	5.1037142168999976e-03	1	top_other
448	0.2235936931322442	retry_displacement	-1	453	326	641	255	127	641	0	2	2	255	2	-6.9771723504666344e-02	1.0000000000000000e+00	-1.7442930876166586e+03	-0.4394873743341705	-0.5051612638021311	49.5756037864505785	-0.0000057034140024	0.0000014082036062	-0.9999999999827440	-3.5592779829573406e-04	-1.9895280790886404e-04	1.7498375110003295e-09	4.0775828302749660e-04	1	top_other
448	0.2235936931322442	retry_displacement	-1	453	326	641	256	127	641	0	2	2	256	2	-6.9174611345354270e-02	1.0000000000000000e+00	-1.7293652836338567e+03	0.6583398336844496	1.0131953855237583	49.5751535386258197	-0.0000057034140024	0.0000014082036062	-0.9999999999827440	1.5802699030795268e-03	1.7871526080266268e-03	-6.4962587392747295e-09	2.3856167778999108e-03	1	top_other
448	0.2235936931322442	retry_displacement	-1	453	326	641	257	127	641	0	2	2	257	2	-7.0985926568031182e-02	1.0000000000000000e+00	-1.7746481642007795e+03	1.3531020417592714	-0.6871462830838453	49.5756800854833415	-0.0000057034140024	0.0000014082036062	-0.9999999999827440	2.0792787656070161e-03	-1.0481690365483358e-03	-1.3335023044125371e-08	2.3285314072309022e-03	1	top_other
448	0.2235936931322442	retry_displacement	-1	453	326	641	258	129	641	0	2	2	258	2	-6.9701321162966692e-02	1.0000000000000000e+00	-1.7425330290741674e+03	-1.3906541212089607	1.3598612488014994	49.5753311696512924	-0.0000057034140024	0.0000014082036062	-0.9999999999827440	-1.8574611972419744e-03	3.6409418422957873e-03	1.5721057636253200e-08	4.0873731905084199e-03	1	top_other
448	0.2235936931322442	retry_displacement	-1	453	326	641	259	139	641	0	2	2	259	2	-6.9443947011229926e-02	1.0000000000000000e+00	-1.7360986752807482e+03	-1.3906760649655197	1.3598960008476211	49.5753333720411220	-0.0000057034140024	0.0000014082036062	-0.9999999999827440	-1.7454001403066593e-03	3.5389192755455223e-03	1.4938258491303813e-08	3.9459309787214097e-03	1	top_other
448	0.2235936931322442	retry_displacement	-1	453	326	641	260	139	641	0	2	2	260	2	-6.9244895272407500e-02	1.0000000000000000e+00	-1.7311223818101876e+03	-0.4395110504831521	-0.5051425055276895	49.5755137813346280	-0.0000057034140024	0.0000014082036062	-0.9999999999827440	-9.7316235178398537e-04	1.5555308328023352e-04	5.7693981814210815e-09	9.8551596876002485e-04	1	top_other
448	0.2235936931322442	retry_displacement	-1	453	326	641	261	144	641	0	2	2	261	2	-6.9926607278765623e-02	1.0000000000000000e+00	-1.7481651819691406e+03	-0.4394704498887748	-0.5051881544595261	49.5756720003128777	-0.0000057034140024	0.0000014082036062	-0.9999999999827440	-4.7929783775853307e-04	-1.3014906295956313e-04	2.5503576195351485e-09	4.9665400016083805e-04	1	top_other
448	0.2235936931322442	retry_displacement	-1	453	326	641	262	144	641	0	2	2	262	2	-7.0304246054508746e-02	1.0000000000000000e+00	-1.7576061513627187e+03	0.6583193552930069	1.0132574153814091	49.5755972009173433	-0.0000057034140024	0.0000014082036062	-0.9999999999827440	1.3613961701957476e-03	2.1038773803388105e-03	-4.8019182519176695e-09	2.5059328729533045e-03	1	top_other
448	0.2235936931322442	retry_displacement	-1	453	326	641	263	166	641	0	2	2	263	2	-7.0198123418977881e-02	1.0000000000000000e+00	-1.7549530854744471e+03	-0.3909259853361860	2.9694128506941921	49.5752864111691380	-0.0000057034140024	0.0000014082036062	-0.9999999999827440	2.5984619276901461e-04	5.5700539307511291e-03	6.3617596329779147e-09	5.5761116232920889e-03	1	top_other
448	0.2235936931322442	retry_displacement	-1	453	326	641	264	168	641	0	2	2	264	2	-7.0480040633029317e-02	1.0000000000000000e+00	-1.7620010158257330e+03	-1.5779464040443387	-2.2265463373072807	49.5754854942956840	-0.0000057034140024	0.0000014082036062	-0.9999999999827440	-2.9029941833190551e-03	-3.0622816422736948e-03	1.2244661617977215e-08	4.2195905115473796e-03	1	top_other
448	0.2235936931322442	retry_displacement	-1	453	326	641	265	173	641	0	2	2	265	2	-7.0626687537822752e-02	1.0000000000000000e+00	-1.7656671884455689e+03	-0.4394496764521151	-0.5051870963505408	49.5759599888435147	-0.0000057034140024	0.0000014082036062	-0.9999999999827440	-6.0066135893034871e-04	-1.7638417824943772e-04	3.1774355507829810e-09	6.2602351909403432e-04	1	top_other
448	0.2235936931322442	retry_displacement	-1	453	326	641	266	189	641	0	2	2	266	2	-6.9084802961507000e-02	1.0000000000000000e+00	-1.7271200740376751e+03	-1.3907119223002227	1.3598702001867551	49.5752219618602652	-0.0000057034140024	0.0000014082036062	-0.9999999999827440	-1.6264834062413977e-03	3.5609741752166799e-03	1.4291084898809814e-08	3.9148416759229188e-03	1	top_other
448	0.2235936931322442	retry_displacement	-1	453	326	641	267	189	641	0	2	2	267	2	-7.0162153845000852e-02	1.0000000000000000e+00	-1.7540538461250212e+03	0.6583486309990988	1.0132163223114774	49.5756078335437422	-0.0000057034140024	0.0000014082036062	-0.9999999999827440	1.2419954620961676e-03	2.1620640918772610e-03	-4.0389878525060041e-09	2.4934060770898975e-03	1	top_other
448	0.2235936931322442	retry_displacement	-1	453	326	641	268	189	641	0	2	2	268	2	-6.8597246532977635e-02	1.0000000000000000e+00	-1.7149311633244408e+03	-0.4395013096978587	-0.5051418661578836	49.5752312256525869	-0.0000057034140024	0.0000014082036062	-0.9999999999827440	-7.6249862878119629e-04	2.2388219225019475e-04	4.6641170647898633e-09	7.9468697920735546e-04	1	top_other
448	0.2235936931322442	retry_displacement	-1	453	326	641	269	192	641	0	2	2	269	2	-7.2320141837305521e-02	1.0000000000000000e+00	-1.8080035459326380e+03	0.9896726051666362	-2.5382700000327376	49.5761331419280609	-0.0000057034140024	0.0000014082036062	-0.9999999999827440	1.5683939420510487e-03	-3.6487746685048296e-03	-1.4083417626542527e-08	3.9715760271186173e-03	1	top_other
448	0.2235936931322442	retry_displacement	-1	453	326	641	270	192	641	0	2	2	270	2	-7.1987117539265566e-02	1.0000000000000000e+00	-1.7996779384816391e+03	2.8801392952178801	-1.4755949577903791	49.5759460277958937	-0.0000057034140024	0.0000014082036062	-0.9999999999827440	4.6480666377291761e-03	-3.1712986682168069e-03	-3.0975682574485575e-08	5.6268693527364031e-03	1	top_other
448	0.2235936931322442	retry_displacement	-1	453	326	641	271	193	641	0	2	2	271	2	-7.1058233047361558e-02	1.0000000000000000e+00	-1.7764558261840389e+03	1.3530956590454550	-0.6871296386330030	49.5757071555743067	-0.0000057034140024	0.0000014082036062	-0.9999999999827440	2.3233652377524319e-03	-1.3113843024732440e-03	-1.5097809932806960e-08	2.6679120707020303e-03	1	top_other
448	0.2235936931322442	retry_displacement	-1	453	326	641	272	193	641	0	2	2	272	2	-7.0989494678275630e-02	1.0000000000000000e+00	-1.7747373669568908e+03	2.8800814223828342	-1.4755517202200834	49.5755274665826704	-0.0000057034140024	0.0000014082036062	-0.9999999999827440	4.3973165484708036e-03	-2.8854916280390492e-03	-2.9143076479831720e-08	5.2595108863646191e-03	1	top_other
448	0.2235936931322442	retry_displacement	-1	453	326	641	273	193	641	0	2	2	273	2	-7.2039031444303181e-02	1.0000000000000000e+00	-1.8009757861075796e+03	0.9896868639207625	-2.5382914465351121	49.5760149535098904	-0.0000057034140024	0.0000014082036062	-0.9999999999827440	1.4658106426407383e-03	-3.5182273257649008e-03	-1.3314505345474181e-08	3.8113677802089599e-03	1	top_other
448	0.2235936931322442	retry_displacement	-1	453	326	641	274	196	641	0	2	2	274	2	-7.1506968517671743e-02	1.0000000000000000e+00	-1.7876742129417935e+03	1.5967611715708969	2.7032251107588179	49.5760604311652813	-0.0000057034140024	0.0000014082036062	-0.9999999999827440	3.2090359015410491e-03	5.0138566549639838e-03	-1.1241929276373241e-08	5.9528707338587818e-03	1	top_other
448	0.2235936931322442	retry_displacement	-1	453	326	641	275	196	641	0	2	2	275	2	-6.9715225863841185e-02	1.0000000000000000e+00	-1.7428806465960297e+03	-0.3909595232246502	2.9694224721222513	49.5751796785953189	-0.0000057034140024	0.0000014082036062	-0.9999999999827440	3.6048177719482928e-04	5.5088691995791219e-03	5.7016326521219796e-09	5.5206509552582260e-03	1	top_other
448	0.2235936931322442	retry_displacement	-1	453	326	641	276	197	641	0	2	2	276	2	-7.3023977068948517e-02	1.0000000000000000e+00	-1.8255994267237129e+03	0.9896638270723415	-2.5382725990651238	49.5763720506403800	-0.0000057034140024	0.0000014082036062	-0.9999999999827440	1.4494911060104830e-03	-3.8341805406293819e-03	-1.3666354742314368e-08	4.0990199907699016e-03	1	top_other
448	0.2235936931322442	retry_displacement	-1	453	326	641	277	199	641	0	2	2	277	2	-7.3013050244760777e-02	1.0000000000000000e+00	-1.8253262561190195e+03	2.6576495685956916	0.6215272219407509	49.5758814349064920	-0.0000057034140024	0.0000014082036062	-0.9999999999827440	4.9771889127290673e-03	8.7489174172543773e-04	-2.7154943224583228e-08	5.0534982965733657e-03	1	top_other
448	0.2235936931322442	retry_displacement	-1	453	326	641	278	204	641	0	2	2	278	2	-6.8484119401342219e-02	1.0000000000000000e+00	-1.7121029850335556e+03	-0.3909257837381190	2.9695250093216528	49.5745059383474711	-0.0000057034140024	0.0000014082036062	-0.9999999999827440	-1.9498239617052337e-04	5.6648462134153395e-03	9.0893221837973215e-09	5.6682008394679457e-03	1	top_other
448	0.2235936931322442	retry_displacement	-1	453	326	641	279	204	641	0	2	2	279	2	-6.9722871289554816e-02	1.0000000000000000e+00	-1.7430717822388704e+03	-2.0477803028636132	3.0348360064668425	49.5745623593901570	-0.0000057034140024	0.0000014082036062	-0.9999999999827440	-2.7083612957920847e-03	5.9327478173567720e-03	2.3801422624480928e-08	6.5217112457899139e-03	1	top_other
448	0.2235936931322442	retry_displacement	-1	453	326	641	280	222	641	0	2	2	280	2	-7.0155276502715760e-02	1.0000000000000000e+00	-1.7538819125678940e+03	-0.3908371897467262	2.9694315356773315	49.5752292801695091	-0.0000057034140024	0.0000014082036062	-0.9999999999827440	2.3450063584259378e-04	5.5269222525433700e-03	6.4455776271898912e-09	5.5318948050293946e-03	1	top_other
448	0.2235936931322442	retry_displacement	-1	453	326	641	281	224	641	0	2	2	281	2	-7.0874767474631992e-02	1.0000000000000000e+00	-1.7718691868657997e+03	-0.4382104796772708	-3.5695876791775802	49.5752561282277071	-0.0000057034140024	0.0000014082036062	-0.9999999999827440	-7.4054670561799439e-04	-4.8690975129853844e-03	-2.6330362196125279e-09	4.9250908635444538e-03	1	top_other
448	0.2235936931322442	retry_displacement	-1	453	326	641	282	224	641	0	2	2	282	2	-6.9376753723531928e-02	1.0000000000000000e+00	-1.7344188430882982e+03	-1.5779030560250091	-2.2264824853001555	49.5751815137661751	-0.0000057034140024	0.0000014082036062	-0.9999999999827440	-2.0259902694514686e-03	-2.9683639834487694e-03	7.3750004020434190e-09	3.5938588328149829e-03	1	top_other
448	0.2235936931322442	retry_displacement	-1	453	326	641	283	224	641	0	2	2	283	2	-7.2660617861206367e-02	1.0000000000000000e+00	-1.8165154465301591e+03	0.9897243712132351	-2.5383041519775515	49.5762171583893192	-0.0000057034140024	0.0000014082036062	-0.9999999999827440	1.1771155230962621e-03	-3.7428235013402386e-03	-1.1984234701833962e-08	3.9235607191736707e-03	1	top_other
448	0.2235936931322442	retry_displacement	-1	453	326	641	284	234	641	0	2	2	284	2	-7.1337302469032957e-02	1.0000000000000000e+00	-1.7834325617258239e+03	-3.2379385097575621	-1.6371350256113373	49.5753548533840558	-0.0000057034140024	0.0000014082036062	-0.9999999999827440	-5.1115771601128717e-03	-1.4864084039434631e-03	2.7060275076262741e-08	5.3233101551415900e-03	1	top_other
448	0.2235936931322442	retry_displacement	-1	453	326	641	285	240	641	0	2	2	285	2	-7.0342516429968666e-02	1.0000000000000000e+00	-1.7585629107492166e+03	-2.7798093846409317	0.0637938283111865	49.5753629221693330	-0.0000057034140024	0.0000014082036062	-0.9999999999827440	-3.9373413256770448e-03	1.1558300589648832e-03	2.4083931696172733e-08	4.1034863032147519e-03	1	top_other
448	0.2235936931322442	retry_displacement	-1	453	326	641	286	240	641	0	2	2	286	2	-7.0364873646959300e-02	1.0000000000000000e+00	-1.7591218411739826e+03	-3.2378962073552389	-1.6370815693729170	49.5749816293981524	-0.0000057034140024	0.0000014082036062	-0.9999999999827440	-5.0240365254709558e-03	-1.1517160821038431e-03	2.7032309529717580e-08	5.1543566954348093e-03	1	top_other
448	0.2235936931322442	retry_displacement	-1	453	326	641	287	252	641	0	2	2	287	2	-7.0030719022103172e-02	1.0000000000000000e+00	-1.7507679755525794e+03	-0.4394191080550812	-0.5051491580759901	49.5758195467474536	-0.0000057034140024	0.0000014082036062	-0.9999999999827440	-6.0029369417823216e-04	-3.4970481539014136e-04	2.9312678673232284e-09	6.9472726820371327e-04	1	top_other
448	0.2235936931322442	retry_displacement	-1	453	326	641	288	252	641	0	2	2	288	2	-6.9907088801580766e-02	1.0000000000000000e+00	-1.7476772200395192e+03	-1.5779103364068263	-2.2264726150424194	49.5754846581598514	-0.0000057034140024	0.0000014082036062	-0.9999999999827440	-2.3759113655497876e-03	-2.5815305236451874e-03	9.9154855714989054e-09	3.5084547398475541e-03	1	top_other
448	0.2235936931322442	retry_displacement	-1	453	326	641	289	269	641	0	2	2	289	2	-7.0888177172237013e-02	1.0000000000000000e+00	-1.7722044293059253e+03	-2.7799033120612835	0.0638595849014834	49.5756594843556968	-0.0000057034140024	0.0000014082036062	-0.9999999999827440	-3.9322329621027750e-03	1.1496718975111679e-03	2.4046124660892509e-08	4.0968526383984944e-03	1	top_other
448	0.2235936931322442	retry_displacement	-1	453	326	641	290	269	641	0	2	2	290	2	-6.8805952296942682e-02	1.0000000000000000e+00	-1.7201488074235670e+03	-1.5779487804835539	-2.2264691491399717	49.5749703940533735	-0.0000057034140024	0.0000014082036062	-0.9999999999827440	-2.8929749084769690e-03	-2.4583597895193130e-03	1.3037962473538833e-08	3.7964241959998037e-03	1	top_other
448	0.2235936931322442	retry_displacement	-1	453	326	641	291	269	641	0	2	2	291	2	-7.0436270053865685e-02	1.0000000000000000e+00	-1.7609067513466421e+03	-3.2379492606003524	-1.6370271955554059	49.5750904022688204	-0.0000057034140024	0.0000014082036062	-0.9999999999827440	-4.9720296115644521e-03	-1.1719232213407834e-03	2.6707236810974422e-08	5.1082758828889414e-03	1	top_other
448	0.2235936931322442	retry_displacement	-1	453	326	641	292	295	641	0	2	2	292	2	-7.0650541661917074e-02	1.0000000000000000e+00	-1.7662635415479269e+03	-3.1933648192298349	1.7415545654209255	49.5750268282963162	-0.0000057034140024	0.0000014082036062	-0.9999999999827440	-4.0377358215406096e-03	4.0329537253727633e-03	2.8708098995244846e-08	5.7068403093458323e-03	1	top_other
448	0.2235936931322442	retry_displacement	-1	453	326	641	293	295	641	0	2	2	293	2	-6.8488758002052993e-02	1.0000000000000000e+00	-1.7122189500513248e+03	-2.7798979557292043	0.0639363472609944	49.5744718007603922	-0.0000057034140024	0.0000014082036062	-0.9999999999827440	-4.1197898744387076e-03	2.0491724412545023e-03	2.6382519280332417e-08	4.6012798550208482e-03	1	top_other
448	0.2235936931322442	retry_displacement	-1	453	326	641	294	299	641	0	2	2	294	2	-6.8927209700287248e-02	1.0000000000000000e+00	-1.7231802425071812e+03	-2.0478187304125202	3.0349291973660981	49.5741101851878128	-0.0000057034140024	0.0000014082036062	-0.9999999999827440	-2.7292725021246383e-03	6.2620850563581392e-03	2.4384461755344589e-08	6.8310056100483628e-03	1	top_other
448	0.2235936931322442	retry_displacement	-1	453	326	641	295	299	641	0	2	2	295	2	-6.8276550884836140e-02	1.0000000000000000e+00	-1.7069137721209036e+03	-0.3909184380258878	2.9695642649729379	49.5743905604434474	-0.0000057034140024	0.0000014082036062	-0.9999999999827440	-9.3515646101252430e-05	5.8353868655479499e-03	8.7507712603906995e-09	5.8361361401831468e-03	1	top_other
448	0.2235936931322442	retry_displacement	-1	453	326	641	296	313	641	0	2	2	296	2	-6.9101777634161407e-02	1.0000000000000000e+00	-1.7275444408540352e+03	-0.3908941869661433	2.9694745117985404	49.5749585810188691	-0.0000057034140024	0.0000014082036062	-0.9999999999827440	2.9991928739804422e-04	5.3129651434801316e-03	5.7711728035370058e-09	5.3214236999905877e-03	1	top_other
448	0.2235936931322442	retry_displacement	-1	453	326	641	297	313	641	0	2	2	297	2	-6.9866417959466937e-02	1.0000000000000000e+00	-1.7466604489866734e+03	0.6583287634931096	1.0131830396880617	49.5755429960442342	-0.0000057034140024	0.0000014082036062	-0.9999999999827440	1.2358760894175356e-03	2.2903682657660052e-03	-3.8234081456423041e-09	2.6025327089657445e-03	1	top_other
448	0.2235936931322442	retry_displacement	-1	453	326	641	298	313	641	0	2	2	298	2	-6.8631425483872355e-02	1.0000000000000000e+00	-1.7157856370968088e+03	-1.3907347610942467	1.3598494118514579	49.5750235301295064	-0.0000057034140024	0.0000014082036062	-0.9999999999827440	-1.7352645828245989e-03	3.7078651358906957e-03	1.5118361368360311e-08	4.0938254772996518e-03	1	top_other
448	0.2235936931322442	retry_displacement	-1	453	326	641	299	317	641	0	2	2	299	2	-7.0742844959772497e-02	1.0000000000000000e+00	-1.7685711239943125e+03	-2.7799501266311055	0.0638221509068501	49.5756028953194416	-0.0000057034140024	0.0000014082036062	-0.9999999999827440	-3.9115731321235497e-03	1.3616000273351607e-03	2.4226731037968463e-08	4.1417821047197642e-03	1	top_other
448	0.2235936931322442	retry_displacement	-1	453	326	641	300	317	641	0	2	2	300	2	-6.8433847365836770e-02	1.0000000000000000e+00	-1.7108461841459193e+03	-1.3907206058459665	1.3598502414849976	49.5749467773694050	-0.0000057034140024	0.0000014082036062	-0.9999999999827440	-2.0669517583583401e-03	3.3129569982297429e-03	1.6453999593379898e-08	3.9048653810049329e-03	1	top_other
448	0.2235936931322442	retry_displacement	-1	453	326	641	301	317	641	0	2	2	301	2	-6.8671385774271315e-02	1.0000000000000000e+00	-1.7167846443567828e+03	-0.4394873269312868	-0.5051404918753135	49.5753637825798279	-0.0000057034140024	0.0000014082036062	-0.9999999999827440	-1.1199696128501358e-03	3.3410017820943486e-05	6.4346984685048625e-09	1.1204678322200437e-03	1	top_other
448	0.2235936931322442	retry_displacement	-1	453	326	641	305	344	641	0	2	2	305	2	-7.0502227998386569e-02	1.0000000000000000e+00	-1.7625556999596643e+03	-2.7798180964756809	0.0637404889844490	49.5753608479413259	-0.0000057034140024	0.0000014082036062	-0.9999999999827440	-3.9520794034497873e-03	1.3268969746546484e-03	2.4408886120652618e-08	4.1688832069410962e-03	1	top_other
448	0.2235936931322442	retry_displacement	-1	453	326	641	306	348	641	0	2	2	306	2	-6.8718740549294624e-02	1.0000000000000000e+00	-1.7179685137323656e+03	-1.3906736094792151	1.3598390542491956	49.5749379382634956	-0.0000057034140024	0.0000014082036062	-0.9999999999827440	-2.0777394073268492e-03	3.5176897358433000e-03	1.6803831395795221e-08	4.0854794238496172e-03	1	top_other
448	0.2235936931322442	retry_displacement	-1	453	326	641	307	348	641	0	2	2	307	2	-7.0191656725520843e-02	1.0000000000000000e+00	-1.7547914181380211e+03	-2.7798618242966442	0.0637542457879576	49.5751955676250589	-0.0000057034140024	0.0000014082036062	-0.9999999999827440	-3.8756909951106078e-03	1.4106923712402151e-03	2.4091212386112559e-08	4.1244434359604424e-03	1	top_other
448	0.2235936931322442	retry_displacement	-1	453	326	641	308	359	641	0	2	2	308	2	-7.0365098074112425e-02	1.0000000000000000e+00	-1.7591274518528107e+03	1.5967691250628249	2.7031804088883051	49.5756534519807275	-0.0000057034140024	0.0000014082036062	-0.9999999999827440	3.1921153366932711e-03	4.6352308545037548e-03	-1.1678606512410816e-08	5.6280516519868935e-03	1	top_other
448	0.2235936931322442	retry_displacement	-1	453	326	641	309	359	641	0	2	2	309	2	-7.0134106920662034e-02	1.0000000000000000e+00	-1.7533526730165509e+03	0.6582909697098345	1.0131772164814634	49.5756464727066515	-0.0000057034140024	0.0000014082036062	-0.9999999999827440	1.3193610482531235e-03	2.3683795303365346e-03	-4.1897016828107425e-09	2.7110763868585922e-03	1	top_other
448	0.2235936931322442	retry_displacement	-1	453	326	641	310	359	641	0	2	2	310	2	-6.9432324248327876e-02	1.0000000000000000e+00	-1.7358081062081969e+03	-0.3909350661731892	2.9694743362390907	49.5751249320026091	-0.0000057034140024	0.0000014082036062	-0.9999999999827440	3.7478184320568071e-04	5.3797903435556923e-03	5.4383041403482935e-09	5.3928290878388959e-03	1	top_other
448	0.2235936931322442	retry_displacement	-1	453	326	641	311	361	641	0	2	2	311	2	-6.9069254694089713e-02	1.0000000000000000e+00	-1.7267313673522428e+03	-0.3908611923155675	2.9694709371724826	49.5747908297460782	-0.0000057034140024	0.0000014082036062	-0.9999999999827440	6.0464177202457341e-05	5.5443703031329266e-03	7.4627500151747128e-09	5.5446999896335931e-03	1	top_other
448	0.2235936931322442	retry_displacement	-1	453	326	641	312	380	641	0	2	2	312	2	-6.8720327062639919e-02	1.0000000000000000e+00	-1.7180081765659979e+03	-0.4394663432625478	-0.5050989632432987	49.5754242301001256	-0.0000057034140024	0.0000014082036062	-0.9999999999827440	-1.0382844163243097e-03	-7.5596314195023608e-05	5.8153108717373669e-09	1.0410328198167446e-03	1	top_other
448	0.2235936931322442	retry_displacement	-1	453	326	641	313	380	641	0	2	2	313	2	-6.8777451795450001e-02	1.0000000000000000e+00	-1.7194362948862499e+03	-1.5779861345081101	-2.2264788354320117	49.5751001970933629	-0.0000057034140024	0.0000014082036062	-0.9999999999827440	-2.8187920131759162e-03	-2.4013403595555490e-03	1.2695161685782885e-08	3.7029750115462395e-03	1	top_other
448	0.2235936931322442	retry_displacement	-1	453	326	641	314	380	641	0	2	2	314	2	-7.0892040859593303e-02	1.0000000000000000e+00	-1.7723010214898325e+03	-2.7799515258138525	0.0638614471290481	49.5757460898222035	-0.0000057034140024	0.0000014082036062	-0.9999999999827440	-3.9014819450569767e-03	1.2303653728576217e-03	2.3984371697038931e-08	4.0908874732639485e-03	1	top_other
448	0.2235936931322442	retry_displacement	-1	453	326	641	315	381	641	0	2	2	315	2	-6.9137779948497943e-02	1.0000000000000000e+00	-1.7284444987124486e+03	-0.3908295973211168	2.9694114905236946	49.5748017168159549	-0.0000057034140024	0.0000014082036062	-0.9999999999827440	2.1045888894459926e-04	5.2676823481548627e-03	6.2176351012244169e-09	5.2718848873089764e-03	1	top_other
448	0.2235936931322442	retry_displacement	-1	453	326	641	316	381	641	0	2	2	316	2	-6.8953297427644653e-02	1.0000000000000000e+00	-1.7238324356911164e+03	-1.3906936457082864	1.3598381349815327	49.5750185052068630	-0.0000057034140024	0.0000014082036062	-0.9999999999827440	-1.8840236685144739e-03	3.8076750090904059e-03	1.6107348663196852e-08	4.2482860259914004e-03	1	top_other
448	0.2235936931322442	retry_displacement	-1	453	326	641	317	386	641	0	2	2	317	2	-6.9404648048540282e-02	1.0000000000000000e+00	-1.7351162012135071e+03	-2.7798818302640895	0.0638042713957617	49.5748899222286568	-0.0000057034140024	0.0000014082036062	-0.9999999999827440	-4.1131811878672830e-03	1.6325615528358832e-03	2.5758154248434195e-08	4.4253267346814860e-03	1	top_other
448	0.2235936931322442	retry_displacement	-1	453	326	641	318	400	641	0	2	2	318	2	-6.9463506981605486e-02	1.0000000000000000e+00	-1.7365876745401372e+03	-0.4394816096310123	-0.5051332872107153	49.5755647169596827	-0.0000057034140024	0.0000014082036062	-0.9999999999827440	-3.5108836738377477e-04	-3.7567246970592142e-04	1.4733789743814896e-09	5.1419144898502711e-04	1	top_other
448	0.2235936931322442	retry_displacement	-1	453	326	641	319	400	641	0	2	2	319	2	-7.0552279219168373e-02	1.0000000000000000e+00	-1.7638069804792094e+03	1.3531048177701748	-0.6871287258299603	49.5755355631977466	-0.0000057034140024	0.0000014082036062	-0.9999999999827440	2.1287045834554813e-03	-1.2223483009051953e-03	-1.3862198819381000e-08	2.4546931727901051e-03	1	top_other
448	0.2235936931322442	retry_displacement	-1	453	326	641	320	400	641	0	2	2	320	2	-7.1873092096168462e-02	1.0000000000000000e+00	-1.7968273024042117e+03	0.9897129353069133	-2.5383205593124361	49.5759899886419859	-0.0000057034140024	0.0000014082036062	-0.9999999999827440	1.3171765622630529e-03	-3.5034990058449753e-03	-1.2446043196057133e-08	3.7429212361852807e-03	1	top_other
448	0.2235936931322442	retry_displacement	-1	453	326	641	321	405	641	0	2	2	321	2	-6.8868848592513118e-02	1.0000000000000000e+00	-1.7217212148128281e+03	-1.5779024054896085	-2.2265015667143557	49.5751316574937420	-0.0000057034140024	0.0000014082036062	-0.9999999999827440	-2.0337544224804821e-03	-2.7779676843884609e-03	7.6873993420933928e-09	3.4428565910482826e-03	1	top_other
448	0.2235936931322442	retry_displacement	-1	453	326	641	322	405	641	0	2	2	322	2	-6.9565276466982268e-02	1.0000000000000000e+00	-1.7391319116745567e+03	-0.4394469665518486	-0.5051287585514685	49.5756756536068792	-0.0000057034140024	0.0000014082036062	-0.9999999999827440	-4.1680976079802123e-04	-4.6811815717945967e-04	1.7180329520138926e-09	6.2678942698529043e-04	1	top_other
448	0.2235936931322442	retry_displacement	-1	453	326	641	323	405	641	0	2	2	323	2	-7.2150000983423085e-02	1.0000000000000000e+00	-1.8037500245855772e+03	0.9897378620758147	-2.5383132751770789	49.5761196494545260	-0.0000057034140024	0.0000014082036062	-0.9999999999827440	1.2172570888396418e-03	-3.5509239772309412e-03	-1.1942945063458943e-08	3.7537682284001766e-03	1	top_other
448	0.2235936931322442	retry_displacement	-1	453	326	641	324	412	641	0	2	2	324	2	-6.9480032016209170e-02	1.0000000000000000e+00	-1.7370008004052293e+03	-2.0477241722497626	3.0348487968397633	49.5744304889206546	-0.0000057034140024	0.0000014082036062	-0.9999999999827440	-2.7943347271436486e-03	5.9192038935366618e-03	2.4272692092375259e-08	6.5456307030850522e-03	1	top_other
448	0.2235936931322442	retry_displacement	-1	453	326	641	325	426	641	0	2	2	325	2	-6.8368992287611993e-02	1.0000000000000000e+00	-1.7092248071902998e+03	-2.0478223866820899	3.0349790244802408	49.5738830058517124	-0.0000057034140024	0.0000014082036062	-0.9999999999827440	-2.8568022693156248e-03	6.4434398424075331e-03	2.5367201283987839e-08	7.0483498926582257e-03	1	top_other
448	0.2235936931322442	retry_displacement	-1	453	326	641	326	426	641	0	2	2	326	2	-7.3771011146443105e-02	1.0000000000000000e+00	-1.8442752786610777e+03	-1.7705589920547324	4.7405290869359362	49.5755967643813875	-0.0000057034140024	0.0000014082036062	-0.9999999999827440	-1.8685452860050722e-03	7.9735738955442372e-03	2.1885502854424033e-08	8.1895874226993425e-03	1	top_other
448	0.2235936931322442	retry_displacement	-1	453	326	641	327	438	641	0	2	2	327	2	-7.8794893032811314e-02	1.0000000000000000e+00	-1.9698723258202829e+03	5.0045218694381317	0.0635796042858274	49.5772888214643785	-0.0000057034140024	0.0000014082036062	-0.9999999999827440	6.8854678016012534e-03	-9.7347422895636818e-04	-4.0641523396667267e-08	6.9539426890780119e-03	1	top_other
448	0.2235936931322442	retry_displacement	-1	453	326	641	328	438	641	0	2	2	328	2	-7.1370375394757046e-02	1.0000000000000000e+00	-1.7842593848689262e+03	2.6578908285179184	0.6215799070659941	49.5751975376240637	-0.0000057034140024	0.0000014082036062	-0.9999999999827440	5.6874728076106093e-03	7.8212033345726275e-04	-3.1336627376310489e-08	5.7409980973955549e-03	1	top_other
448	0.2235936931322442	retry_displacement	-1	453	326	641	329	455	641	0	2	2	329	2	-7.5621144569408646e-02	1.0000000000000000e+00	-1.8905286142352161e+03	-4.8531562054736685	-1.1330697054427603	49.5765568963417991	-0.0000057034140024	0.0000014082036062	-0.9999999999827440	-5.9347912292139890e-03	-3.0423115906491341e-05	3.3805729465763434e-08	5.9348692067710792e-03	1	top_other
448	0.2235936931322442	retry_displacement	-1	453	326	641	330	455	641	0	2	2	330	2	-6.9231163386017272e-02	1.0000000000000000e+00	-1.7307790846504317e+03	-2.7799837072021476	0.0638121553506195	49.5748764902428647	-0.0000057034140024	0.0000014082036062	-0.9999999999827440	-4.5046726360596879e-03	1.1060919146808389e-03	2.7249615605628996e-08	4.6384819588449200e-03	1	top_other
448	0.2235936931322442	retry_displacement	-1	453	326	641	331	455	641	0	2	2	331	2	-6.9670926103582859e-02	1.0000000000000000e+00	-1.7417731525895715e+03	-3.2380662300979806	-1.6370538878125713	49.5745146851869976	-0.0000057034140024	0.0000014082036062	-0.9999999999827440	-5.3738048046847358e-03	-1.0606677654355077e-03	2.9155397388014315e-08	5.4774806424429051e-03	1	top_other
448	0.2235936931322442	retry_displacement	-1	453	326	641	332	466	641	0	2	2	332	2	-7.1335970230561568e-02	1.0000000000000000e+00	-1.7833992557640393e+03	2.8801914485986329	-1.4755593904435387	49.5757109716074211	-0.0000057034140024	0.0000014082036062	-0.9999999999827440	5.1210283799549405e-03	-2.4528785268367668e-03	-3.2661497367802994e-08	5.6781638525836503e-03	1	top_other
448	0.2235936931322442	retry_displacement	-1	453	326	641	333	466	641	0	2	2	333	2	-7.8435429320225125e-02	1.0000000000000000e+00	-1.9608857330056280e+03	5.0044928890755127	0.0635541602533536	49.5771606588403131	-0.0000057034140024	0.0000014082036062	-0.9999999999827440	6.7818534562534647e-03	-1.1942170902478353e-03	-4.0361418776613256e-08	6.8861956668661477e-03	1	top_other
448	0.2235936931322442	retry_displacement	-1	453	326	641	334	466	641	0	2	2	334	2	-7.1039165270672902e-02	1.0000000000000000e+00	-1.7759791317668225e+03	2.6579198565894417	0.6215492601026014	49.5750474480288901	-0.0000057034140024	0.0000014082036062	-0.9999999999827440	5.7071778848831450e-03	5.8918515721350002e-04	-3.1720705617743761e-08	5.7375097873717086e-03	1	top_other
448	0.2235936931322442	retry_displacement	-1	453	326	641	335	469	641	0	2	2	335	2	-7.1655008831884387e-02	1.0000000000000000e+00	-1.7913752207971097e+03	0.9898001309899698	-2.5384658644755134	49.5757743223721405	-0.0000057034140024	0.0000014082036062	-0.9999999999827440	1.8568093555618155e-03	-4.3932584220224506e-03	-1.6776754832581453e-08	4.7695346257108284e-03	1	top_other
448	0.2235936931322442	retry_displacement	-1	453	326	641	336	469	641	0	2	2	336	2	-7.8167732032888446e-02	1.0000000000000000e+00	-1.9541933008222111e+03	2.8440262753920051	-4.0524154703568938	49.5778277771731410	-0.0000057034140024	0.0000014082036062	-0.9999999999827440	3.1594323958494971e-03	-5.2473193052945746e-03	-2.5408844944729836e-08	6.1250610573533090e-03	1	top_other
448	0.2235936931322442	retry_displacement	-1	453	326	641	337	470	641	0	2	2	337	2	-8.0335722139282986e-02	1.0000000000000000e+00	-2.0083930534820747e+03	4.4315552044408291	2.3877575033552305	49.5782526250803954	-0.0000057034140024	0.0000014082036062	-0.9999999999827440	6.1871410073255769e-03	1.9199872553466515e-03	-3.2584093687115789e-08	6.4781992024238533e-03	1	top_other
448	0.2235936931322442	retry_displacement	-1	453	326	641	338	470	641	0	2	2	338	2	-7.1615348735414738e-02	1.0000000000000000e+00	-1.7903837183853684e+03	2.6578633512212035	0.6216102187135633	49.5753599203220787	-0.0000057034140024	0.0000014082036062	-0.9999999999827440	5.4799072873810209e-03	1.3289855752748802e-03	-2.9382697677715619e-08	5.6387575349932956e-03	1	top_other
448	0.2235936931322442	retry_displacement	-1	453	326	641	339	472	641	0	2	2	339	2	-7.5623374386186853e-02	1.0000000000000000e+00	-1.8905843596546713e+03	-4.8532060173092830	-1.1329995931740087	49.5764213431639860	-0.0000057034140024	0.0000014082036062	-0.9999999999827440	-6.0278653365561140e-03	-4.9576165833719818e-05	3.4309598231918592e-08	6.0280692027423399e-03	1	top_other
448	0.2235936931322442	retry_displacement	-1	453	326	641	340	472	641	0	2	2	340	2	-7.0363829579648068e-02	1.0000000000000000e+00	-1.7590957394912018e+03	-3.2380692068272210	-1.6371315319318669	49.5748008626321379	-0.0000057034140024	0.0000014082036062	-0.9999999999827440	-5.3619379768742774e-03	-1.4420641926874346e-03	2.8550632150126098e-08	5.5524704415686015e-03	1	top_other
448	0.2235936931322442	retry_displacement	-1	453	326	641	341	473	641	0	2	2	341	2	-7.6208433402275427e-02	1.0000000000000000e+00	-1.9052108350568856e+03	0.6056929615513681	-4.9013598963487350	49.5765112440167925	-0.0000057034140024	0.0000014082036062	-0.9999999999827440	3.1537645286023583e-05	-6.1944829566046439e-03	-8.9029654898320487e-09	6.1945632390681795e-03	1	top_other
448	0.2235936931322442	retry_displacement	-1	453	326	641	342	473	641	0	2	2	342	2	-7.1160846321745685e-02	1.0000000000000000e+00	-1.7790211580436421e+03	-0.4382845593953292	-3.5698137123404949	49.5751029831126431	-0.0000057034140024	0.0000014082036062	-0.9999999999827440	-8.9959512616295996e-04	-5.5128720986293922e-03	-2.6324829260904181e-09	5.5857882314736497e-03	1	top_other
448	0.2235936931322442	retry_displacement	-1	453	326	641	343	476	641	0	2	2	343	2	-7.1766214218989918e-02	1.0000000000000000e+00	-1.7941553554747479e+03	0.9897491114718562	-2.5384670286017852	49.5757795188971429	-0.0000057034140024	0.0000014082036062	-0.9999999999827440	1.3603534126095085e-03	-4.5372586329940640e-03	-1.4148042681849660e-08	4.7368003240666227e-03	1	top_other
448	0.2235936931322442	retry_displacement	-1	453	326	641	344	476	641	0	2	2	344	2	-7.6312081361527451e-02	1.0000000000000000e+00	-1.9078020340381863e+03	0.6055924037829143	-4.9013547912450353	49.5766824680919029	-0.0000057034140024	0.0000014082036062	-0.9999999999827440	-3.3830014566980624e-05	-6.1606513850850060e-03	-8.4825049206926906e-09	6.1607442698514399e-03	1	top_other
448	0.2235936931322442	retry_displacement	-1	453	326	641	345	476	641	0	2	2	345	2	-7.0568532948298540e-02	1.0000000000000000e+00	-1.7642133237074636e+03	-0.4382082536972703	-3.5697875517481363	49.5748584148167382	-0.0000057034140024	0.0000014082036062	-0.9999999999827440	-5.3678358580200498e-04	-5.4095893599049368e-03	-4.5563042366802975e-09	5.4361561475737546e-03	1	top_other
448	0.2235936931322442	retry_displacement	-1	453	326	641	346	490	641	0	2	2	346	2	-7.8736084264344960e-02	1.0000000000000000e+00	-1.9684021066086241e+03	5.0045135801561926	0.0635453042978952	49.5772386892124501	-0.0000057034140024	0.0000014082036062	-0.9999999999827440	6.8391336821640326e-03	-8.5160149343123522e-04	-4.0205639095791668e-08	6.8919499873215384e-03	1	top_other
448	0.2235936931322442	retry_displacement	-1	453	326	641	347	490	641	0	2	2	347	2	-7.1345044698048143e-02	1.0000000000000000e+00	-1.7836261174512035e+03	2.6578885576074738	0.6215373520458627	49.5752110266888550	-0.0000057034140024	0.0000014082036062	-0.9999999999827440	5.6793977942020818e-03	8.2949164929833799e-04	-3.1223863772300575e-08	5.7396529252227504e-03	1	top_other
448	0.2235936931322442	retry_displacement	-1	453	326	641	348	491	641	0	2	2	348	2	-7.0597884184248783e-02	1.0000000000000000e+00	-1.7649471046062195e+03	1.5968978510904008	2.7032209335718731	49.5757783671325925	-0.0000057034140024	0.0000014082036062	-0.9999999999827440	4.2236123567959876e-03	4.5955927455594934e-03	-1.7617479572407113e-08	6.2416643632791698e-03	1	top_other
448	0.2235936931322442	retry_displacement	-1	453	326	641	349	491	641	0	2	2	349	2	-8.0127911869667473e-02	1.0000000000000000e+00	-2.0031977967416867e+03	4.4315451575775269	2.3877674799730810	49.5781987912748434	-0.0000057034140024	0.0000014082036062	-0.9999999999827440	6.0695813955042380e-03	2.1056168022406258e-03	-3.1652198334564119e-08	6.4244408655953142e-03	1	top_other
448	0.2235936931322442	retry_displacement	-1	453	326	641	350	491	641	0	2	2	350	2	-7.1410363926440082e-02	1.0000000000000000e+00	-1.7852590981610022e+03	2.6578905124785464	0.6215974451140980	49.5753576819216661	-0.0000057034140024	0.0000014082036062	-0.9999999999827440	5.3715400744320206e-03	1.4489464167183887e-03	-2.8595705303668950e-08	5.5635320157763025e-03	1	top_other
448	0.2235936931322442	retry_displacement	-1	453	326	641	351	497	641	0	2	2	351	2	-7.3435405500492393e-02	1.0000000000000000e+00	-1.8358851375123097e+03	-1.7705499342940656	4.7405453811181228	49.5752978267649809	-0.0000057034140024	0.0000014082036062	-0.9999999999827440	-2.0721732191565684e-03	8.0695739677618221e-03	2.3182064920468370e-08	8.3313819905167230e-03	1	top_other
448	0.2235936931322442	retry_displacement	-1	453	326	641	352	497	641	0	2	2	352	2	-6.8299511782034861e-02	1.0000000000000000e+00	-1.7074877945508715e+03	-2.0477798464441106	3.0349723039028005	49.5738724267901176	-0.0000057034140024	0.0000014082036062	-0.9999999999827440	-2.9057818047882218e-03	6.3474782335618480e-03	2.5511418380586015e-08	6.9809775693115191e-03	1	top_other
448	0.2235936931322442	retry_displacement	-1	453	326	641	353	498	641	0	2	2	353	2	-7.1106409524095651e-02	1.0000000000000000e+00	-1.7776602381023913e+03	0.9898201660732312	-2.5384449435795049	49.5755654843630325	-0.0000057034140024	0.0000014082036062	-0.9999999999827440	2.0382555613948708e-03	-4.1723257088665290e-03	-1.7500499424616400e-08	4.6435748680011581e-03	1	top_other
448	0.2235936931322442	retry_displacement	-1	453	326	641	354	498	641	0	2	2	354	2	-7.7830890345767359e-02	1.0000000000000000e+00	-1.9457722586441839e+03	2.8440434585528807	-4.0523649963944921	49.5776968251043257	-0.0000057034140024	0.0000014082036062	-0.9999999999827440	3.3219336629428261e-03	-5.0534348793868757e-03	-2.6062628208367578e-08	6.0475157992249881e-03	1	top_other
448	0.2235936931322442	retry_displacement	-1	453	326	641	355	498	641	0	2	2	355	2	-7.1443806550595790e-02	1.0000000000000000e+00	-1.7860951637648948e+03	2.8801788350207334	-1.4756520452882071	49.5756780010009734	-0.0000057034140024	0.0000014082036062	-0.9999999999827440	4.7600981010434210e-03	-3.4097388902480331e-03	-3.1950416770620826e-08	5.8553269107922490e-03	1	top_other
448	0.2235936931322442	retry_displacement	-1	453	326	641	356	520	641	0	2	2	356	2	-6.8049344814667317e-02	1.0000000000000000e+00	-1.7012336203666830e+03	-0.3909360834345776	2.9694793300381788	49.5742500213446462	-0.0000057034140024	0.0000014082036062	-0.9999999999827440	-2.2596131494088853e-04	5.4135781818964107e-03	8.9121712509854234e-09	5.4182919123496927e-03	1	top_other
448	0.2235936931322442	retry_displacement	-1	453	326	641	357	520	641	0	2	2	357	2	-6.8471929915929444e-02	1.0000000000000000e+00	-1.7117982478982360e+03	-1.3907217156363074	1.3598610677442793	49.5747458554117131	-0.0000057034140024	0.0000014082036062	-0.9999999999827440	-2.0384948019798225e-03	3.9317195497894893e-03	1.7163041446388583e-08	4.4287559964611050e-03	1	top_other
448	0.2235936931322442	retry_displacement	-1	453	326	641	358	520	641	0	2	2	358	2	-6.9482708042107932e-02	1.0000000000000000e+00	-1.7370677010526983e+03	-2.0477191513633004	3.0348837392076704	49.5744713153502872	-0.0000057034140024	0.0000014082036062	-0.9999999999827440	-2.5487702355782935e-03	5.8146379611220631e-03	2.2724886000746736e-08	6.3487198972082548e-03	1	top_other
448	0.2235936931322442	retry_displacement	-1	453	326	641	359	522	641	0	2	2	359	2	-6.8969277003903567e-02	1.0000000000000000e+00	-1.7242319250975893e+03	-2.0476704439562368	3.0348514642447411	49.5742438066905464	-0.0000057034140024	0.0000014082036062	-0.9999999999827440	-2.7917005860857596e-03	5.8185664831003478e-03	2.4115950528202923e-08	6.4536275133595918e-03	1	top_other
448	0.2235936931322442	retry_displacement	-1	453	326	641	360	522	641	0	2	2	360	2	-6.9135665395093832e-02	1.0000000000000000e+00	-1.7283916348773457e+03	-3.1933170466164298	1.7415202711594149	49.5742711334671284	-0.0000057034140024	0.0000014082036062	-0.9999999999827440	-3.8050870008823913e-03	4.3320287796030131e-03	2.7802365035189958e-08	5.7658616383300327e-03	1	top_other
448	0.2235936931322442	retry_displacement	-1	453	326	641	361	524	641	0	2	2	361	2	-7.7731802525107876e-02	1.0000000000000000e+00	-1.9432950631276969e+03	2.8443717217740696	4.1799322573961231	49.5774813509988377	-0.0000057034140024	0.0000014082036062	-0.9999999999827440	4.9282634703931164e-03	5.2678009276907129e-03	-2.0689790630745719e-08	7.2137027557155698e-03	1	top_other
448	0.2235936931322442	retry_displacement	-1	453	326	641	362	524	641	0	2	2	362	2	-7.1099806262728243e-02	1.0000000000000000e+00	-1.7774951565682061e+03	1.5968856827682658	2.7033637254160867	49.5757641444418624	-0.0000057034140024	0.0000014082036062	-0.9999999999827440	3.8373910978696931e-03	5.3307403971552102e-03	-1.4379462259794806e-08	6.5682846786721139e-03	1	top_other
448	0.2235936931322442	retry_displacement	-1	453	326	641	363	530	641	0	2	2	363	2	-7.5593920272701592e-02	1.0000000000000000e+00	-1.8898480068175397e+03	-3.7407951557501931	-3.2528161257798884	49.5767390929141953	-0.0000057034140024	0.0000014082036062	-0.9999999999827440	-5.0704627779661398e-03	-3.2543911258814356e-03	2.4336103091049388e-08	6.0250024384682363e-03	1	top_other
448	0.2235936931322442	retry_displacement	-1	453	326	641	364	530	641	0	2	2	364	2	-7.5729705755335094e-02	1.0000000000000000e+00	-1.8932426438833775e+03	-1.7707827460567658	-4.6127104880785215	49.5767421346742054	-0.0000057034140024	0.0000014082036062	-0.9999999999827440	-3.1400845713459515e-03	-5.2702275840390243e-03	1.0487648832713248e-08	6.1347721964943973e-03	1	top_other
448	0.2235936931322442	retry_displacement	-1	453	326	641	365	530	641	0	2	2	365	2	-6.8410692390311639e-02	1.0000000000000000e+00	-1.7102673097577911e+03	-1.5780956959688139	-2.2267070838221867	49.5746930412484232	-0.0000057034140024	0.0000014082036062	-0.9999999999827440	-3.1409221250736251e-03	-3.7493077529691327e-03	1.2634190527105460e-08	4.8910837676747147e-03	1	top_other
448	0.2235936931322442	retry_displacement	-1	453	326	641	366	540	641	0	2	2	366	2	-7.5276945055982522e-02	1.0000000000000000e+00	-1.8819236263995631e+03	-4.8530850179249585	1.2608738971415492	49.5767515184022471	-0.0000057034140024	0.0000014082036062	-0.9999999999827440	-5.5373333860598397e-03	3.0455381789617846e-03	3.5870442616214859e-08	6.3196015562037994e-03	1	top_other
448	0.2235936931322442	retry_displacement	-1	453	326	641	367	540	641	0	2	2	367	2	-7.5237279959903161e-02	1.0000000000000000e+00	-1.8809319989975791e+03	-4.8531419036300134	-1.1330699076148236	49.5765432777239567	-0.0000057034140024	0.0000014082036062	-0.9999999999827440	-5.9160548202883030e-03	2.2144850481107872e-04	3.4053554476276560e-08	5.9201979762588319e-03	1	top_other
448	0.2235936931322442	retry_displacement	-1	453	326	641	368	540	641	0	2	2	368	2	-6.8255406623392967e-02	1.0000000000000000e+00	-1.7063851655848241e+03	-2.7800144414389663	0.0638785893558449	49.5745122293092848	-0.0000057034140024	0.0000014082036062	-0.9999999999827440	-4.6197781095762046e-03	1.4684358732424084e-03	2.8416363845318315e-08	4.8475409948088299e-03	1	top_other
448	0.2235936931322442	retry_displacement	-1	453	326	641	369	546	641	0	2	2	369	2	-7.3418574717685675e-02	1.0000000000000000e+00	-1.8354643679421420e+03	-3.7405598774305089	3.3805981158618410	49.5756397683117171	-0.0000057034140024	0.0000014082036062	-0.9999999999827440	-3.6456884512707055e-03	6.0450206125456443e-03	2.9305490381603683e-08	7.0592718102286669e-03	1	top_other
448	0.2235936931322442	retry_displacement	-1	453	326	641	370	546	641	0	2	2	370	2	-6.8478481388688589e-02	1.0000000000000000e+00	-1.7119620347172147e+03	-2.0477268002972480	3.0349173722552520	49.5739602725563060	-0.0000057034140024	0.0000014082036062	-0.9999999999827440	-2.9527198228791103e-03	6.0508571528095842e-03	2.5361422434366787e-08	6.7328616974339636e-03	1	top_other
448	0.2235936931322442	retry_displacement	-1	453	326	641	371	546	641	0	2	2	371	2	-6.8620236880398366e-02	1.0000000000000000e+00	-1.7155059220099592e+03	-3.1934215454965296	1.7415802654307115	49.5739248773792269	-0.0000057034140024	0.0000014082036062	-0.9999999999827440	-4.0620629720304093e-03	4.4639810857905896e-03	2.9453821104308275e-08	6.0355184304170736e-03	1	top_other
448	0.2235936931322442	retry_displacement	-1	453	326	641	372	547	641	0	2	2	372	2	-6.8399235365540600e-02	1.0000000000000000e+00	-1.7099808841385150e+03	-1.3906947188692427	1.3598527861052432	49.5747291237804788	-0.0000057034140024	0.0000014082036062	-0.9999999999827440	-2.1884657072139841e-03	3.6477568708712391e-03	1.7618510345096539e-08	4.2538820318563549e-03	1	top_other
448	0.2235936931322442	retry_displacement	-1	453	326	641	373	547	641	0	2	2	373	2	-6.8651476987735882e-02	1.0000000000000000e+00	-1.7162869246933969e+03	-2.7799486478223812	0.0639072279785026	49.5744741596625715	-0.0000057034140024	0.0000014082036062	-0.9999999999827440	-4.1115044778586305e-03	1.9740268871066653e-03	2.6229443977898725e-08	4.5608388727469409e-03	1	top_other
448	0.2235936931322442	retry_displacement	-1	453	326	641	374	547	641	0	2	2	374	2	-7.0157749549730641e-02	1.0000000000000000e+00	-1.7539437387432661e+03	-3.1933630168618392	1.7415581705507819	49.5747764990292836	-0.0000057034140024	0.0000014082036062	-0.9999999999827440	-3.8618235178501941e-03	4.1285943284059623e-03	2.7839479735392025e-08	5.6532266903372768e-03	1	top_other
448	0.2235936931322442	retry_displacement	-1	453	326	641	375	548	641	0	2	2	375	2	-6.9986809150544310e-02	1.0000000000000000e+00	-1.7496702287636078e+03	-3.1933675538873971	1.7415180664396275	49.5746613314727540	-0.0000057034140024	0.0000014082036062	-0.9999999999827440	-3.9948714253491124e-03	4.1730737906319187e-03	2.8660943188207888e-08	5.7769838642626791e-03	1	top_other
448	0.2235936931322442	retry_displacement	-1	453	326	641	376	557	641	0	2	2	376	2	-7.1084862218882647e-02	1.0000000000000000e+00	-1.7771215554720661e+03	0.9897766151706904	-2.5384883139657277	49.5755536777041499	-0.0000057034140024	0.0000014082036062	-0.9999999999827440	1.6235350574043184e-03	-4.5638718804159924e-03	-1.5686553431204509e-08	4.8440471326896394e-03	1	top_other
448	0.2235936931322442	retry_displacement	-1	453	326	641	377	557	641	0	2	2	377	2	-7.7616895560714064e-02	1.0000000000000000e+00	-1.9404223890178516e+03	2.8439817072755034	-4.0524705122653959	49.5776186353169734	-0.0000057034140024	0.0000014082036062	-0.9999999999827440	2.8811991199033673e-03	-5.4465624475062251e-03	-2.4102540296944142e-08	6.1616840931435187e-03	1	top_other
448	0.2235936931322442	retry_displacement	-1	453	326	641	378	557	641	0	2	2	378	2	-7.6049013337453772e-02	1.0000000000000000e+00	-1.9012253334363443e+03	0.6055742717109680	-4.9013477296325387	49.5767064769903101	-0.0000057034140024	0.0000014082036062	-0.9999999999827440	1.5113868586188417e-04	-6.0847993858038950e-03	-9.4306429332391417e-09	6.0866761428494329e-03	1	top_other
448	0.2235936931322442	retry_displacement	-1	453	326	641	379	559	641	0	2	2	379	2	-7.5249257156107599e-02	1.0000000000000000e+00	-1.8812314289026899e+03	-1.7706777588794709	-4.6127311992320852	49.5762598804734367	-0.0000057034140024	0.0000014082036062	-0.9999999999827440	-2.5660749708306032e-03	-5.4731492083932073e-03	6.9280794573467475e-09	6.0448410246512251e-03	1	top_other
448	0.2235936931322442	retry_displacement	-1	453	326	641	380	559	641	0	2	2	380	2	-7.5744294310108026e-02	1.0000000000000000e+00	-1.8936073577527006e+03	0.6056556971702023	-4.9014048196786728	49.5762147149135330	-0.0000057034140024	0.0000014082036062	-0.9999999999827440	-1.4544305525693145e-04	-6.2565967373614632e-03	-7.9810401343305415e-09	6.2582870193327077e-03	1	top_other
448	0.2235936931322442	retry_displacement	-1	453	326	641	381	559	641	0	2	2	381	2	-7.1065819078726375e-02	1.0000000000000000e+00	-1.7766454769681593e+03	-0.4382763184294802	-3.5698060442418766	49.5750024269895775	-0.0000057034140024	0.0000014082036062	-0.9999999999827440	-1.0579637288610601e-03	-5.4133267415118142e-03	-1.5890611049229619e-09	5.5157405361342948e-03	1	top_other
448	0.2235936931322442	retry_displacement	-1	453	326	641	382	564	641	0	2	2	382	2	-7.0176494866687186e-02	1.0000000000000000e+00	-1.7544123716671797e+03	1.5968963003674717	2.7032809038274466	49.5755131338539385	-0.0000057034140024	0.0000014082036062	-0.9999999999827440	4.1200046464040649e-03	4.8482045854643949e-03	-1.6670833005716368e-08	6.3623522371200874e-03	1	top_other
448	0.2235936931322442	retry_displacement	-1	453	326	641	383	564	641	0	2	2	383	2	-7.7228366379061192e-02	1.0000000000000000e+00	-1.9307091594765297e+03	2.8443887489794237	4.1798818571604484	49.5773119604163313	-0.0000057034140024	0.0000014082036062	-0.9999999999827440	5.1138984321096375e-03	5.0007741218926734e-03	-2.2124571785742120e-08	7.1526008551165733e-03	1	top_other
448	0.2235936931322442	retry_displacement	-1	453	326	641	384	564	641	0	2	2	384	2	-7.9672348920533362e-02	1.0000000000000000e+00	-1.9918087230133340e+03	4.4315419775339535	2.3878205167745703	49.5779972387003980	-0.0000057034140024	0.0000014082036062	-0.9999999999827440	5.9222063246526981e-03	2.3305529428216229e-03	-3.0494901423483434e-08	6.3642756675037961e-03	1	top_other
448	0.2235936931322442	retry_displacement	-1	453	326	641	385	566	641	0	2	2	385	2	-6.8072474499065644e-02	1.0000000000000000e+00	-1.7018118624766412e+03	-1.3907029195378484	1.3598469768383326	49.5745585781193867	-0.0000057034140024	0.0000014082036062	-0.9999999999827440	-2.1505944693410322e-03	3.8089874292844728e-03	1.7629560436493996e-08	4.3741789867720515e-03	1	top_other
448	0.2235936931322442	retry_displacement	-1	453	326	641	386	566	641	0	2	2	386	2	-6.9400873577065883e-02	1.0000000000000000e+00	-1.7350218394266471e+03	-3.1933776186013700	1.7415715278570816	49.5744170909450332	-0.0000057034140024	0.0000014082036062	-0.9999999999827440	-3.8307037833283995e-03	4.3219403154528442e-03	2.7934261528916871e-08	5.7752454118178793e-03	1	top_other
448	0.2235936931322442	retry_displacement	-1	453	326	641	387	566	641	0	2	2	387	2	-6.9014665880497400e-02	1.0000000000000000e+00	-1.7253666470124349e+03	-2.0477077138477298	3.0348866904743290	49.5742662000269121	-0.0000057034140024	0.0000014082036062	-0.9999999999827440	-2.7130488230704937e-03	5.7773091709031072e-03	2.3609268248736548e-08	6.3826276072729430e-03	1	top_other
448	0.2235936931322442	retry_displacement	-1	453	326	641	388	568	641	0	2	2	388	2	-7.0372273653786344e-02	1.0000000000000000e+00	-1.7593068413446586e+03	1.5967977541199758	2.7033369979153306	49.5755018391651632	-0.0000057034140024	0.0000014082036062	-0.9999999999827440	3.3603236259408149e-03	5.3314009026095271e-03	-1.1657618842475514e-08	6.3020322480559872e-03	1	top_other
448	0.2235936931322442	retry_displacement	-1	453	326	641	389	568	641	0	2	2	389	2	-7.6494832628602197e-02	1.0000000000000000e+00	-1.9123708157150550e+03	0.6058513547081944	5.0287149175977293	49.5771516732047672	-0.0000057034140024	0.0000014082036062	-0.9999999999827440	2.0526338670568537e-03	6.4441324908252832e-03	-2.6323701274311162e-09	6.7631464091431415e-03	1	top_other
448	0.2235936931322442	retry_displacement	-1	453	326	641	390	568	641	0	2	2	390	2	-7.7244747217281709e-02	1.0000000000000000e+00	-1.9311186804320428e+03	2.8443211914180906	4.1799536301559543	49.5773104663649775	-0.0000057034140024	0.0000014082036062	-0.9999999999827440	4.6226558420918266e-03	5.3927044164603427e-03	-1.8770894241737501e-08	7.1028309819457852e-03	1	top_other
448	0.2235936931322442	retry_displacement	-1	453	326	641	391	569	641	0	2	2	391	2	-7.3313721965194964e-02	1.0000000000000000e+00	-1.8328430491298741e+03	-3.7405454984840945	3.3806678649588422	49.5755617353744782	-0.0000057034140024	0.0000014082036062	-0.9999999999827440	-3.6333488759097573e-03	6.1185651458243746e-03	2.9338678361745529e-08	7.1160426852733463e-03	1	top_other
448	0.2235936931322442	retry_displacement	-1	453	326	641	392	569	641	0	2	2	392	2	-6.9203799067828961e-02	1.0000000000000000e+00	-1.7300949766957240e+03	-3.1934551411809777	1.7415785764954166	49.5742422575381383	-0.0000057034140024	0.0000014082036062	-0.9999999999827440	-4.2252706877076475e-03	4.3041656609385959e-03	3.0159609601398962e-08	6.0314802844835726e-03	1	top_other
448	0.2235936931322442	retry_displacement	-1	453	326	641	393	573	641	0	2	2	393	2	-6.9122565872314884e-02	1.0000000000000000e+00	-1.7280641468078720e+03	-3.1934296119414411	1.7416049274243974	49.5742254816903767	-0.0000057034140024	0.0000014082036062	-0.9999999999827440	-4.2568235206779997e-03	4.1936266369761981e-03	3.0183907026581913e-08	5.9755377044634914e-03	1	top_other
448	0.2235936931322442	retry_displacement	-1	453	326	641	394	573	641	0	2	2	394	2	-7.5006571740087680e-02	1.0000000000000000e+00	-1.8751642935021921e+03	-4.8530386575699378	1.2609589176252214	49.5763638892981504	-0.0000057034140024	0.0000014082036062	-0.9999999999827440	-5.3620916748397867e-03	3.6818422581117215e-03	3.5767012296350487e-08	6.5044592045982305e-03	1	top_other
448	0.2235936931322442	retry_displacement	-1	453	326	641	395	573	641	0	2	2	395	2	-7.2944344735410366e-02	1.0000000000000000e+00	-1.8236086183852592e+03	-3.7405930602564141	3.3806468933838816	49.5753483607258190	-0.0000057034140024	0.0000014082036062	-0.9999999999827440	-3.7831694332160402e-03	5.9673106658345099e-03	2.9980169902188436e-08	7.0654913165257857e-03	1	top_other
448	0.2235936931322442	retry_displacement	-1	453	326	641	396	574	641	0	2	2	396	2	-7.0405602299025025e-02	1.0000000000000000e+00	-1.7601400574756256e+03	-3.2380696632218573	-1.6370971844146183	49.5747725403972908	-0.0000057034140024	0.0000014082036062	-0.9999999999827440	-5.2138552334109779e-03	-1.5295809524045784e-03	2.7582813547089025e-08	5.4335903678586917e-03	1	top_other
448	0.2235936931322442	retry_displacement	-1	453	326	641	397	574	641	0	2	2	397	2	-7.4983716986109242e-02	1.0000000000000000e+00	-1.8745929246527310e+03	-3.7408642601163322	-3.2527016889609373	49.5761856036458113	-0.0000057034140024	0.0000014082036062	-0.9999999999827440	-5.4840880233331798e-03	-2.7306187360324721e-03	2.7432757260248408e-08	6.1262957919113372e-03	1	top_other
448	0.2235936931322442	retry_displacement	-1	453	326	641	398	574	641	0	2	2	398	2	-7.5196436924742385e-02	1.0000000000000000e+00	-1.8799109231185596e+03	-4.8532354963169677	-1.1330495070394790	49.5761360749533395	-0.0000057034140024	0.0000014082036062	-0.9999999999827440	-6.0060379126559409e-03	-2.3231557541922559e-04	3.3927773104847070e-08	6.0105292558970203e-03	1	top_other
448	0.2235936931322442	retry_displacement	-1	453	326	641	399	577	641	0	2	2	399	2	-6.7899313513140228e-02	1.0000000000000000e+00	-1.6974828378285056e+03	-0.3909577471385788	2.9695788538113534	49.5743039727241950	-0.0000057034140024	0.0000014082036062	-0.9999999999827440	-8.4074720295495648e-05	6.0960338124943017e-03	9.0639697275518571e-09	6.0966135519441231e-03	1	top_other
448	0.2235936931322442	retry_displacement	-1	453	326	641	400	577	641	0	2	2	400	2	-7.3187976581668590e-02	1.0000000000000000e+00	-1.8296994145417148e+03	-1.7705666093134838	4.7404694113653374	49.5754983752147069	-0.0000057034140024	0.0000014082036062	-0.9999999999827440	-1.3771352418345828e-03	7.8500539985352363e-03	1.8908846766141352e-08	7.9699340809431668e-03	1	top_other
448	0.2235936931322442	retry_displacement	-1	453	326	641	401	577	641	0	2	2	401	2	-7.7008780783897807e-02	1.0000000000000000e+00	-1.9252195195974452e+03	0.6057972749347172	5.0287055087621493	49.5773723818858087	-0.0000057034140024	0.0000014082036062	-0.9999999999827440	1.4398730279022870e-03	6.4495280578571162e-03	8.7005667948059084e-10	6.6083013328364082e-03	1	top_other
448	0.2235936931322442	retry_displacement	-1	453	326	641	402	578	641	0	2	2	402	2	-7.8267917569866272e-02	1.0000000000000000e+00	-1.9566979392466567e+03	5.0045143730089263	0.0636009597060209	49.5770612645362618	-0.0000057034140024	0.0000014082036062	-0.9999999999827440	6.7589187510363625e-03	-5.5665465586340489e-04	-3.9332794937729787e-08	6.7818026431438133e-03	1	top_other
448	0.2235936931322442	retry_displacement	-1	453	326	641	403	578	641	0	2	2	403	2	-8.0006569714290904e-02	1.0000000000000000e+00	-2.0001642428572725e+03	4.4315580353330990	2.3877482806044967	49.5781890077110248	-0.0000057034140024	0.0000014082036062	-0.9999999999827440	6.2545715219157689e-03	1.7125739246236879e-03	-3.3260758008912816e-08	6.4847956306399506e-03	1	top_other
448	0.2235936931322442	retry_displacement	-1	453	326	641	404	578	641	0	2	2	404	2	-7.0910429598663768e-02	1.0000000000000000e+00	-1.7727607399665942e+03	2.6578817120846923	0.6215727182516630	49.5750604641385166	-0.0000057034140024	0.0000014082036062	-0.9999999999827440	5.6187536749128285e-03	1.0807720008392684e-03	-3.0524131361397977e-08	5.7217533132839851e-03	1	top_other
448	0.2235936931322442	retry_displacement	-1	453	326	641	405	579	641	0	2	2	405	2	-7.7392673513900848e-02	1.0000000000000000e+00	-1.9348168378475211e+03	2.8440965269640857	-4.0523575678100157	49.5774777705588860	-0.0000057034140024	0.0000014082036062	-0.9999999999827440	3.5125526579327091e-03	-4.9386052716045327e-03	-2.6988103765668292e-08	6.0603505017613113e-03	1	top_other
448	0.2235936931322442	retry_displacement	-1	453	326	641	406	579	641	0	2	2	406	2	-7.6355824734174293e-02	1.0000000000000000e+00	-1.9088956183543573e+03	4.4316702919113578	-2.2606769868906311	49.5767019220140952	-0.0000057034140024	0.0000014082036062	-0.9999999999827440	5.6170924425353536e-03	-3.7681379557311574e-03	-3.7342909153803561e-08	6.7639183291051093e-03	1	top_other
448	0.2235936931322442	retry_displacement	-1	453	326	641	407	579	641	0	2	2	407	2	-7.0892038992424203e-02	1.0000000000000000e+00	-1.7723009748106051e+03	2.8802536713404221	-1.4756567836850252	49.5753482546429183	-0.0000057034140024	0.0000014082036062	-0.9999999999827440	5.0151220746855844e-03	-3.3158712228049452e-03	-3.3272739285994390e-08	6.0121918957508069e-03	1	top_other
448	0.2235936931322442	retry_displacement	-1	453	326	641	408	581	641	0	2	2	408	2	-7.6623355740845819e-02	1.0000000000000000e+00	-1.9155838935211455e+03	4.4316677214187781	-2.2606868674943357	49.5768835756352502	-0.0000057034140024	0.0000014082036062	-0.9999999999827440	5.7320596051535673e-03	-3.4563466288515094e-03	-3.7559548804466658e-08	6.6934923124791273e-03	1	top_other
448	0.2235936931322442	retry_displacement	-1	453	326	641	409	581	641	0	2	2	409	2	-7.7928039590039799e-02	1.0000000000000000e+00	-1.9482009897509949e+03	5.0045378624617838	0.0634994719646642	49.5769255548874384	-0.0000057034140024	0.0000014082036062	-0.9999999999827440	6.8461435965018165e-03	-1.4567352653346677e-03	-4.1097771116826998e-08	6.9994113880298189e-03	1	top_other
448	0.2235936931322442	retry_displacement	-1	453	326	641	410	581	641	0	2	2	410	2	-7.0821503748468004e-02	1.0000000000000000e+00	-1.7705375937117001e+03	2.8802553079066699	-1.4756381233131137	49.5754004637097552	-0.0000057034140024	0.0000014082036062	-0.9999999999827440	5.2466763661867307e-03	-2.7385230617974084e-03	-3.3780365490954090e-08	5.9183715203288620e-03	1	top_other
448	0.2235936931322442	retry_displacement	-1	453	326	641	411	588	641	0	2	2	411	2	-7.6789392669698503e-02	1.0000000000000000e+00	-1.9197348167424625e+03	4.4316983273353809	-2.2606586960219786	49.5768447064777220	-0.0000057034140024	0.0000014082036062	-0.9999999999827440	5.7644232094079591e-03	-3.5777005460700018e-03	-3.7915022871315429e-08	6.7844318948566571e-03	1	top_other
448	0.2235936931322442	retry_displacement	-1	453	326	641	412	588	641	0	2	2	412	2	-7.1419411735117455e-02	1.0000000000000000e+00	-1.7854852933779364e+03	2.8803178080614131	-1.4756640925910531	49.5755055589746689	-0.0000057034140024	0.0000014082036062	-0.9999999999827440	5.3130020069197068e-03	-3.1328412050725587e-03	-3.4713928329099808e-08	6.1678751886641127e-03	1	top_other
448	0.2235936931322442	retry_displacement	-1	453	326	641	413	594	641	0	1	1	413	2	-7.2631896363784990e-02	1.0000000000000000e+00	-1.8157974090946248e+03	-1.7706918306835362	4.7405802876727119	49.5749882673937137	-0.0000057034140024	0.0000014082036062	-0.9999999999827440	4.2659521321860981e-04	-4.8859209304829556e-04	-3.1210862505570702e-09	6.4861830789770853e-04	1	top_other
448	0.2235936931322442	retry_displacement	-1	453	326	641	414	594	641	0	2	2	414	2	-7.3191925947185349e-02	1.0000000000000000e+00	-1.8297981486796336e+03	-3.7405673450624435	3.3805774349000330	49.5756121329124468	-0.0000057034140024	0.0000014082036062	-0.9999999999827440	-3.5665847013032180e-03	6.0541239660434802e-03	2.8867148324507319e-08	7.0265883207019826e-03	1	top_other
448	0.2235936931322442	retry_displacement	-1	453	326	641	415	594	641	0	2	2	415	2	-6.7931249587308826e-02	1.0000000000000000e+00	-1.6982812396827208e+03	-2.0477845158804242	3.0349535788974449	49.5736924735354307	-0.0000057034140024	0.0000014082036062	-0.9999999999827440	-2.9767344362392864e-03	6.2901694268535872e-03	2.5835388134387571e-08	6.9589639547194002e-03	1	top_other
448	0.2235936931322442	retry_displacement	-1	453	326	641	416	611	641	0	2	2	416	2	-6.8522539448341149e-02	1.0000000000000000e+00	-1.7130634862085287e+03	-1.5779929450932642	-2.2266406199024531	49.5746328709632920	-0.0000057034140024	0.0000014082036062	-0.9999999999827440	-2.5245549676857202e-03	-3.7165915532290372e-03	9.1648645200725909e-09	4.4929311766912332e-03	1	top_other
448	0.2235936931322442	retry_displacement	-1	453	326	641	417	611	641	0	2	2	417	2	-7.5693154021275147e-02	1.0000000000000000e+00	-1.8923288505318787e+03	-1.7707093397708220	-4.6126936005634942	49.5765320846936532	-0.0000057034140024	0.0000014082036062	-0.9999999999827440	-2.7357606702010113e-03	-5.3832078863686574e-03	8.0225229515118457e-09	6.0384860348058067e-03	1	top_other
448	0.2235936931322442	retry_displacement	-1	453	326	641	418	611	641	0	2	2	418	2	-7.1844358149977916e-02	1.0000000000000000e+00	-1.7961089537494479e+03	-0.4383212475518817	-3.5697343696346038	49.5754565466830925	-0.0000057034140024	0.0000014082036062	-0.9999999999827440	-1.3136607664345512e-03	-5.2389207638077915e-03	1.1488410223137180e-10	5.4011105690150284e-03	1	top_other
448	0.2235936931322442	retry_displacement	-1	453	326	641	419	612	641	0	2	2	419	2	-7.6147091724105817e-02	1.0000000000000000e+00	-1.9036772931026455e+03	-1.7707837749743489	-4.6127103495524908	49.5768279236549105	-0.0000057034140024	0.0000014082036062	-0.9999999999827440	-2.9238782746965706e-03	-5.3551138738615880e-03	9.1349976333310323e-09	6.1013366377664253e-03	1	top_other
448	0.2235936931322442	retry_displacement	-1	453	326	641	420	612	641	0	2	2	420	2	-6.9160248645865910e-02	1.0000000000000000e+00	-1.7290062161466478e+03	-1.5780674373775654	-2.2267110720954619	49.5749431855428924	-0.0000057034140024	0.0000014082036062	-0.9999999999827440	-2.8320043733136781e-03	-3.8666856983708606e-03	1.0707012651489656e-08	4.7928600084467506e-03	1	top_other
448	0.2235936931322442	retry_displacement	-1	453	326	641	421	617	641	0	2	2	421	2	-6.8928576304207637e-02	1.0000000000000000e+00	-1.7232144076051909e+03	-1.5780864080621329	-2.2267026364811016	49.5748427873131803	-0.0000057034140024	0.0000014082036062	-0.9999999999827440	-3.3212864583513362e-03	-3.5514523822192789e-03	1.3941503645975573e-08	4.8624847312658294e-03	1	top_other
448	0.2235936931322442	retry_displacement	-1	453	326	641	422	617	641	0	2	2	422	2	-7.5983641450154418e-02	1.0000000000000000e+00	-1.8995910362538605e+03	-3.7407914496898642	-3.2528201783725166	49.5768121183474051	-0.0000057034140024	0.0000014082036062	-0.9999999999827440	-5.2282898724829467e-03	-3.0868199431126875e-03	2.5472230671952367e-08	6.0715296550832064e-03	1	top_other
448	0.2235936931322442	retry_displacement	-1	453	326	641	423	618	641	0	2	2	423	2	-7.5460150063107259e-02	1.0000000000000000e+00	-1.8865037515776814e+03	-3.7408066968917142	-3.2527245344213340	49.5764832737128174	-0.0000057034140024	0.0000014082036062	-0.9999999999827440	-5.3246855017287141e-03	-2.8769727138901312e-03	2.6317522508478852e-08	6.0522101491505501e-03	1	top_other
448	0.2235936931322442	retry_displacement	-1	453	326	641	424	618	641	0	2	2	424	2	-6.8159798146122927e-02	1.0000000000000000e+00	-1.7039949536530733e+03	-1.5780579614101513	-2.2265810606129590	49.5744722734365624	-0.0000057034140024	0.0000014082036062	-0.9999999999827440	-3.3216552389361757e-03	-3.1495737961838837e-03	1.4509533824424992e-08	4.5774674902363680e-03	1	top_other
448	0.2235936931322442	retry_displacement	-1	453	326	641	425	618	641	0	2	2	425	2	-7.1274542498399762e-02	1.0000000000000000e+00	-1.7818635624599940e+03	-3.2379739997984829	-1.6371141554464899	49.5752670022987871	-0.0000057034140024	0.0000014082036062	-0.9999999999827440	-4.9272065944399365e-03	-1.7151143982283930e-03	2.5686668805868784e-08	5.2171814444163757e-03	1	top_other
448	0.2235936931322442	retry_displacement	-1	453	326	641	426	633	641	0	2	2	426	2	-6.8487177749363345e-02	1.0000000000000000e+00	-1.7121794437340836e+03	-2.7800237108090768	0.0638381088334967	49.5744987055892494	-0.0000057034140024	0.0000014082036062	-0.9999999999827440	-4.5830665115188275e-03	1.6766567114309757e-03	2.8500199741876564e-08	4.8801307746621043e-03	1	top_other
448	0.2235936931322442	retry_displacement	-1	453	326	641	427	633	641	0	2	2	427	2	-7.5723417125547712e-02	1.0000000000000000e+00	-1.8930854281386928e+03	-4.8530773214581036	1.2608893269203265	49.5768429953622700	-0.0000057034140024	0.0000014082036062	-0.9999999999827440	-5.4973220275329245e-03	3.3329802163838181e-03	3.6047018189822033e-08	6.4287873349881484e-03	1	top_other
448	0.2235936931322442	retry_displacement	-1	453	326	641	428	634	641	0	2	2	428	2	-7.5371494044806434e-02	1.0000000000000000e+00	-1.8842873511201608e+03	-4.8530380676054863	1.2609250859595562	49.5765946859876863	-0.0000057034140024	0.0000014082036062	-0.9999999999827440	-5.4398730048290560e-03	3.4997900799528842e-03	3.5954264870907693e-08	6.4684425415780910e-03	1	top_other
448	0.2235936931322442	retry_displacement	-1	453	326	641	429	634	641	0	2	2	429	2	-6.7781181138872312e-02	1.0000000000000000e+00	-1.6945295284718079e+03	-2.7799785352865527	0.0638820974602183	49.5741387956014563	-0.0000057034140024	0.0000014082036062	-0.9999999999827440	-4.4406294738630605e-03	1.8921969213801738e-03	2.7991346837619169e-08	4.8269658497036676e-03	1	top_other
448	0.2235936931322442	retry_displacement	-1	453	326	641	430	634	641	0	2	2	430	2	-7.0071591464682517e-02	1.0000000000000000e+00	-1.7517897866170629e+03	-3.1933994582284884	1.7415430317605030	49.5747352484256183	-0.0000057034140024	0.0000014082036062	-0.9999999999827440	-4.2406972415561734e-03	3.9007713097290639e-03	2.9679532248527707e-08	5.7619033232282207e-03	1	top_other
448	0.2235936931322442	retry_displacement	-1	453	326	641	431	639	641	0	2	2	431	2	-6.8709503619078044e-02	1.0000000000000000e+00	-1.7177375904769510e+03	-0.3909070570670778	2.9696310855127495	49.5746271778760814	-0.0000057034140024	0.0000014082036062	-0.9999999999827440	2.6790694654667860e-04	6.2227143295431869e-03	7.2348645407949164e-09	6.2284787676576718e-03	1	top_other
448	0.2235936931322442	retry_displacement	-1	453	326	641	432	639	641	0	2	2	432	2	-7.7227350818170490e-02	1.0000000000000000e+00	-1.9306837704542622e+03	0.6057977094407321	5.0287100200582744	49.5773865930447784	-0.0000057034140024	0.0000014082036062	-0.9999999999827440	1.6272847367359085e-03	6.4854756547176960e-03	-1.4820834837170338e-10	6.6865125500779254e-03	1	top_other
448	0.2235936931322442	retry_displacement	-1	453	326	641	433	640	641	0	2	2	433	2	-7.6943014660147621e-02	1.0000000000000000e+00	-1.9235753665036905e+03	0.6058123143520546	5.0287015333333898	49.5773087221282651	-0.0000057034140024	0.0000014082036062	-0.9999999999827440	1.8116549521204654e-03	6.4606057957843259e-03	-1.2347698558068387e-09	6.7098078149874125e-03	1	top_other
448	0.2235936931322442	retry_displacement	-1	453	326	641	434	640	641	0	2	2	434	2	-6.8437151104003030e-02	1.0000000000000000e+00	-1.7109287776000758e+03	-0.3909071329297788	2.9696394093433893	49.5745672280257708	-0.0000057034140024	0.0000014082036062	-0.9999999999827440	4.6980590362150190e-04	6.1658575503241624e-03	6.0032852716718210e-09	6.1837300165840953e-03	1	top_other
448	0.2235936931322442	retry_displacement	-1	453	326	641	435	640	641	0	2	2	435	2	-7.0905164703097531e-02	1.0000000000000000e+00	-1.7726291175774384e+03	1.5967442688384750	2.7033161225712989	49.5757572127085240	-0.0000057034140024	0.0000014082036062	-0.9999999999827440	3.0765132250418427e-03	5.3257229773145754e-03	-1.0046926304796422e-08	6.1504681817772808e-03	1	top_other
