step,contact,m0_0,m0_1,m0_2,o3,o4,o5,o0,o1,o2
1,1,2,0,2,7.5660116542352431e-307,1.6912041649019805e-306,0.38125749130017106,0,0,0.99999999458231448
1,2,2,0,2,1.2461113028850622e-306,1.6911905830720608e-306,0,0,0,0
1,3,2,0,2,1.6980110850751408e-312,-9.0802248174423567e+56,0.38125749130017106,0,0,0
1,4,2,0,2,1.6911240373669469e-306,1.6911905830720447e-306,1.4931121245363657,0,0,-0
1,5,2,0,2,0,0,1.4931121245363657,0,0,0
1,6,2,0,2,0,0,1.180946344925621,0,0,0.73292410015419407
1,7,2,0,2,0,0,0.18200274506858388,0,0,0.99999997622641557
1,8,2,0,2,0,0,1.180946344925621,0,0,-0
1,9,2,0,2,0,0,0.18200274506858388,0,0,0.99999997622641557
1,10,0,0,2,0,0,0,0,0,0
1,11,2,0,2,9.3460979024834349e-307,1.6911905830720643e-306,0.90543976972269768,0,0,0.105931981197912
1,12,2,0,2,1.6912136717954044e-306,1.9582211764281057e-306,0.4303342014760605,0,0,0.73292410015419407
1,13,2,0,2,1.0013783030478139e-307,1.780190822708324e-306,0.90543976972269768,0,0,0.99999999923215677
1,14,2,0,2,0,0,0.43033420245635839,0,0,0
1,15,2,0,2,0,0,1.0488857807868071,0,0,0
1,16,2,0,2,0,0,1.0488857807868071,0,0,-0
1,17,2,0,2,0,0,0.97441151054018582,0,0,0.37356152951684263
1,18,2,0,2,0,0,2.0655332021231032e-09,0,0,0.99999999458231448
1,19,2,0,2,0,0,0.9744115111028554,0,0,0
1,20,2,0,2,0,0,0.90429591704568701,0,0,0
1,21,2,0,2,0,0,0.90429591704568701,0,0,-0
1,22,2,0,2,0,0,0.93107401612311935,0,0,0.35338630059434412
1,23,2,0,2,0,0,0.93107401617457031,0,0,0.056659031055712336
1,24,2,0,2,0,0,0.5088491048669388,0,0,0.35338630059434412
1,25,2,0,2,0,0,0.50884910484180146,0,0,0.39672806989082837
1,26,2,0,2,0,0,1.1278773345612545,0,0,-0
1,27,2,0,2,0,0,1.1278773345612545,0,0,0
1,28,2,0,2,0,0,0.51780864545384886,0,0,0
1,29,2,0,2,0,0,0.51780864545384886,0,0,-0
1,30,2,0,2,0,0,0.41645258162904936,0,0,-0
1,31,2,0,2,0,0,0.41645258162904936,0,0,0
1,32,2,0,2,0,0,0.10727934198227057,0,0,0
1,33,2,0,2,0,0,0.10727934198227057,0,0,0.105931981197912
1,34,2,0,2,0,0,0.70559046016262161,0,0,0
1,35,2,0,2,0,0,0.70559046016262161,0,0,-0
1,36,2,0,2,0,0,1.4737505705609584,0,0,-0
1,37,2,0,2,0,0,1.4737505705609584,0,0,0
1,38,2,0,2,0,0,0.75189377472273589,0,0,0.41509443247994732
1,39,0,0,2,0,0,0,0,0,0.99999997622641557
1,40,2,0,2,0,0,0.75189377542559166,0,0,0
1,41,2,0,2,0,0,0.53360223818920616,0,0,-0
1,42,2,0,2,0,0,0.53360223818920616,0,0,0.41509443247994732
1,43,2,0,2,0,0,0.71839673040441243,0,0,-0
1,44,2,0,2,0,0,0.71839673040441243,0,0,0
1,45,2,0,2,0,0,0.05592224520483946,0,0,0.99999974818526183
1,46,2,0,2,0,0,0.66424769417176022,0,0,0
1,47,0,0,3,0,0,0,0,0,0
1,48,2,0,2,0,0,0.50990195058707111,0,0,0.99999999697115383
1,49,2,0,2,0,0,0.66424769417176022,0,0,-0
1,50,2,0,2,0,0,0.50990195058707111,0,0,-0
1,51,2,0,2,0,0,0.77376521770473106,0,0,0.39672806989082837
1,52,2,0,2,0,0,0.77376521839880463,0,0,0
1,53,2,0,2,0,0,0.58106689099822839,0,0,-0
1,54,2,0,2,0,0,0.58106689099822839,0,0,0.37356152951684263
1,1,2,2,1,-0.0010150185410266702,0.0017351655301508725,0.38125749130017106,0,0,0.99999999458231448
1,2,2,2,1,-0.0010540574950680991,0.0017117273474282569,0,0,0,0
1,3,2,2,1,-0.00078690461852568656,0.0015877932887538384,0.38125749130017106,0,0,0
1,4,2,2,2,-0.0025450419359843825,0.0021886425845954256,1.4931121245363657,0,0,-0
1,5,2,2,2,-0.00018898311323670844,-0.00091715967056345488,1.4931121245363657,0,0,0
1,6,2,2,1,-0.0027530343361605964,0.0030909191130699949,1.180946344925621,0,0,0.73292410015419407
1,7,2,2,1,-0.0014176375196688336,0.0018627073501348216,0.18200274506858388,0,0,0.99999997622641557
1,8,2,2,1,-0.0021283500961176414,0.00097440671579496056,1.180946344925621,0,0,-0
1,9,2,2,1,-0.0014093724375254706,0.00089904515825536824,0.18200274506858388,0,0,0.99999997622641557
1,10,0,2,2,-0.0016692702559167234,9.0188905276625321e-05,0,0,0,0
1,11,2,2,1,-0.0013716973493755765,0.0026566920929947868,0.90543976972269768,0,0,0.105931981197912
1,12,2,2,1,-0.00058262946699148702,0.00071506903604075234,0.4303342014760605,0,0,0.73292410015419407
1,13,2,2,1,-0.00072560209552844116,0.0012221540816690834,0.90543976972269768,0,0,0.99999999923215677
1,14,2,2,1,-0.00079045620790553993,0.0011812426400026332,0.43033420245635839,0,0,0
1,15,2,2,2,-0.0011437534529455688,-0.00034593039227786312,1.0488857807868071,0,0,0
1,16,2,2,2,-0.0026019417166317726,-0.00081347785797202985,1.0488857807868071,0,0,-0
1,17,2,2,0,0.0012042898412804135,0,0.97441151054018582,0,0,0.37356152951684263
1,18,2,2,2,-0.0010927031681269605,0.0004219670377998586,2.0655332021231032e-09,0,0,0.99999999458231448
1,19,2,2,2,-0.0011019798246849585,0.00039710624919318761,0.9744115111028554,0,0,0
1,20,2,2,0,0.00048649450826569729,0,0.90429591704568701,0,0,0
1,21,2,2,1,-9.7551710954973023e-05,-0.0017997891154354598,0.90429591704568701,0,0,-0
1,22,2,2,1,-0.00087859879277577327,0.00065001661890487484,0.93107401612311935,0,0,0.35338630059434412
1,23,2,2,1,-0.0023622130880204357,0.0030493011642324869,0.93107401617457031,0,0,0.056659031055712336
1,24,2,2,1,-0.00032736286681018449,0.0016643573530826295,0.5088491048669388,0,0,0.35338630059434412
1,25,2,2,1,-0.0028879615704362573,0.0033921277169261031,0.50884910484180146,0,0,0.39672806989082837
1,26,2,2,2,-0.0044156233886438129,0.0018671309066478211,1.1278773345612545,0,0,-0
1,27,2,2,2,-0.0010457499941652782,0.00068828540526277078,1.1278773345612545,0,0,0
1,28,2,2,2,-0.00073293891396971397,0.0010923944937565285,0.51780864545384886,0,0,0
1,29,2,2,2,0.0013035879800494343,0.00057374316907464452,0.51780864545384886,0,0,-0
1,30,2,2,1,-0.00011563572949218106,0.00040502472869968857,0.41645258162904936,0,0,-0
1,31,2,2,1,-0.00019314472375594894,0.00030935332258052799,0.41645258162904936,0,0,0
1,32,2,2,1,-0.0019844822411470343,0.0018751508843451127,0.10727934198227057,0,0,0
1,33,2,2,1,-0.0019707114423585721,0.0019369153256533675,0.10727934198227057,0,0,0.105931981197912
1,34,2,2,2,-0.0017786464103069968,0.00090095139069338757,0.70559046016262161,0,0,0
1,35,2,2,2,-0.0004354713993666083,0.00026521441455326444,0.70559046016262161,0,0,-0
1,36,2,2,2,-0.0031832094953618321,0.000471697141470149,1.4737505705609584,0,0,-0
1,37,2,2,2,-0.0059840827832038602,0.0017050033814243434,1.4737505705609584,0,0,0
1,38,2,2,0,0.0001736528436522481,0,0.75189377472273589,0,0,0.41509443247994732
1,39,0,2,2,-0.00063138603799207146,-7.9151272960366856e-06,0,0,0,0.99999997622641557
1,40,2,2,1,-0.00054595488466490608,-0.00031724498400581921,0.75189377542559166,0,0,0
1,41,2,2,1,-0.00010778826788254466,4.9390673914027908e-05,0.53360223818920616,0,0,-0
1,42,2,2,0,1.5939629492262407e-06,0,0.53360223818920616,0,0,0.41509443247994732
1,43,2,2,2,-0.001887233713863723,0.0013624358337711643,0.71839673040441243,0,0,-0
1,44,2,2,2,-0.0004359640085849085,0.0010689637759559415,0.71839673040441243,0,0,0
1,45,2,2,1,-0.0013114500193724555,0.0028277707216158355,0.05592224520483946,0,0,0.99999974818526183
1,46,2,2,1,-0.0025059234861898295,0.0018537466634544876,0.66424769417176022,0,0,0
1,47,0,3,3,-0.0010213147763267528,0,0,0,0,0
1,48,2,2,1,-0.0011066825824818871,0.00096152576961782722,0.50990195058707111,0,0,0.99999999697115383
1,49,2,2,1,-0.0013075562026688332,0.00066299998276908838,0.66424769417176022,0,0,-0
1,50,2,2,1,-0.0023571746561767979,0.0012032222568584927,0.50990195058707111,0,0,-0
1,51,2,2,1,-0.0001210970195122766,-0.00052301829436619677,0.77376521770473106,0,0,0.39672806989082837
1,52,2,2,1,-0.0030275970613746202,0.0031467256021314445,0.77376521839880463,0,0,0
1,53,2,2,1,-8.0178558765621924e-05,3.7345196442757097e-05,0.58106689099822839,0,0,-0
1,54,2,2,1,-0.0011890066393267259,0.0011851115517873831,0.58106689099822839,0,0,0.37356152951684263
2,1,0,0,1,-0.00097890089449837684,3.1500000000000002e-13,0.37979829165261081,-0.00097890089449837684,3.1500000000000002e-13,1.0046773331877663
2,2,0,0,1,-0.0010595269737056763,3.1500000000000002e-13,0.0017719978290373166,-0.0010595269737056763,3.1500000000000002e-13,0.0018182652655008684
2,3,0,0,1,-0.00073627589762329004,3.1500000000000002e-13,0.37979829165261081,-0.00073627589762329004,3.1500000000000002e-13,0.0039587082690300899
2,4,2,0,2,-0.0030860549820707294,0.0032266566982887997,1.4933363265957549,-0.0030860549820707294,0.0032266566982887997,-0
2,5,2,0,2,-0.00080735135305379832,0.00018927416804814031,1.4933370664500363,-0.00080735135305379832,0.00018927416804814031,0
2,6,0,0,1,-0.0030338670663980897,3.1500000000000002e-13,1.1831911808683129,-0.0030338670663980897,3.1500000000000002e-13,0.73502611542308693
2,7,0,0,1,-0.00060388452637362769,3.1500000000000002e-13,0.18093470619634811,-0.00060388452637362769,3.1500000000000002e-13,1.0095991011425762
2,8,0,0,1,-0.0021791274038539081,3.1500000000000002e-13,1.1831911808683129,-0.0021791274038539081,3.1500000000000002e-13,0.00086809051949157082
2,9,0,0,1,-0.00079095027186949036,3.1500000000000002e-13,0.18093488456665424,-0.00079095027186949036,3.1500000000000002e-13,1.0057037355301528
2,10,0,0,1,-0.001712680531834568,3.1500000000000002e-13,0,-0.001712680531834568,3.1500000000000002e-13,0.0009482773095796876
2,11,0,0,1,-0.0011374833017731333,3.1500000000000002e-13,0.90159091708337735,-0.0011374833017731333,3.1500000000000002e-13,0.11119884869054797
2,12,0,0,1,-0.0006921177060750152,3.1500000000000002e-13,0.4268405153954799,-0.0006921177060750152,3.1500000000000002e-13,0.73514982633524584
2,13,0,0,1,-0.00050089256755789138,3.1500000000000002e-13,0.90159091708337735,-0.00050089256755789138,3.1500000000000002e-13,1.0039664205050767
2,14,0,0,1,-0.00093371619672370559,3.1500000000000002e-13,0.42684040335831702,-0.00093371619672370559,3.1500000000000002e-13,0.0092943448371177479
2,15,2,0,2,-0.0015922931238433686,0.00032987055182109241,1.0489694403354328,-0.0015922931238433686,0.00032987055182109241,0
2,16,2,0,2,-0.0025742833786865475,-0.00050154037150356768,1.0492193221225845,-0.0025742833786865475,-0.00050154037150356768,-0
2,17,0,0,0,0,0,0.973984575059334,0,0,0.37364638321912919
2,18,0,0,1,-0.0010537338273751838,3.1500000000000002e-13,0.00058157649081565254,-0.0010537338273751838,3.1500000000000002e-13,1.0015252153890208
2,19,0,0,1,-0.0010797784369246744,3.1500000000000002e-13,0.97398456440140813,-0.0010797784369246744,3.1500000000000002e-13,0.00058438358968268989
2,20,0,0,0,0,0,0.90476254332144102,0,0,0.99938920263868591
2,21,0,0,1,-0.00017189390273061211,-3.1500000000000002e-13,0.90476255142507267,-0.00017189390273061211,-3.1500000000000002e-13,0.99898171808149416
2,22,0,0,1,-0.0007376358852001617,3.1500000000000002e-13,0.93176782957922988,-0.0007376358852001617,3.1500000000000002e-13,0.35389387755277735
2,23,0,0,1,-0.0022554819323698512,3.1500000000000002e-13,0.93176722844275295,-0.0022554819323698512,3.1500000000000002e-13,0.059277502945518146
2,24,0,0,1,-0.00016670447402440422,3.1500000000000002e-13,0.51171657416221417,-0.00016670447402440422,3.1500000000000002e-13,0.35483432785313967
2,25,0,0,1,-0.0025882362823889983,3.1500000000000002e-13,0.51171493549879743,-0.0025882362823889983,3.1500000000000002e-13,0.39984444031115429
2,26,2,0,2,-0.0047756922225174817,0.0029350865722332677,1.1265539582739663,-0.0047756922225174817,0.0029350865722332677,-0
2,27,2,0,2,-0.00077135578446745751,0.00047828387223107537,1.126556420457187,-0.00077135578446745751,0.00047828387223107537,0
2,28,2,0,2,-0.0013984502519668667,0.0019630327262149293,0.51652565279454965,-0.0013984502519668667,0.0019630327262149293,0
2,29,2,0,2,0.0010427206141773325,0.001529901502373348,0.51652586146166724,0.0010427206141773325,0.001529901502373348,-0
2,30,2,0,2,-0.0001536971124947637,-0.00032918201645704034,0.41697342196475418,-0.0001536971124947637,-0.00032918201645704034,-0
2,31,0,0,1,-0.00019957582430111645,3.1500000000000002e-13,0.41680885972257359,-0.00019957582430111645,3.1500000000000002e-13,0.00029459190381428879
2,32,0,0,1,-0.0017540642276317048,3.1500000000000002e-13,0.10745112050398734,-0.0017540642276317048,3.1500000000000002e-13,0.0055419033655998966
2,33,0,0,1,-0.001760280561653748,3.1500000000000002e-13,0.10745112050398734,-0.001760280561653748,3.1500000000000002e-13,0.11146874646466665
2,34,2,0,2,-0.0018724368476633324,0.00095896195881730651,0.70521716615122787,-0.0018724368476633324,0.00095896195881730651,0
2,35,2,0,2,-0.00023477146118338385,6.3085061079799228e-05,0.70521777666473318,-0.00023477146118338385,6.3085061079799228e-05,-0
2,36,2,0,2,-0.0015719948537167999,-0.0017781129960777878,1.4707720817724235,-0.0015719948537167999,-0.0017781129960777878,-0
2,37,2,0,2,-0.0082763605736937002,0.0046042057066737734,1.4698703170720935,-0.0082763605736937002,0.0046042057066737734,0
2,38,0,0,0,0,0,0.75313887853527894,0,0,0.41476212014549368
2,39,0,0,1,-0.00045035038078600458,3.1500000000000002e-13,0,-0.00045035038078600458,3.1500000000000002e-13,1.001353026004997
2,40,2,0,2,-0.00063451841980554052,0.00020797796331388553,0.75313881452236575,-0.00063451841980554052,0.00020797796331388553,0
2,41,0,0,1,-0.00010911806461804919,3.1500000000000002e-13,0.53382649271336835,-0.00010911806461804919,3.1500000000000002e-13,1.9085830518456997e-05
2,42,0,0,0,0,0,0.53382649271336835,0,0,0.41483698158612103
2,43,2,0,2,-0.0014798860587122425,0.0015730187154973294,0.71612696583942481,-0.0014798860587122425,0.0015730187154973294,-0
2,44,2,0,2,-0.0017596389425071359,0.002177478795460749,0.71612680634647585,-0.0017596389425071359,0.002177478795460749,0
2,45,0,0,1,-0.00072751821408980136,3.1500000000000002e-13,0.055906419933471417,-0.00072751821408980136,3.1500000000000002e-13,1.0536198435968003
2,46,0,0,1,-0.0035115246231571815,3.1500000000000002e-13,0.66149495653454204,-0.0035115246231571815,3.1500000000000002e-13,0.003701749563603422
2,47,0,0,3,-0.00044630693528910289,0,0,0,-0.00044630693528910289,0
2,48,0,0,1,-0.00096795338418917258,3.1500000000000002e-13,0.50770708328290193,-0.00096795338418917258,3.1500000000000002e-13,1.0039642577847876
2,49,0,0,1,-0.0019268318895886397,3.1500000000000002e-13,0.66149658054293148,-0.0019268318895886397,3.1500000000000002e-13,0.0027771825411107049
2,50,0,0,1,-0.0022267469663004909,3.1500000000000002e-13,0.50770708328290193,-0.0022267469663004909,3.1500000000000002e-13,0.0048979324724710161
2,51,2,0,2,-7.8690852247340578e-05,0.0029684192777379888,0.77057347539454335,-7.8690852247340578e-05,0.0029684192777379888,0.39672806989082837
2,52,0,0,1,-0.0030939858028386658,3.1500000000000002e-13,0.77057193130642143,-0.0030939858028386658,3.1500000000000002e-13,0.0051071314668721963
2,53,0,0,1,-6.4967111674861324e-05,3.1500000000000002e-13,0.58173734022745083,-6.4967111674861324e-05,3.1500000000000002e-13,2.2893870415550768e-05
2,54,0,0,1,-0.0011102978505571836,3.1500000000000002e-13,0.58173734022745083,-0.0011102978505571836,3.1500000000000002e-13,0.37412870252323799
2,1,0,1,2,-0.00080721109926918137,-1.2377033141068198e-05,0.37979829165261081,-0.00097890089449837684,3.1500000000000002e-13,1.0046773331877663
2,2,0,1,2,-0.00088743498608930059,-8.5728651479641179e-06,0.0017719978290373166,-0.0010595269737056763,3.1500000000000002e-13,0.0018182652655008684
2,3,0,1,1,-0.00028035252870079532,0.00014082083724337209,0.37979829165261081,-0.00073627589762329004,3.1500000000000002e-13,0.0039587082690300899
2,4,2,2,2,-0.0028298771046482603,0.0036431464941026888,1.4933363265957549,-0.0030860549820707294,0.0032266566982887997,-0
2,5,2,2,2,-0.00086876591593542795,0.00044219005957037735,1.4933370664500363,-0.00080735135305379832,0.00018927416804814031,0
2,6,0,1,2,-0.0032814267851222854,-0.00064915252986669323,1.1831911808683129,-0.0030338670663980897,3.1500000000000002e-13,0.73502611542308693
2,7,0,1,2,-0.00052413611158384267,-0.00029480024090790561,0.18093470619634811,-0.00060388452637362769,3.1500000000000002e-13,1.0095991011425762
2,8,0,1,2,-0.0019691215789808428,-0.0002240544047295914,1.1831911808683129,-0.0021791274038539081,3.1500000000000002e-13,0.00086809051949157082
2,9,0,1,2,-0.00054346106624176746,-0.00037798607904982969,0.18093488456665424,-0.00079095027186949036,3.1500000000000002e-13,1.0057037355301528
2,10,0,1,2,-0.0013104826344863354,-0.00020839145672069248,0,-0.001712680531834568,3.1500000000000002e-13,0.0009482773095796876
2,11,0,1,2,-0.0012231405402622242,-0.00062419707357280632,0.90159091708337735,-0.0011374833017731333,3.1500000000000002e-13,0.11119884869054797
2,12,0,1,2,-0.00073090379605901068,-0.00044657315392339413,0.4268405153954799,-0.0006921177060750152,3.1500000000000002e-13,0.73514982633524584
2,13,0,1,2,-0.00056041643189410207,-0.00052323750558715457,0.90159091708337735,-0.00050089256755789138,3.1500000000000002e-13,1.0039664205050767
2,14,0,1,2,-0.00096544778503829948,-0.00052613776766337068,0.42684040335831702,-0.00093371619672370559,3.1500000000000002e-13,0.0092943448371177479
2,15,2,2,2,-0.001280077509867156,0.00048675827805123092,1.0489694403354328,-0.0015922931238433686,0.00032987055182109241,0
2,16,2,2,2,-0.0029727188069998368,-0.0002172700139391925,1.0492193221225845,-0.0025742833786865475,-0.00050154037150356768,-0
2,17,0,0,0,0.00096361972334953042,0,0.973984575059334,0,0,0.37364638321912919
2,18,0,1,1,-0.00078617807133890148,0.00060612701302484437,0.00058157649081565254,-0.0010537338273751838,3.1500000000000002e-13,1.0015252153890208
2,19,0,1,1,-0.00082602415939784721,0.0006120137057890984,0.97398456440140813,-0.0010797784369246744,3.1500000000000002e-13,0.00058438358968268989
2,20,0,0,0,0.00045676899803123592,0,0.90476254332144102,0,0,0.99938920263868591
2,21,0,1,0,7.2697839277136516e-05,-3.1500000000000002e-13,0.90476255142507267,-0.00017189390273061211,-3.1500000000000002e-13,0.99898171808149416
2,22,0,1,1,-0.00087125068087030042,4.0152381993368805e-05,0.93176782957922988,-0.0007376358852001617,3.1500000000000002e-13,0.35389387755277735
2,23,0,1,2,-0.0022386775563932103,-0.00014117990116913149,0.93176722844275295,-0.0022554819323698512,3.1500000000000002e-13,0.059277502945518146
2,24,0,1,2,-0.00016064744643678029,-0.00044745377985392682,0.51171657416221417,-0.00016670447402440422,3.1500000000000002e-13,0.35483432785313967
2,25,0,1,2,-0.0028177292137571072,-0.00059043649262325681,0.51171493549879743,-0.0025882362823889983,3.1500000000000002e-13,0.39984444031115429
2,26,2,2,2,-0.0053040829013368219,0.0035787315013474062,1.1265539582739663,-0.0047756922225174817,0.0029350865722332677,-0
2,27,2,2,2,-0.00074472467685985548,0.00060964533099672755,1.126556420457187,-0.00077135578446745751,0.00047828387223107537,0
2,28,2,2,2,-0.0010984801344121745,0.0014070360722301537,0.51652565279454965,-0.0013984502519668667,0.0019630327262149293,0
2,29,2,2,2,0.001324105493632806,0.0012715821594716978,0.51652586146166724,0.0010427206141773325,0.001529901502373348,-0
2,30,2,2,0,8.8451312387017401e-05,-0.00032918201645704034,0.41697342196475418,-0.0001536971124947637,-0.00032918201645704034,-0
2,31,0,1,1,-0.00019042751119586419,0.00010504759229914017,0.41680885972257359,-0.00019957582430111645,3.1500000000000002e-13,0.00029459190381428879
2,32,0,1,2,-0.0017075111114687493,-0.00035673369619640822,0.10745112050398734,-0.0017540642276317048,3.1500000000000002e-13,0.0055419033655998966
2,33,0,1,2,-0.0017811390191251823,-0.00037275336365614862,0.10745112050398734,-0.001760280561653748,3.1500000000000002e-13,0.11146874646466665
2,34,2,2,2,-0.0018898033124034954,0.00095614053328827689,0.70521716615122787,-0.0018724368476633324,0.00095896195881730651,0
2,35,2,2,2,-0.00020371591689748251,6.4530805937034592e-05,0.70521777666473318,-0.00023477146118338385,6.3085061079799228e-05,-0
2,36,2,2,2,-0.001589918554065599,-0.0020818420733482576,1.4707720817724235,-0.0015719948537167999,-0.0017781129960777878,-0
2,37,2,2,2,-0.0084048368552229278,0.0048851316573831757,1.4698703170720935,-0.0082763605736937002,0.0046042057066737734,0
2,38,0,0,0,0.00015739384050184789,0,0.75313887853527894,0,0,0.41476212014549368
2,39,0,1,2,-0.00047110455085613975,-0.00015580796268782707,0,-0.00045035038078600458,3.1500000000000002e-13,1.001353026004997
2,40,2,2,2,-0.0005765999667736001,6.398341800131302e-05,0.75313881452236575,-0.00063451841980554052,0.00020797796331388553,0
2,41,0,1,2,-0.0001065161813618771,-2.0215752781575673e-06,0.53382649271336835,-0.00010911806461804919,3.1500000000000002e-13,1.9085830518456997e-05
2,42,0,0,0,3.971730221597566e-05,0,0.53382649271336835,0,0,0.41483698158612103
2,43,2,2,2,-0.0016206416577439423,0.0015478846748125576,0.71612696583942481,-0.0014798860587122425,0.0015730187154973294,-0
2,44,2,2,2,-0.0012868578228240122,0.00194986039307736,0.71612680634647585,-0.0017596389425071359,0.002177478795460749,0
2,45,0,1,2,-0.00071391782352650686,-0.0005151707829874904,0.055906419933471417,-0.00072751821408980136,3.1500000000000002e-13,1.0536198435968003
2,46,0,1,2,-0.0032506552032099327,-0.00044665767904888981,0.66149495653454204,-0.0035115246231571815,3.1500000000000002e-13,0.003701749563603422
2,47,0,3,3,-0.00040289351671098566,0,0,0,-0.00044630693528910289,0
2,48,0,1,1,-0.001009894000355276,0.00011698490517457398,0.50770708328290193,-0.00096795338418917258,3.1500000000000002e-13,1.0039642577847876
2,49,0,1,1,-0.0020023731213797006,0.00010125427775416533,0.66149658054293148,-0.0019268318895886397,3.1500000000000002e-13,0.0027771825411107049
2,50,0,1,1,-0.0024225173645407989,0.00037108819000640047,0.50770708328290193,-0.0022267469663004909,3.1500000000000002e-13,0.0048979324724710161
2,51,2,2,1,-0.00018846793685564633,0.0015546993607605474,0.77057347539454335,-7.8690852247340578e-05,0.0029684192777379888,0.39672806989082837
2,52,0,1,2,-0.0030308235543183046,-0.00079349427405765673,0.77057193130642143,-0.0030939858028386658,3.1500000000000002e-13,0.0051071314668721963
2,53,0,1,1,-6.1869704188079403e-05,5.6506376451722338e-06,0.58173734022745083,-6.4967111674861324e-05,3.1500000000000002e-13,2.2893870415550768e-05
2,54,0,1,1,-0.0012623083844644444,0.00037251749836754769,0.58173734022745083,-0.0011102978505571836,3.1500000000000002e-13,0.37412870252323799
3,1,0,0,1,-0.00083354794144552366,3.1500000000000002e-13,0.3796011331740059,-0.00083354794144552366,3.1500000000000002e-13,1.0053178614770819
3,2,0,0,1,-0.00092510333098560691,3.1500000000000002e-13,0.0020180561589792294,-0.00092510333098560691,3.1500000000000002e-13,0.0020704574882880345
3,3,0,0,1,-0.00028907897689202285,3.1500000000000002e-13,0.3796011331740059,-0.00028907897689202285,3.1500000000000002e-13,0.0046019691050728237
3,4,2,0,2,-0.002907337986063489,0.0035352836517435161,1.4934122994680434,-0.002907337986063489,0.0035352836517435161,-0
3,5,2,0,2,-0.00094821238439584939,0.00063777493289745755,1.4934129314929601,-0.00094821238439584939,0.00063777493289745755,0
3,6,1,0,2,-0.0033430889746291427,0.00044867313263841459,1.1835013175770472,-0.0033430889746291427,0.00044867313263841459,0.73502611542308693
3,7,0,0,1,-0.0002402277870530012,3.1500000000000002e-13,0.18093507231663936,-0.0002402277870530012,3.1500000000000002e-13,1.0100618323630419
3,8,1,0,2,-0.0019368602203184767,0.0003181279633331631,1.1835013175770472,-0.0019368602203184767,0.0003181279633331631,0.00086809051949157082
3,9,1,0,2,-0.00031712191482795407,-5.0310910600828991e-05,0.1809351012657413,-0.00031712191482795407,-5.0310910600828991e-05,1.0057037355301528
3,10,1,0,2,-0.0012741927672121063,0.00018902613533662362,0,-0.0012741927672121063,0.00018902613533662362,0.0009482773095796876
3,11,1,0,2,-0.0012257381219415047,0.00015724692447503504,0.90154317363875558,-0.0012257381219415047,0.00015724692447503504,0.11119884869054797
3,12,0,0,1,-0.00078488638365133124,3.1500000000000002e-13,0.42662855846097331,-0.00078488638365133124,3.1500000000000002e-13,0.73533613627307193
3,13,0,0,1,-0.00056263705514066325,3.1500000000000002e-13,0.90154317363875558,-0.00056263705514066325,3.1500000000000002e-13,1.0041780292167231
3,14,1,0,2,-0.0010189550197189396,0.00042493076570481575,0.42662843520272664,-0.0010189550197189396,0.00042493076570481575,0.0092943448371177479
3,15,2,0,2,-0.0013203959496139136,0.0006626129979902315,1.0490435907441853,-0.0013203959496139136,0.0006626129979902315,0
3,16,2,0,2,-0.0028718059175810921,-0.00012456981298110777,1.04910609295165,-0.0028718059175810921,-0.00012456981298110777,-0
3,17,0,0,0,0,0,0.97362436704041022,0,0,0.37367264954488766
3,18,0,0,1,-0.00082130819819454149,3.1500000000000002e-13,0.0010761433921675399,-0.00082130819819454149,3.1500000000000002e-13,1.0028218857108446
3,19,0,0,1,-0.0008698049640693871,3.1500000000000002e-13,0.97362436084843151,-0.0008698049640693871,3.1500000000000002e-13,0.0010942759303883475
3,20,0,0,0,0,0,0.90495444101562372,0,0,0.99943367043053155
3,21,0,0,0,0,0,0.90495445944962116,0,0,0.99923297220574303
3,22,0,0,1,-0.00084304020226982511,3.1500000000000002e-13,0.93186985994529636,-0.00084304020226982511,3.1500000000000002e-13,0.35397214877029337
3,23,1,0,2,-0.0021858940294321701,0.00052656432747938105,0.93186931492879521,-0.0021858940294321701,0.00052656432747938105,0.059277502945518146
3,24,0,0,1,-0.00014999616325566257,3.1500000000000002e-13,0.51200984540438765,-0.00014999616325566257,3.1500000000000002e-13,0.3549558092312034
3,25,1,0,2,-0.0027560190751859388,0.00094318342311283925,0.51200799530690222,-0.0027560190751859388,0.00094318342311283925,0.39984444031115429
3,26,2,0,2,-0.0050886014873709421,0.003105008667076436,1.1264412880697621,-0.0050886014873709421,0.003105008667076436,-0
3,27,2,0,2,-0.00056601040864165831,0.00032749041094435032,1.1264441260024196,-0.00056601040864165831,0.00032749041094435032,0
3,28,2,0,2,-0.0011629453445114487,0.0015060542874407059,0.51648004147426119,-0.0011629453445114487,0.0015060542874407059,0
3,29,2,0,2,0.0013234243323660831,0.0014413586036116709,0.51647994487993976,0.0013234243323660831,0.0014413586036116709,-0
3,30,0,0,0,0,0,0.41675003680662737,0,0,0.99943977759561242
3,31,1,0,2,-0.00020484310372359291,-5.2070063222819816e-05,0.41675003680662737,-0.00020484310372359291,-5.2070063222819816e-05,0.00029459190381428879
3,32,1,0,2,-0.0016678657488382763,0.0006292774498351583,0.10744950188442427,-0.0016678657488382763,0.0006292774498351583,0.0055419033655998966
3,33,1,0,2,-0.0017615673192885369,0.00061869398029985108,0.10744950188442427,-0.0017615673192885369,0.00061869398029985108,0.11146874646466665
3,34,2,0,2,-0.0019260431705451573,0.00099491425607592388,0.70518166779655811,-0.0019260431705451573,0.00099491425607592388,0
3,35,2,0,2,-0.00014284982812203475,8.1771226625724548e-06,0.70518232174772866,-0.00014284982812203475,8.1771226625724548e-06,-0
3,36,2,0,2,-0.0016274103150771754,-0.0020471517804304395,1.4702145532159352,-0.0016274103150771754,-0.0020471517804304395,-0
3,37,2,0,2,-0.0087948139051602942,0.0054757883000945799,1.469186053484745,-0.0087948139051602942,0.0054757883000945799,0
3,38,0,0,0,0,0,0.7532834834237554,0,0,0.41472692033426778
3,39,1,0,2,-0.00038884783357913031,6.4611056815265134e-05,0,-0.00038884783357913031,6.4611056815265134e-05,1.001353026004997
3,40,0,0,1,-0.00061308302633748509,3.1500000000000002e-13,0.75328342407661164,-0.00061308302633748509,3.1500000000000002e-13,0.00019698760689107356
3,41,1,0,2,-0.00010760517879724267,-1.1068301750930618e-06,0.53380387547303598,-0.00010760517879724267,-1.1068301750930618e-06,1.9085830518456997e-05
3,42,0,0,0,0,0,0.53380387547303598,0,0,0.41476429275315896
3,43,2,0,2,-0.0014058669602970452,0.0015666700307944796,0.71575329338156346,-0.0014058669602970452,0.0015666700307944796,-0
3,44,2,0,2,-0.0017756558776639432,0.0023185415774337262,0.71575308783006686,-0.0017756558776639432,0.0023185415774337262,0
3,45,0,0,1,-0.00053882269973845012,3.1500000000000002e-13,0.05589273329651135,-0.00053882269973845012,3.1500000000000002e-13,1.0567037853285597
3,46,1,0,2,-0.0035080924103621973,0.00039261070233658022,0.660969744647671,-0.0035080924103621973,0.00039261070233658022,0.003701749563603422
3,47,0,0,3,-0.0002320357363233762,0,0,0,-0.0002320357363233762,0
3,48,0,0,1,-0.00096727172955480905,3.1500000000000002e-13,0.50709264093653528,-0.00096727172955480905,3.1500000000000002e-13,1.0047708291072301
3,49,0,0,1,-0.0021346319828180029,3.1500000000000002e-13,0.66097121232240919,-0.0021346319828180029,3.1500000000000002e-13,0.0033783541522466598
3,50,0,0,1,-0.00239524502239165,3.1500000000000002e-13,0.50709264093653528,-0.00239524502239165,3.1500000000000002e-13,0.0061817095202703204
3,51,0,0,1,-6.1995886720316495e-05,3.1500000000000002e-13,0.76998923910270345,-6.1995886720316495e-05,3.1500000000000002e-13,0.39813490870146351
3,52,1,0,2,-0.0030522234154490512,0.00092102542144555891,0.76998772693067641,-0.0030522234154490512,0.00092102542144555891,0.0051071314668721963
3,53,0,0,1,-6.1039570234721905e-05,3.1500000000000002e-13,0.58181908650563374,-6.1039570234721905e-05,3.1500000000000002e-13,2.6294280029792309e-05
3,54,0,0,1,-0.0012477518208522942,3.1500000000000002e-13,0.58181908650563374,-0.0012477518208522942,3.1500000000000002e-13,0.37430740230427323
3,1,0,1,2,-0.00067754590663102405,-5.4053699932086688e-05,0.3796011331740059,-0.00083354794144552366,3.1500000000000002e-13,1.0053178614770819
3,2,0,1,2,-0.00076785825972600151,-5.0550682263032273e-05,0.0020180561589792294,-0.00092510333098560691,3.1500000000000002e-13,0.0020704574882880345
3,3,0,1,0,0.00016596902682201571,3.1500000000000002e-13,0.3796011331740059,-0.00028907897689202285,3.1500000000000002e-13,0.0046019691050728237
3,4,2,2,2,-0.0029175355838716886,0.0035184834386363922,1.4934122994680434,-0.002907337986063489,0.0035352836517435161,-0
3,5,2,2,2,-0.00098906899226390739,0.00083747183621292551,1.4934129314929601,-0.00094821238439584939,0.00063777493289745755,0
3,6,1,2,2,-0.0035887109291399639,0.00023688890606082303,1.1835013175770472,-0.0033430889746291427,0.00044867313263841459,0.73502611542308693
3,7,0,1,2,-7.9419420961597455e-05,-0.00014299705449566881,0.18093507231663936,-0.0002402277870530012,3.1500000000000002e-13,1.0100618323630419
3,8,1,2,2,-0.0017265290815969088,0.00026741459474680866,1.1835013175770472,-0.0019368602203184767,0.0003181279633331631,0.00086809051949157082
3,9,1,2,1,-2.0174934636170677e-05,-0.00033489516808331505,0.1809351012657413,-0.00031712191482795407,-5.0310910600828991e-05,1.0057037355301528
3,10,1,2,2,-0.00087593014975993018,8.680806746816506e-05,0,-0.0012741927672121063,0.00018902613533662362,0.0009482773095796876
3,11,1,2,2,-0.0013022224396415226,-0.00012385313669269752,0.90154317363875558,-0.0012257381219415047,0.00015724692447503504,0.11119884869054797
3,12,0,1,1,-0.00081871182104075423,0.0002665731108851313,0.42662855846097331,-0.00078488638365133124,3.1500000000000002e-13,0.73533613627307193
3,13,0,1,1,-0.00059116929275976663,6.6278369896032279e-05,0.90154317363875558,-0.00056263705514066325,3.1500000000000002e-13,1.0041780292167231
3,14,1,2,1,-0.0010508793008434908,0.00048987753596257174,0.42662843520272664,-0.0010189550197189396,0.00042493076570481575,0.0092943448371177479
3,15,2,2,2,-0.0010060320165696073,0.00080897334548726461,1.0490435907441853,-0.0013203959496139136,0.0006626129979902315,0
3,16,2,2,2,-0.003212058450053653,0.00011821170999541924,1.04910609295165,-0.0028718059175810921,-0.00012456981298110777,-0
3,17,0,0,0,0.00072814570915139573,0,0.97362436704041022,0,0,0.37367264954488766
3,18,0,1,2,-0.00066657726139126151,-0.00012907703485068935,0.0010761433921675399,-0.00082130819819454149,3.1500000000000002e-13,1.0028218857108446
3,19,0,1,2,-0.00071215688284796241,-0.00012555607743960733,0.97362436084843151,-0.0008698049640693871,3.1500000000000002e-13,0.0010942759303883475
3,20,0,0,0,0.00086250433516575804,0,0.90495444101562372,0,0,0.99943367043053155
3,21,0,0,0,0.0009885119879074456,0,0.90495445944962116,0,0,0.99923297220574303
3,22,0,1,2,-0.00099028426364189794,-9.706316330571717e-06,0.93186985994529636,-0.00084304020226982511,3.1500000000000002e-13,0.35397214877029337
3,23,1,2,2,-0.0021599809050121639,0.00051658776510809308,0.93186931492879521,-0.0021858940294321701,0.00052656432747938105,0.059277502945518146
3,24,0,1,1,-7.2264547584240075e-05,0.00017260349474222591,0.51200984540438765,-0.00014999616325566257,3.1500000000000002e-13,0.3549558092312034
3,25,1,2,2,-0.0029603875421224746,0.0010500032042924025,0.51200799530690222,-0.0027560190751859388,0.00094318342311283925,0.39984444031115429
3,26,2,2,2,-0.0052277800737875876,0.0030615612612101468,1.1264412880697621,-0.0050886014873709421,0.003105008667076436,-0
3,27,2,2,2,-0.00049518083235462155,0.00017293585729254355,1.1264441260024196,-0.00056601040864165831,0.00032749041094435032,0
3,28,2,2,2,-0.0012078477060863031,0.0015677874830739911,0.51648004147426119,-0.0011629453445114487,0.0015060542874407059,0
3,29,2,2,2,0.0013944447374666425,0.0015029538598606048,0.51647994487993976,0.0013234243323660831,0.0014413586036116709,-0
3,30,0,0,0,0.00051448202918894436,0,0.41675003680662737,0,0,0.99943977759561242
3,31,1,2,2,-0.00017957539954359882,-6.4313980544335213e-05,0.41675003680662737,-0.00020484310372359291,-5.2070063222819816e-05,0.00029459190381428879
3,32,1,2,2,-0.0015910062633628301,0.00055205360316803922,0.10744950188442427,-0.0016678657488382763,0.0006292774498351583,0.0055419033655998966
3,33,1,2,2,-0.0017806269962614668,0.00053274126945901282,0.10744950188442427,-0.0017615673192885369,0.00061869398029985108,0.11146874646466665
3,34,2,2,2,-0.0019568580509611391,0.0010075369605260839,0.70518166779655811,-0.0019260431705451573,0.00099491425607592388,0
3,35,2,2,2,-9.005113699675805e-05,-6.9348270851369423e-06,0.70518232174772866,-0.00014284982812203475,8.1771226625724548e-06,-0
3,36,2,2,2,-0.0014873877972587065,-0.0025519373420013866,1.4702145532159352,-0.0016274103150771754,-0.0020471517804304395,-0
3,37,2,2,2,-0.0090757653644601387,0.0058985464267441645,1.469186053484745,-0.0087948139051602942,0.0054757883000945799,0
3,38,0,0,0,0.00016938995764213599,0,0.7532834834237554,0,0,0.41472692033426778
3,39,1,2,2,-0.00035293936680666114,8.6061382070346215e-06,0,-0.00038884783357913031,6.4611056815265134e-05,1.001353026004997
3,40,0,1,2,-0.0005543517566276901,-3.1210408684996985e-05,0.75328342407661164,-0.00061308302633748509,3.1500000000000002e-13,0.00019698760689107356
3,41,1,2,2,-0.00010513969430514111,-2.699704712586101e-06,0.53380387547303598,-0.00010760517879724267,-1.1068301750930618e-06,1.9085830518456997e-05
3,42,0,0,0,9.5057715831840467e-05,0,0.53380387547303598,0,0,0.41476429275315896
3,43,2,2,2,-0.0014352920052484632,0.0015653905313115404,0.71575329338156346,-0.0014058669602970452,0.0015666700307944796,-0
3,44,2,2,2,-0.0017777287926653753,0.0026087445287572191,0.71575308783006686,-0.0017756558776639432,0.0023185415774337262,0
3,45,0,1,2,-0.00044421749948876443,-2.097821071902866e-05,0.05589273329651135,-0.00053882269973845012,3.1500000000000002e-13,1.0567037853285597
3,46,1,2,2,-0.0034168377237167734,0.00041944457215256279,0.660969744647671,-0.0035080924103621973,0.00039261070233658022,0.003701749563603422
3,47,0,3,3,-0.00011350019771302486,0,0,0,-0.0002320357363233762,0
3,48,0,1,1,-0.00098037708325407762,3.0064223413497384e-05,0.50709264093653528,-0.00096727172955480905,3.1500000000000002e-13,1.0047708291072301
3,49,0,1,1,-0.0021555476852435089,2.5536238475710381e-05,0.66097121232240919,-0.0021346319828180029,3.1500000000000002e-13,0.0033783541522466598
3,50,0,1,2,-0.0025465587922107037,-1.0784097744703272e-05,0.50709264093653528,-0.00239524502239165,3.1500000000000002e-13,0.0061817095202703204
3,51,0,1,1,-0.0001239715847646662,7.1091177986008555e-05,0.76998923910270345,-6.1995886720316495e-05,3.1500000000000002e-13,0.39813490870146351
3,52,1,2,2,-0.0029991481528487294,0.0009764595237617519,0.76998772693067641,-0.0030522234154490512,0.00092102542144555891,0.0051071314668721963
3,53,0,1,2,-5.7213303813149459e-05,-2.7250629618301954e-06,0.58181908650563374,-6.1039570234721905e-05,3.1500000000000002e-13,2.6294280029792309e-05
3,54,0,1,1,-0.0014255225994967658,8.1408265527974869e-05,0.58181908650563374,-0.0012477518208522942,3.1500000000000002e-13,0.37430740230427323
4,1,1,0,2,-0.00064275628205879534,0.00026171546074636634,0.37948518270191006,-0.00064275628205879534,0.00026171546074636634,1.0053178614770819
4,2,1,0,2,-0.00074021919320797151,0.00026592463094701302,0.002151299319757776,-0.00074021919320797151,0.00026592463094701302,0.0020704574882880345
4,3,0,0,0,0,0,0.37948518270191006,0,0,0.0050267055399941451
4,4,2,0,2,-0.002918363720336509,0.0035198060272121096,1.4936014370182764,-0.002918363720336509,0.0035198060272121096,-0
4,5,2,0,2,-0.00099167710848822735,0.00083879385704521128,1.493602067342944,-0.00099167710848822735,0.00083879385704521128,0
4,6,1,0,2,-0.0035903707870953063,0.0002568647421148844,1.1836661067117347,-0.0035903707870953063,0.0002568647421148844,0.73502611542308693
4,7,0,0,1,-7.8687546124039628e-05,-3.1500000000000002e-13,0.18105552276925999,-7.8687546124039628e-05,-3.1500000000000002e-13,1.0096700632254829
4,8,1,0,2,-0.0017260645526168718,0.00026810265048817308,1.1836661067117347,-0.0017260645526168718,0.00026810265048817308,0.00086809051949157082
4,9,0,0,1,-2.1105139773071096e-05,-3.1500000000000002e-13,0.18105551887050003,-2.1105139773071096e-05,-3.1500000000000002e-13,1.0047753402224306
4,10,1,0,2,-0.00087450716040877985,8.2388574919944969e-05,0,-0.00087450716040877985,8.2388574919944969e-05,0.0009482773095796876
4,11,1,0,2,-0.0012998021355858694,-0.00012697742360703201,0.90166427031701879,-0.0012998021355858694,-0.00012697742360703201,0.11119884869054797
4,12,0,0,1,-0.00082082166600250196,3.1500000000000002e-13,0.42657006746032811,-0.00082082166600250196,3.1500000000000002e-13,0.73542510369443781
4,13,0,0,1,-0.000591005773967667,3.1500000000000002e-13,0.90166427031701879,-0.000591005773967667,3.1500000000000002e-13,1.0042169903074487
4,14,0,0,1,-0.0010513974481820773,3.1500000000000002e-13,0.42656994137509202,-0.0010513974481820773,3.1500000000000002e-13,0.0098777007058729587
4,15,2,0,2,-0.00096086181542662762,0.00074465572627151048,1.0490765314540851,-0.00096086181542662762,0.00074465572627151048,0
4,16,2,0,2,-0.0031842020970541895,8.0569439801750716e-05,1.0490754335636778,-0.0031842020970541895,8.0569439801750716e-05,-0
4,17,0,0,0,0,0,0.97359688768630881,0,0,0.37362533390688585
4,18,0,0,1,-0.00063372519224786045,3.1500000000000002e-13,0.0012326437547808737,-0.00063372519224786045,3.1500000000000002e-13,1.0032318722139759
4,19,0,0,1,-0.00068930184671327926,3.1500000000000002e-13,0.97359689664180971,-0.00068930184671327926,3.1500000000000002e-13,0.0012568137838822695
4,20,0,0,0,0,0,0.90510953045146769,0,0,0.99953584264913165
4,21,0,0,0,0,0,0.90510949087232662,0,0,0.99949644223740852
4,22,1,0,2,-0.00095637841152805493,0.00014752937679756136,0.93190064081718826,-0.00095637841152805493,0.00014752937679756136,0.35397214877029337
4,23,1,0,2,-0.0021680488975867637,0.00049409022782569557,0.93190013305639918,-0.0021680488975867637,0.00049409022782569557,0.059277502945518146
4,24,0,0,1,-8.0626948165313418e-05,3.1500000000000002e-13,0.51218003590332661,-8.0626948165313418e-05,3.1500000000000002e-13,0.3550339594555102
4,25,1,0,2,-0.0029297056470547387,0.0012794432570844947,0.51217794268142525,-0.0029297056470547387,0.0012794432570844947,0.39984444031115429
4,26,2,0,2,-0.005261370392390813,0.0031751423687265729,1.1264022433929408,-0.005261370392390813,0.0031751423687265729,-0
4,27,2,0,2,-0.00048554227508130912,0.00011330580429624708,1.1264052891837157,-0.00048554227508130912,0.00011330580429624708,0
4,28,2,0,2,-0.001129896035349335,0.0014680106776777107,0.51633057702642893,-0.001129896035349335,0.0014680106776777107,0
4,29,2,0,2,0.0013510305201211675,0.0016221134010220085,0.51633044426019015,0.0013510305201211675,0.0016221134010220085,-0
4,30,0,0,0,0,0,0.41671633707433281,0,0,0.99939683955401437
4,31,0,0,1,-0.00018254783173766753,-3.1500000000000002e-13,0.41671633707433281,-0.00018254783173766753,-3.1500000000000002e-13,0.00018023371217415599
4,32,1,0,2,-0.0015903951346632381,0.00055022077400161706,0.10744317876198532,-0.0015903951346632381,0.00055022077400161706,0.0055419033655998966
4,33,1,0,2,-0.0017798812483302557,0.00053201283686034166,0.10744317876198532,-0.0017798812483302557,0.00053201283686034166,0.11146874646466665
4,34,2,0,2,-0.0019582306899163207,0.0010086408635597731,0.7051618583047905,-0.0019582306899163207,0.0010086408635597731,0
4,35,2,0,2,-8.7750170494671758e-05,-8.5245372462551349e-06,0.70516675021923036,-8.7750170494671758e-05,-8.5245372462551349e-06,-0
4,36,2,0,2,-0.0014868873167136459,-0.0025518117973033464,1.469951791693751,-0.0014868873167136459,-0.0025518117973033464,-0
4,37,2,0,2,-0.0090885818409006842,0.0059076147804560516,1.4686705646495395,-0.0090885818409006842,0.0059076147804560516,0
4,38,0,0,0,0,0,0.75336136489911432,0,0,0.41470602912371013
4,39,1,0,2,-0.00031332799087415862,7.1358618238675562e-05,0,-0.00031332799087415862,7.1358618238675562e-05,1.001353026004997
4,40,1,0,2,-0.00055060149644317027,4.2912297694383506e-05,0.75336131958855301,-0.00055060149644317027,4.2912297694383506e-05,0.00019698760689107356
4,41,1,0,2,-0.00010524624272078233,-2.6569215833303445e-06,0.53379009738367766,-0.00010524624272078233,-2.6569215833303445e-06,1.9085830518456997e-05
4,42,0,0,0,0,0,0.53379009738367766,0,0,0.41472491309500098
4,43,2,0,2,-0.0014619853571978163,0.0015777476337831473,0.71572768902087092,-0.0014619853571978163,0.0015777476337831473,-0
4,44,2,0,2,-0.0017232682798786984,0.0025103915051647449,0.71572754378565695,-0.0017232682798786984,0.0025103915051647449,0
4,45,1,0,2,-0.00039977261122372193,8.4646014033735439e-05,0.055890705356303153,-0.00039977261122372193,8.4646014033735439e-05,1.0567037853285597
4,46,1,0,2,-0.0034276331146240557,0.00053422269634663313,0.66072160443208272,-0.0034276331146240557,0.00053422269634663313,0.003701749563603422
4,47,0,0,3,-7.0100581140737552e-05,0,0,0,-7.0100581140737552e-05,0
4,48,0,0,1,-0.00096345346280552195,3.1500000000000002e-13,0.50673703922575464,-0.00096345346280552195,3.1500000000000002e-13,1.005302695295146
4,49,0,0,1,-0.002265254960667179,3.1500000000000002e-13,0.66072285760635396,-0.002265254960667179,3.1500000000000002e-13,0.0037754925020104771
4,50,1,0,2,-0.0025375344500266489,0.00071547939067151129,0.50673703922575464,-0.0025375344500266489,0.00071547939067151129,0.0061817095202703204
4,51,0,0,1,-0.0001245840947856318,3.1500000000000002e-13,0.7698989943012533,-0.0001245840947856318,3.1500000000000002e-13,0.39820757979711169
4,52,1,0,2,-0.0030186870451896076,0.00094743717614553791,0.76989751710805754,-0.0030186870451896076,0.00094743717614553791,0.0051071314668721963
4,53,1,0,2,-5.5909688980118139e-05,7.746222441315801e-06,0.58186443468865912,-5.5909688980118139e-05,7.746222441315801e-06,2.6294280029792309e-05
4,54,0,0,1,-0.0014233073617793621,3.1500000000000002e-13,0.58186443468865912,-0.0014233073617793621,3.1500000000000002e-13,0.37437788568011215
4,1,1,2,1,-0.0004132280884619394,0.00021546184090372151,0.37948518270191006,-0.00064275628205879534,0.00026171546074636634,1.0053178614770819
4,2,1,2,1,-0.00050964469990796011,0.00022483220221226769,0.002151299319757776,-0.00074021919320797151,0.00026592463094701302,0.0020704574882880345
4,3,0,0,0,0.000706559493318121,0,0.37948518270191006,0,0,0.0050267055399941451
4,4,2,2,2,-0.0029281705767501202,0.0035072620728323284,1.4936014370182764,-0.002918363720336509,0.0035198060272121096,-0
4,5,2,2,2,-0.0010404880714311444,0.0010512037461880889,1.493602067342944,-0.00099167710848822735,0.00083879385704521128,0
4,6,1,2,2,-0.0037998787393408802,-0.0001461967640052978,1.1836661067117347,-0.0035903707870953063,0.0002568647421148844,0.73502611542308693
4,7,0,1,0,4.2157346255787358e-05,-3.1500000000000002e-13,0.18105552276925999,-7.8687546124039628e-05,-3.1500000000000002e-13,1.0096700632254829
4,8,1,2,2,-0.0015042654206897847,0.00011048034889125298,1.1836661067117347,-0.0017260645526168718,0.00026810265048817308,0.00086809051949157082
4,9,0,1,0,0.00024025768786554096,-3.1500000000000002e-13,0.18105551887050003,-2.1105139773071096e-05,-3.1500000000000002e-13,1.0047753402224306
4,10,1,2,2,-0.00047233394076915905,-9.9476409426955996e-05,0,-0.00087450716040877985,8.2388574919944969e-05,0.0009482773095796876
4,11,1,2,2,-0.0013731908862254138,-0.00045091131392412586,0.90166427031701879,-0.0012998021355858694,-0.00012697742360703201,0.11119884869054797
4,12,0,1,2,-0.00085962249062901256,-0.00012368580074741142,0.42657006746032811,-0.00082082166600250196,3.1500000000000002e-13,0.73542510369443781
4,13,0,1,2,-0.00063681264868789512,-0.0002118901732451184,0.90166427031701879,-0.000591005773967667,3.1500000000000002e-13,1.0042169903074487
4,14,0,1,2,-0.0010856519037552542,-0.0002138344261887736,0.42656994137509202,-0.0010513974481820773,3.1500000000000002e-13,0.0098777007058729587
4,15,2,2,2,-0.00063051980275786806,0.00085273823382026514,1.0490765314540851,-0.00096086181542662762,0.00074465572627151048,0
4,16,2,2,2,-0.0034920445048578011,0.00029002465314205699,1.0490754335636778,-0.0031842020970541895,8.0569439801750716e-05,-0
4,17,0,0,0,0.00063506396890928283,0,0.97359688768630881,0,0,0.37362533390688585
4,18,0,1,2,-0.00046088810268187939,-8.2019336100583673e-05,0.0012326437547808737,-0.00063372519224786045,3.1500000000000002e-13,1.0032318722139759
4,19,0,1,2,-0.00051462276231309292,-7.8115353743299701e-05,0.97359689664180971,-0.00068930184671327926,3.1500000000000002e-13,0.0012568137838822695
4,20,0,0,0,0.0013210595898659125,0,0.90510953045146769,0,0,0.99953584264913165
4,21,0,0,0,0.001828399170065735,0,0.90510949087232662,0,0,0.99949644223740852
4,22,1,2,2,-0.0010644700544995744,0.0001216743533940128,0.93190064081718826,-0.00095637841152805493,0.00014752937679756136,0.35397214877029337
4,23,1,2,2,-0.0021400584981826716,0.00049846193890124284,0.93190013305639918,-0.0021680488975867637,0.00049409022782569557,0.059277502945518146
4,24,0,1,1,-1.8262617201946448e-05,4.2144658312756645e-05,0.51218003590332661,-8.0626948165313418e-05,3.1500000000000002e-13,0.3550339594555102
4,25,1,2,2,-0.0030990312239998082,0.0012800948757100497,0.51217794268142525,-0.0029297056470547387,0.0012794432570844947,0.39984444031115429
4,26,2,2,2,-0.0053651800677424746,0.0031489427315809764,1.1264022433929408,-0.005261370392390813,0.0031751423687265729,-0
4,27,2,2,2,-0.00047022939835144727,-3.502107769503384e-05,1.1264052891837157,-0.00048554227508130912,0.00011330580429624708,0
4,28,2,2,2,-0.0011066648589336725,0.0015315736920668581,0.51633057702642893,-0.001129896035349335,0.0014680106776777107,0
4,29,2,2,2,0.0014291784482936183,0.001657691123162678,0.51633044426019015,0.0013510305201211675,0.0016221134010220085,-0
4,30,0,0,0,0.0008965010765616642,0,0.41671633707433281,0,0,0.99939683955401437
4,31,0,1,1,-0.00016138092350962135,-1.1638358889276342e-05,0.41671633707433281,-0.00018254783173766753,-3.1500000000000002e-13,0.00018023371217415599
4,32,1,2,2,-0.0015117754198706887,0.0004728873615047947,0.10744317876198532,-0.0015903951346632381,0.00055022077400161706,0.0055419033655998966
4,33,1,2,2,-0.0017970061225173492,0.00041829521224625627,0.10744317876198532,-0.0017798812483302557,0.00053201283686034166,0.11146874646466665
4,34,2,2,2,-0.0019816019550678533,0.0010155052124744166,0.7051618583047905,-0.0019582306899163207,0.0010086408635597731,0
4,35,2,2,2,-4.7264552622364353e-05,-1.5802289009133369e-05,0.70516675021923036,-8.7750170494671758e-05,-8.5245372462551349e-06,-0
4,36,2,2,2,-0.001441511091061118,-0.0028763382599192476,1.469951791693751,-0.0014868873167136459,-0.0025518117973033464,-0
4,37,2,2,2,-0.009339723936644298,0.0063331968383326153,1.4686705646495395,-0.0090885818409006842,0.0059076147804560516,0
4,38,0,0,0,0.00021183332472174415,0,0.75336136489911432,0,0,0.41470602912371013
4,39,1,2,2,-0.00028442608599853919,-2.5897889156640188e-05,0,-0.00031332799087415862,7.1358618238675562e-05,1.001353026004997
4,40,1,2,2,-0.0004777616273400813,-2.7625895842681741e-05,0.75336131958855301,-0.00055060149644317027,4.2912297694383506e-05,0.00019698760689107356
4,41,1,2,2,-0.0001028957082098889,-4.1526163345122169e-06,0.53379009738367766,-0.00010524624272078233,-2.6569215833303445e-06,1.9085830518456997e-05
4,42,0,0,0,0.00016516295346891868,0,0.53379009738367766,0,0,0.41472491309500098
4,43,2,2,2,-0.0014750257922387722,0.0015355833046306821,0.71572768902087092,-0.0014619853571978163,0.0015777476337831473,-0
4,44,2,2,2,-0.001669819487866473,0.0026856187543538215,0.71572754378565695,-0.0017232682798786984,0.0025103915051647449,0
4,45,1,2,2,-0.00031211871771666562,5.6872578268239439e-05,0.055890705356303153,-0.00039977261122372193,8.4646014033735439e-05,1.0567037853285597
4,46,1,2,2,-0.0033385297915767688,0.00055184120292567753,0.66072160443208272,-0.0034276331146240557,0.00053422269634663313,0.003701749563603422
4,47,0,3,0,3.8676649487549267e-05,0,0,0,-7.0100581140737552e-05,0
4,48,0,1,1,-0.00097704155252460452,1.241801118542688e-05,0.50673703922575464,-0.00096345346280552195,3.1500000000000002e-13,1.005302695295146
4,49,0,1,1,-0.0022817688553054671,8.3814198104699174e-06,0.66072285760635396,-0.002265254960667179,3.1500000000000002e-13,0.0037754925020104771
4,50,1,2,2,-0.0026798131643690462,0.0006966126508609979,0.50673703922575464,-0.0025375344500266489,0.00071547939067151129,0.0061817095202703204
4,51,0,1,2,-0.00019163922058888124,-3.1347389260152923e-05,0.7698989943012533,-0.0001245840947856318,3.1500000000000002e-13,0.39820757979711169
4,52,1,2,2,-0.0029746324776271879,0.00095780222954886104,0.76989751710805754,-0.0030186870451896076,0.00094743717614553791,0.0051071314668721963
4,53,1,2,2,-5.2408060804836979e-05,4.9303098186790459e-06,0.58186443468865912,-5.5909688980118139e-05,7.746222441315801e-06,2.6294280029792309e-05
4,54,0,1,1,-0.0015918200410728932,7.8106281982080481e-05,0.58186443468865912,-0.0014233073617793621,3.1500000000000002e-13,0.37437788568011215
5,1,0,0,1,-0.00042894008546607497,3.1500000000000002e-13,0.37945234349670609,-0.00042894008546607497,3.1500000000000002e-13,1.0057430697478371
5,2,0,0,1,-0.00052781386204300124,3.1500000000000002e-13,0.0021852747643168868,-0.00052781386204300124,3.1500000000000002e-13,0.0022414270866304145
5,3,0,0,0,0,0,0.37945234349670609,0,0,0.0052285044194732982
5,4,2,0,2,-0.0029291721580712712,0.003504950977665029,1.4937960271403596,-0.0029291721580712712,0.003504950977665029,-0
5,5,2,0,2,-0.0010038322783514993,0.00100713798784405,1.4937966606343711,-0.0010038322783514993,0.00100713798784405,0
5,6,1,0,2,-0.0038001331100146201,7.736849977977038e-05,1.1838230183005762,-0.0038001331100146201,7.736849977977038e-05,0.73502611542308693
5,7,0,0,0,0,0,0.18118057535421672,0,0,1.0092303038940544
5,8,1,0,2,-0.0014576164217559679,0.00022884589262360473,1.1838230183005762,-0.0014576164217559679,0.00022884589262360473,0.00086809051949157082
5,9,0,0,0,0,0,0.18118063647697183,0,0,1.0039612933699333
5,10,1,0,2,-0.00042261700281574739,-4.7663055575876293e-06,0,-0.00042261700281574739,-4.7663055575876293e-06,0.0009482773095796876
5,11,1,0,2,-0.0013924653829401404,-0.00033917741153097409,0.90175898423614431,-0.0013924653829401404,-0.00033917741153097409,0.11119884869054797
5,12,1,0,2,-0.00083446529300207947,0.00031266010621732338,0.42649548412757338,-0.00083446529300207947,0.00031266010621732338,0.73542510369443781
5,13,1,0,2,-0.00061081414870133954,0.00011962472304287693,0.90175898423614431,-0.00061081414870133954,0.00011962472304287693,1.0042169903074487
5,14,1,0,2,-0.0010774933400224261,0.0001185923509450208,0.42649534836217479,-0.0010774933400224261,0.0001185923509450208,0.0098777007058729587
5,15,2,0,2,-0.0006391504440627203,0.00092211467828616652,1.0490136492866224,-0.0006391504440627203,0.00092211467828616652,0
5,16,2,0,2,-0.0034369307800069275,0.00034290502814448361,1.0490122906308481,-0.0034369307800069275,0.00034290502814448361,-0
5,17,0,0,0,0,0,0.97365946040860585,0,0,0.37356138317078819
5,18,1,0,2,-0.00046285548696372978,0.00012247001828270915,0.0012940476355783681,-0.00046285548696372978,0.00012247001828270915,1.0032318722139759
5,19,1,0,2,-0.00052121136916323399,0.00012627739975747343,0.97365946671805437,-0.00052121136916323399,0.00012627739975747343,0.0012568137838822695
5,20,0,0,0,0,0,0.90517910225018072,0,0,0.99960346240460951
5,21,0,0,0,0,0,0.90517886834754102,0,0,0.99966635509040491
5,22,1,0,2,-0.0010521291843454128,0.00017164068832655109,0.93191495404874325,-0.0010521291843454128,0.00017164068832655109,0.35397214877029337
5,23,1,0,2,-0.002132185332520358,0.00047972863734716724,0.93191449278726823,-0.002132185332520358,0.00047972863734716724,0.059277502945518146
5,24,0,0,1,-2.7344483154943071e-05,3.1500000000000002e-13,0.51222248173948326,-2.7344483154943071e-05,3.1500000000000002e-13,0.35505333949270862
5,25,0,0,1,-0.0030855013676656167,3.1500000000000002e-13,0.5122201585625169,-0.0030855013676656167,3.1500000000000002e-13,0.40038041882988479
5,26,2,0,2,-0.0053610521524377983,0.0031589498894006307,1.1264177578974812,-0.0053610521524377983,0.0031589498894006307,-0
5,27,2,0,2,-0.00048635850907421534,-4.5310149781257965e-06,1.1264226588489075,-0.00048635850907421534,-4.5310149781257965e-06,0
5,28,2,0,2,-0.0010596120885078466,0.0014471056315109002,0.51633890652612136,-0.0010596120885078466,0.0014471056315109002,0
5,29,2,0,2,0.0014491294156066146,0.0016077742396756554,0.51633866995493882,0.0014491294156066146,0.0016077742396756554,-0
5,30,0,0,0,0,0,0.41670598512371188,0,0,0.99942629147840922
5,31,0,0,1,-0.00016481043569923574,-3.1500000000000002e-13,0.41670598512371188,-0.00016481043569923574,-3.1500000000000002e-13,0.00014355594853261665
5,32,1,0,2,-0.0015195526501723213,0.00050258890499987896,0.1074365798036864,-0.0015195526501723213,0.00050258890499987896,0.0055419033655998966
5,33,1,0,2,-0.0018045866613707105,0.00047389775535401635,0.1074365798036864,-0.0018045866613707105,0.00047389775535401635,0.11146874646466665
5,34,2,0,2,-0.0019862027608207131,0.0010237831837439329,0.70513602301737088,-0.0019862027608207131,0.0010237831837439329,0
5,35,2,0,2,-4.0178565877125127e-05,-2.7980855916566409e-05,0.70515069490749749,-4.0178565877125127e-05,-2.7980855916566409e-05,-0
5,36,2,0,2,-0.0013259794948736283,-0.0030567570154094517,1.469672822854903,-0.0013259794948736283,-0.0030567570154094517,-0
5,37,2,0,2,-0.0093372592859231225,0.0063645746995798121,1.4681384753010802,-0.0093372592859231225,0.0063645746995798121,0
5,38,0,0,0,0,0,0.75347442799205144,0,0,0.41467346435481811
5,39,1,0,2,-0.00025458464520581778,-3.6938935667216535e-06,0,-0.00025458464520581778,-3.6938935667216535e-06,1.001353026004997
5,40,1,0,2,-0.00046264388972659296,6.4036983603074825e-06,0.75347440046508496,-0.00046264388972659296,6.4036983603074825e-06,0.00019698760689107356
5,41,1,0,2,-0.00010331618156891583,-4.1952292327529405e-06,0.53377682014837058,-0.00010331618156891583,-4.1952292327529405e-06,1.9085830518456997e-05
5,42,0,0,0,0,0,0.53377682014837058,0,0,0.41467484257049286
5,43,2,0,2,-0.0014837051604633476,0.0015580381222500927,0.71572021493253191,-0.0014837051604633476,0.0015580381222500927,-0
5,44,2,0,2,-0.0016551759783530779,0.0026462125379305194,0.71572012103005189,-0.0016551759783530779,0.0026462125379305194,0
5,45,1,0,2,-0.00032083282234346091,-2.7998392204305056e-06,0.055888566767136855,-0.00032083282234346091,-2.7998392204305056e-06,1.0567037853285597
5,46,1,0,2,-0.0033173897748186554,0.00049517989060067025,0.66072587162205687,-0.0033173897748186554,0.00049517989060067025,0.003701749563603422
5,47,0,0,0,0,0,0,0,0,0
5,48,0,0,1,-0.00097533396075685699,3.1500000000000002e-13,0.50670640120549815,-0.00097533396075685699,3.1500000000000002e-13,1.0053275749205663
5,49,0,0,1,-0.0022832686487774269,3.1500000000000002e-13,0.6607269674767412,-0.0022832686487774269,3.1500000000000002e-13,0.0037916899906908432
5,50,1,0,2,-0.0026761353930332627,0.00078066391829425109,0.50670640120549815,-0.0026761353930332627,0.00078066391829425109,0.0061817095202703204
5,51,1,0,2,-0.00018695766742632262,5.3442820352244551e-05,0.76986659747932829,-0.00018695766742632262,5.3442820352244551e-05,0.39820757979711169
5,52,1,0,2,-0.0029782945833302416,0.00095519394477762355,0.76986516290291596,-0.0029782945833302416,0.00095519394477762355,0.0051071314668721963
5,53,1,0,2,-5.3094296174758564e-05,5.7468347219733144e-06,0.58192557743656237,-5.3094296174758564e-05,5.7468347219733144e-06,2.6294280029792309e-05
5,54,0,0,1,-0.0015844406410598722,3.1500000000000002e-13,0.58192557743656237,-0.0015844406410598722,3.1500000000000002e-13,0.37443076282042986
5,1,0,1,2,-0.00022345429520776889,-6.2299029007086779e-05,0.37945234349670609,-0.00042894008546607497,3.1500000000000002e-13,1.0057430697478371
5,2,0,1,2,-0.00032091904476989799,-5.7692084117637093e-05,0.0021852747643168868,-0.00052781386204300124,3.1500000000000002e-13,0.0022414270866304145
5,3,0,0,0,0.0012075237427504946,0,0.37945234349670609,0,0,0.0052285044194732982
5,4,2,2,2,-0.0029367729849016097,0.0034908049720870321,1.4937960271403596,-0.0029291721580712712,0.003504950977665029,-0
5,5,2,2,2,-0.001022808705439231,0.001201101198799391,1.4937966606343711,-0.0010038322783514993,0.00100713798784405,0
5,6,1,2,2,-0.0039868671373788122,-0.00017533341038903502,1.1838230183005762,-0.0038001331100146201,7.736849977977038e-05,0.73502611542308693
5,7,0,0,0,0.00035318427491253456,0,0.18118057535421672,0,0,1.0092303038940544
5,8,1,2,2,-0.0011825139852224657,0.00016936563293814427,1.1838230183005762,-0.0014576164217559679,0.00022884589262360473,0.00086809051949157082
5,9,0,0,0,0.00067961997740342514,0,0.18118063647697183,0,0,1.0039612933699333
5,10,1,2,0,2.8744522537127914e-05,-4.7663055575876293e-06,0,-0.00042261700281574739,-4.7663055575876293e-06,0.0009482773095796876
5,11,1,2,2,-0.0014907942941044363,-0.00060425855331283553,0.90175898423614431,-0.0013924653829401404,-0.00033917741153097409,0.11119884869054797
5,12,1,2,2,-0.00085491481960656623,0.0003545026073450676,0.42649548412757338,-0.00083446529300207947,0.00031266010621732338,0.73542510369443781
5,13,1,2,2,-0.00064755366515295413,4.0415254390271609e-05,0.90175898423614431,-0.00061081414870133954,0.00011962472304287693,1.0042169903074487
5,14,1,2,2,-0.0011098003551499984,3.7717004287449266e-05,0.42649534836217479,-0.0010774933400224261,0.0001185923509450208,0.0098777007058729587
5,15,2,2,2,-0.00032482106100751082,0.0011048625078385484,1.0490136492866224,-0.0006391504440627203,0.00092211467828616652,0
5,16,2,2,2,-0.0036836399967100394,0.00061407694903749949,1.0490122906308481,-0.0034369307800069275,0.00034290502814448361,-0
5,17,0,0,0,0.00038400155099651358,0,0.97365946040860585,0,0,0.37356138317078819
5,18,1,2,2,-0.00031575159531901817,5.593507407145566e-05,0.0012940476355783681,-0.00046285548696372978,0.00012247001828270915,1.0032318722139759
5,19,1,2,2,-0.0003726071330462684,6.305962651307942e-05,0.97365946671805437,-0.00052121136916323399,0.00012627739975747343,0.0012568137838822695
5,20,0,0,0,0.0017832365322959394,0,0.90517910225018072,0,0,0.99960346240460951
5,21,0,0,0,0.0026786797035167073,0,0.90517886834754102,0,0,0.99966635509040491
5,22,1,2,2,-0.0011539692574830862,0.00013668732836562178,0.93191495404874325,-0.0010521291843454128,0.00017164068832655109,0.35397214877029337
5,23,1,2,2,-0.0020868261167433871,0.00049640106838213952,0.93191449278726823,-0.002132185332520358,0.00047972863734716724,0.059277502945518146
5,24,0,1,0,3.2946815977014384e-05,3.1500000000000002e-13,0.51222248173948326,-2.7344483154943071e-05,3.1500000000000002e-13,0.35505333949270862
5,25,0,1,2,-0.0032473784046704109,-1.0364825497905952e-05,0.5122201585625169,-0.0030855013676656167,3.1500000000000002e-13,0.40038041882988479
5,26,2,2,2,-0.0054520875387649133,0.0031262325487810571,1.1264177578974812,-0.0053610521524377983,0.0031589498894006307,-0
5,27,2,2,2,-0.0004777823424486377,-0.00017996713142621489,1.1264226588489075,-0.00048635850907421534,-4.5310149781257965e-06,0
5,28,2,2,2,-0.0010156836919068923,0.0014863086202305611,0.51633890652612136,-0.0010596120885078466,0.0014471056315109002,0
5,29,2,2,2,0.0015268148378185106,0.0016378463440144095,0.51633866995493882,0.0014491294156066146,0.0016077742396756554,-0
5,30,0,0,0,0.0012827214524269378,0,0.41670598512371188,0,0,0.99942629147840922
5,31,0,1,1,-0.00014564304352612011,-8.3072156209242546e-06,0.41670598512371188,-0.00016481043569923574,-3.1500000000000002e-13,0.00014355594853261665
5,32,1,2,2,-0.001448316554764142,0.00044349362606656783,0.1074365798036864,-0.0015195526501723213,0.00050258890499987896,0.0055419033655998966
5,33,1,2,2,-0.0018290418990980052,0.00038879760702371848,0.1074365798036864,-0.0018045866613707105,0.00047389775535401635,0.11146874646466665
5,34,2,2,2,-0.0020094765543971424,0.00103581331184983,0.70513602301737088,-0.0019862027608207131,0.0010237831837439329,0
5,35,2,2,2,-1.8393599374628988e-07,-4.379903165907886e-05,0.70515069490749749,-4.0178565877125127e-05,-2.7980855916566409e-05,-0
5,36,2,2,2,-0.0012677649387203311,-0.0033900131250887092,1.469672822854903,-0.0013259794948736283,-0.0030567570154094517,-0
5,37,2,2,2,-0.0095528400599489589,0.0068212769485676162,1.4681384753010802,-0.0093372592859231225,0.0063645746995798121,0
5,38,0,0,0,0.00026186976195011571,0,0.75347442799205144,0,0,0.41467346435481811
5,39,1,2,1,-0.00019926061774286325,-8.937743053651457e-05,0,-0.00025458464520581778,-3.6938935667216535e-06,1.001353026004997
5,40,1,2,2,-0.000372459412654045,-4.1081999806359389e-05,0.75347440046508496,-0.00046264388972659296,6.4036983603074825e-06,0.00019698760689107356
5,41,1,2,2,-0.00010142817520842273,-5.5527207313469584e-06,0.53377682014837058,-0.00010331618156891583,-4.1952292327529405e-06,1.9085830518456997e-05
5,42,0,0,0,0.00023413900948169301,0,0.53377682014837058,0,0,0.41467484257049286
5,43,2,2,2,-0.0014918629431467194,0.0015265708829974114,0.71572021493253191,-0.0014837051604633476,0.0015580381222500927,-0
5,44,2,2,2,-0.0016157584440544177,0.0028220394823359547,0.71572012103005189,-0.0016551759783530779,0.0026462125379305194,0
5,45,1,2,2,-0.00021810152373780094,-2.1700139436515945e-05,0.055888566767136855,-0.00032083282234346091,-2.7998392204305056e-06,1.0567037853285597
5,46,1,2,2,-0.0032183616021897567,0.00052779992108235364,0.66072587162205687,-0.0033173897748186554,0.00049517989060067025,0.003701749563603422
5,47,0,0,0,0.00014871243691337696,0,0,0,0,0
5,48,0,1,1,-0.00097376904178124218,4.9415235159006038e-05,0.50670640120549815,-0.00097533396075685699,3.1500000000000002e-13,1.0053275749205663
5,49,0,1,1,-0.0022941234063690403,4.8013374393461907e-05,0.6607269674767412,-0.0022832686487774269,3.1500000000000002e-13,0.0037916899906908432
5,50,1,2,2,-0.0027952226346801673,0.00081087584273889198,0.50670640120549815,-0.0026761353930332627,0.00078066391829425109,0.0061817095202703204
5,51,1,2,2,-0.00025396214982062188,2.3288199005741727e-05,0.76986659747932829,-0.00018695766742632262,5.3442820352244551e-05,0.39820757979711169
5,52,1,2,2,-0.0029299599037893101,0.00097347632005959724,0.76986516290291596,-0.0029782945833302416,0.00095519394477762355,0.0051071314668721963
5,53,1,2,2,-5.0053990114976745e-05,4.1275678210557527e-06,0.58192557743656237,-5.3094296174758564e-05,5.7468347219733144e-06,2.6294280029792309e-05
5,54,0,1,1,-0.0017454472942047741,8.8208139648030708e-05,0.58192557743656237,-0.0015844406410598722,3.1500000000000002e-13,0.37443076282042986
6,1,0,0,1,-0.00022330800582547484,3.1500000000000002e-13,0.37935514013475091,-0.00022330800582547484,3.1500000000000002e-13,1.0060273804863065
6,2,0,0,1,-0.00032707876748016781,3.1500000000000002e-13,0.0022962803173029915,-0.00032707876748016781,3.1500000000000002e-13,0.0023549893006253649
6,3,0,0,0,0,0,0.37935514013475091,0,0,0.0055957631503622393
6,4,2,0,2,-0.0029382257848288703,0.0034926441081969805,1.4939684305204464,-0.0029382257848288703,0.0034926441081969805,-0
6,5,2,0,2,-0.0010251769048215573,0.0012036126950511667,1.4939690647835024,-0.0010251769048215573,0.0012036126950511667,0
6,6,1,0,2,-0.0039831566515841224,-0.00019136830147928132,1.1839494564930195,-0.0039831566515841224,-0.00019136830147928132,0.73502611542308693
6,7,0,0,0,0,0,0.1813180590435671,0,0,1.0086753579719954
6,8,1,0,2,-0.0011762005774861169,0.0001489914464262863,1.1839494564930195,-0.0011762005774861169,0.0001489914464262863,0.00086809051949157082
6,9,0,0,0,0,0,0.1813182872451212,0,0,1.0030819988522326
6,10,0,0,0,0,0,0,0,0,0.00087154708341836984
6,11,1,0,2,-0.0014893180335206712,-0.00060994729997706902,0.90195146042112329,-0.0014893180335206712,-0.00060994729997706902,0.11119884869054797
6,12,1,0,2,-0.00085387716434344463,0.00034947181865121704,0.42655670724323036,-0.00085387716434344463,0.00034947181865121704,0.73542510369443781
6,13,1,0,2,-0.00064650615874325685,3.4758542996354716e-05,0.90195146042112329,-0.00064650615874325685,3.4758542996354716e-05,1.0042169903074487
6,14,1,0,2,-0.0011084498278622226,3.2130031578118042e-05,0.42655656132123132,-0.0011084498278622226,3.2130031578118042e-05,0.0098777007058729587
6,15,2,0,2,-0.00031451155030170493,0.0010953993196890555,1.0489495868551322,-0.00031451155030170493,0.0010953993196890555,0
6,16,2,0,2,-0.0036676977177634617,0.00060209987948618314,1.0489479958694867,-0.0036676977177634617,0.00060209987948618314,-0
6,17,0,0,0,0,0,0.97376032406240787,0,0,0.37348995023017328
6,18,0,0,1,-0.00033157861789731666,3.1500000000000002e-13,0.0013141343015430763,-0.00033157861789731666,3.1500000000000002e-13,1.0034447423508739
6,19,1,0,2,-0.0003908346524150346,0.00016913061590736466,0.97376032247917399,-0.0003908346524150346,0.00016913061590736466,0.0012568137838822695
6,20,0,0,0,0,0,0.90530092447182475,0,0,0.99968405115267089
6,21,0,0,0,0,0,0.90530036659736834,0,0,0.99989248374625539
6,22,1,0,2,-0.0011372112877604213,0.00028247216004134083,0.93194163996409429,-0.0011372112877604213,0.00028247216004134083,0.35397214877029337
6,23,1,0,2,-0.0021022024809478532,0.00043796663900333562,0.93194122070298957,-0.0021022024809478532,0.00043796663900333562,0.059277502945518146
6,24,0,0,0,0,0,0.51246473870533049,0,0,0.35518997515353962
6,25,1,0,2,-0.0031868085508370125,0.00047405392934535414,0.51246226421625529,-0.0031868085508370125,0.00047405392934535414,0.40038041882988479
6,26,2,0,2,-0.0055128478814942842,0.0033329882472965871,1.1262942997597627,-0.0055128478814942842,0.0033329882472965871,-0
6,27,2,0,2,-0.00049193891350605848,-0.0001166212060159877,1.126355419859792,-0.00049193891350605848,-0.0001166212060159877,0
6,28,2,0,2,-0.0011076446260840857,0.0016333739681942861,0.5162566847405593,-0.0011076446260840857,0.0016333739681942861,0
6,29,2,0,2,0.0015150648383505359,0.0016666200708385182,0.51625642589735343,0.0015150648383505359,0.0016666200708385182,-0
6,30,0,0,0,0,0,0.4167070296862041,0,0,0.9994928794574639
6,31,0,0,1,-0.00014054975137597702,-3.1500000000000002e-13,0.4167070296862041,-0.00014054975137597702,-3.1500000000000002e-13,0.00011765937542507042
6,32,1,0,2,-0.001447858702137914,0.00044259402037843151,0.10742965417720515,-0.001447858702137914,0.00044259402037843151,0.0055419033655998966
6,33,1,0,2,-0.0018284755165166862,0.00038643829427323926,0.10742965417720515,-0.0018284755165166862,0.00038643829427323926,0.11146874646466665
6,34,2,0,2,-0.0020097365470526408,0.0010360697125936062,0.70511504390094615,-0.0020097365470526408,0.0010360697125936062,0
6,35,2,0,2,1.7673989309024301e-07,-4.4077197886345499e-05,0.70513780593184805,1.7673989309024301e-07,-4.4077197886345499e-05,-0
6,36,2,0,2,-0.001258692261547061,-0.0033968163751195626,1.4694004519370569,-0.001258692261547061,-0.0033968163751195626,-0
6,37,2,0,2,-0.0095600958521775223,0.0068273180804531977,1.4676956674121369,-0.0095600958521775223,0.0068273180804531977,0
6,38,0,0,0,0,0,0.75357845967674864,0,0,0.41464360423732138
6,39,0,0,1,-0.00019882811042590555,-3.1500000000000002e-13,0,-0.00019882811042590555,-3.1500000000000002e-13,1.0010836675554102
6,40,1,0,2,-0.00036759663077504568,-4.8844761529519628e-05,0.75357844895845316,-0.00036759663077504568,-4.8844761529519628e-05,0.00019698760689107356
6,41,1,0,2,-0.00010141131047871898,-5.65351471567227e-06,0.5337666185237695,-0.00010141131047871898,-5.65351471567227e-06,1.9085830518456997e-05
6,42,0,0,0,0,0,0.5337666185237695,0,0,0.41463025913304113
6,43,2,0,2,-0.0014767373682809386,0.001586761591028184,0.71561303132253695,-0.0014767373682809386,0.001586761591028184,-0
6,44,2,0,2,-0.0017402184435873242,0.0029936442110648784,0.71561288344955964,-0.0017402184435873242,0.0029936442110648784,0
6,45,1,0,2,-0.00022218212997769952,-4.5514002799071194e-05,0.055887733838627267,-0.00022218212997769952,-4.5514002799071194e-05,1.0567037853285597
6,46,1,0,2,-0.0032104510041665668,0.00050482101860323031,0.66072608752279638,-0.0032104510041665668,0.00050482101860323031,0.003701749563603422
6,47,0,0,0,0,0,0,0,0,0
6,48,0,0,1,-0.00097264763253489825,3.1500000000000002e-13,0.50668759006217745,-0.00097264763253489825,3.1500000000000002e-13,1.0053591062982044
6,49,0,0,1,-0.002288822811623451,3.1500000000000002e-13,0.66072704638674062,-0.002288822811623451,3.1500000000000002e-13,0.0038155406791228596
6,50,1,0,2,-0.0028033200108385594,0.00082111023506212179,0.50668759006217745,-0.0028033200108385594,0.00082111023506212179,0.0061817095202703204
6,51,0,0,1,-0.00025033857341743529,3.1500000000000002e-13,0.76975100698210064,-0.00025033857341743529,3.1500000000000002e-13,0.39832479087958195
6,52,1,0,2,-0.0029358322199065064,0.0011728260572019932,0.76974961753131854,-0.0029358322199065064,0.0011728260572019932,0.0051071314668721963
6,53,1,0,2,-5.0032650718146723e-05,3.5671818307688385e-06,0.58198218173404825,-5.0032650718146723e-05,3.5671818307688385e-06,2.6294280029792309e-05
6,54,0,0,1,-0.0017528247662049524,3.1500000000000002e-13,0.58198218173404825,-0.0017528247662049524,3.1500000000000002e-13,0.37447038810521899
7,1,0,0,1,-3.9978605469255383e-05,3.1500000000000002e-13,0.37932742203452591,-3.9978605469255383e-05,3.1500000000000002e-13,1.0060895977856801
7,2,0,0,1,-0.00014480864688485293,3.1500000000000002e-13,0.0023223346837263109,-0.00014480864688485293,3.1500000000000002e-13,0.002381419503656443
7,3,0,0,0,0,0,0.37932742203452591,0,0,0.0057774849078856359
7,4,2,0,2,-0.0029454992385016662,0.0034805505585315212,1.4941336234663285,-0.0029454992385016662,0.0034805505585315212,-0
7,5,2,0,2,-0.0010237967872935047,0.0013972934937538288,1.494134261481546,-0.0010237967872935047,0.0013972934937538288,0
7,6,1,0,2,-0.0041266465255221313,-0.00044391615859368727,1.1840652496147139,-0.0041266465255221313,-0.00044391615859368727,0.73502611542308693
7,7,0,0,0,0,0,0.18145637630932188,0,0,1.0080902582290316
7,8,1,0,2,-0.00082400513029944056,9.4342256969408872e-05,1.1840652496147139,-0.00082400513029944056,9.4342256969408872e-05,0.00086809051949157082
7,9,0,0,0,0,0,0.18145692554825416,0,0,1.0021996065698333
7,10,0,0,0,0,0,0,0,0,0.00082232779218501548
7,11,0,0,1,-0.0016112444170016042,-3.1500000000000002e-13,0.90213816662588131,-0.0016112444170016042,-3.1500000000000002e-13,0.11077680128048278
7,12,0,0,1,-0.00085203091003944065,3.1500000000000002e-13,0.42662003721843128,-0.00085203091003944065,3.1500000000000002e-13,0.73554215440011961
7,13,1,0,2,-0.00067743530649806032,-4.7083884639977676e-05,0.90213816662588131,-0.00067743530649806032,-4.7083884639977676e-05,1.0042169903074487
7,14,1,0,2,-0.0011347722039435312,-5.1063903455855506e-05,0.42661987310327615,-0.0011347722039435312,-5.1063903455855506e-05,0.0098777007058729587
7,15,2,0,2,-1.317424875812111e-05,0.0013464077066487412,1.0488498200314553,-1.317424875812111e-05,0.0013464077066487412,0
7,16,2,0,2,-0.0038343354811422288,0.00092529802022385684,1.0488480681637706,-0.0038343354811422288,0.00092529802022385684,-0
7,17,0,0,0,0,0,0.97388132825729912,0,0,0.37341660673285609
7,18,1,0,2,-0.00020895503134863873,-7.3730589811098787e-06,0.0013106107483323419,-0.00020895503134863873,-7.3730589811098787e-06,1.0034447423508739
7,19,0,0,1,-0.00026804393360681559,3.1500000000000002e-13,0.97388132044291964,-0.00026804393360681559,3.1500000000000002e-13,0.0013411990092032425
7,20,0,0,0,0,0,0.9053161303079067,0,0,0.99974902357360673
7,21,0,0,0,0,0,0.9053161303079067,0,0,4.9757388748010465e-05
7,22,1,0,2,-0.0012215469905949849,0.0002945998605397974,0.93195238835902461,-0.0012215469905949849,0.0002945998605397974,0.35397214877029337
7,23,1,0,2,-0.002057199774494672,0.0004144729689049189,0.93195202090742624,-0.002057199774494672,0.0004144729689049189,0.059277502945518146
7,24,0,0,0,0,0,0.51252613318260543,0,0,0.35522611908544399
7,25,1,0,2,-0.0033114513791000777,0.00059280358240083419,0.5125234689739413,-0.0033114513791000777,0.00059280358240083419,0.40038041882988479
7,26,2,0,2,-0.00554910221093214,0.0032410165969713632,1.1262472364975435,-0.00554910221093214,0.0032410165969713632,-0
7,27,2,0,2,-0.00052516905376443987,-0.00030011189337217538,1.1264000967363501,-0.00052516905376443987,-0.00030011189337217538,0
7,28,2,0,2,-0.0010922877956682947,0.001714184211817139,0.51623001093672183,-0.0010922877956682947,0.001714184211817139,0
7,29,2,0,2,0.0015567153017873761,0.0017088724370527308,0.51622971301512321,0.0015567153017873761,0.0017088724370527308,-0
7,30,0,0,0,0,0,0.41667824397748926,0,0,0.99946552021052881
7,31,0,0,1,-0.00012171193418809994,-3.1500000000000002e-13,0.41667824397748926,-0.00012171193418809994,-3.1500000000000002e-13,7.0989462365810685e-05
7,32,1,0,2,-0.0013823661925980947,0.00039589925742401083,0.10742247077005002,-0.0013823661925980947,0.00039589925742401083,0.0055419033655998966
7,33,1,0,2,-0.0018587623185115606,0.00031023310982597338,0.10742247077005002,-0.0018587623185115606,0.00031023310982597338,0.11146874646466665
7,34,2,0,2,-0.0020285483097059404,0.0010494219637056791,0.70509293343711743,-0.0020285483097059404,0.0010494219637056791,0
7,35,2,0,2,3.2031918209019356e-05,-6.2576472062247655e-05,0.70512498181767658,3.2031918209019356e-05,-6.2576472062247655e-05,-0
7,36,2,0,2,-0.0011931488867585622,-0.003705932529435007,1.4691200222894039,-0.0011931488867585622,-0.003705932529435007,-0
7,37,2,0,2,-0.0097295633676738429,0.007301880956563785,1.4672603022199808,-0.0097295633676738429,0.007301880956563785,0
7,38,0,0,0,0,0,0.7536960508035786,0,0,0.4146089564482095
7,39,0,0,1,-0.00012754229300138655,-3.1500000000000002e-13,0,-0.00012754229300138655,-3.1500000000000002e-13,1.0006766127542841
7,40,0,0,1,-0.00023248798776331464,-3.1500000000000002e-13,0.75369605950739671,-0.00023248798776331464,-3.1500000000000002e-13,0.0001016908509177501
7,41,1,0,2,-9.9973582270692179e-05,-6.8935392023701041e-06,0.53375710836293166,-9.9973582270692179e-05,-6.8935392023701041e-06,1.9085830518456997e-05
7,42,0,0,0,0,0,0.53375710836293166,0,0,0.41458224120593423
7,43,2,0,2,-0.0014788336272393583,0.0015923740354979912,0.7155813926849578,-0.0014788336272393583,0.0015923740354979912,-0
7,44,2,0,2,-0.0016976226857619563,0.0031943053089703759,0.71558127140957806,-0.0016976226857619563,0.0031943053089703759,0
7,45,0,0,1,-0.00013629622279481393,-3.1500000000000002e-13,0.055887896174120502,-0.00013629622279481393,-3.1500000000000002e-13,1.0560958700501613
7,46,1,0,2,-0.003124373173003926,0.00052623518412665187,0.66072852651839409,-0.003124373173003926,0.00052623518412665187,0.003701749563603422
7,47,0,0,0,0,0,0,0,0,0
7,48,0,0,1,-0.00096675707879020239,3.1500000000000002e-13,0.50667774872770299,-0.00096675707879020239,3.1500000000000002e-13,1.0053896548749863
7,49,0,0,1,-0.0022910016953857667,3.1500000000000002e-13,0.66072938029366501,-0.0022910016953857667,3.1500000000000002e-13,0.0038392456254630319
7,50,1,0,2,-0.0029083967627848324,0.00084277313381741787,0.50667774872770299,-0.0029083967627848324,0.00084277313381741787,0.0061817095202703204
7,51,0,0,1,-0.00029550007197476586,3.1500000000000002e-13,0.76966478215293022,-0.00029550007197476586,3.1500000000000002e-13,0.39839433690970683
7,52,1,0,2,-0.0028944233287237142,0.0012129729544632633,0.76966343556842198,-0.0028944233287237142,0.0012129729544632633,0.0051071314668721963
7,53,1,0,2,-4.7596723531769203e-05,1.9170759390029857e-06,0.58204520975827001,-4.7596723531769203e-05,1.9170759390029857e-06,2.6294280029792309e-05
7,54,0,0,1,-0.0019104773155363124,3.1500000000000002e-13,0.58204520975827001,-0.0019104773155363124,3.1500000000000002e-13,0.37450771405801198
7,1,0,1,0,0.00014798668357538837,3.1500000000000002e-13,0.37932742203452591,-3.9978605469255383e-05,3.1500000000000002e-13,1.0060895977856801
7,2,0,1,0,4.1992556516658928e-05,3.1500000000000002e-13,0.0023223346837263109,-0.00014480864688485293,3.1500000000000002e-13,0.002381419503656443
7,3,0,0,0,0.0022058216949226712,0,0.37932742203452591,0,0,0.0057774849078856359
7,4,2,2,2,-0.0029492993053951153,0.0034757510713715007,1.4941336234663285,-0.0029454992385016662,0.0034805505585315212,-0
7,5,2,2,2,-0.0010678213386373721,0.0017265132178373869,1.494134261481546,-0.0010237967872935047,0.0013972934937538288,0
7,6,1,2,2,-0.0042582437352016366,-0.00066673127806627405,1.1840652496147139,-0.0041266465255221313,-0.00044391615859368727,0.73502611542308693
7,7,0,0,0,0.0009021412327055384,0,0.18145637630932188,0,0,1.0080902582290316
7,8,1,2,2,-0.00048860273448401103,3.6600186385054108e-05,1.1840652496147139,-0.00082400513029944056,9.4342256969408872e-05,0.00086809051949157082
7,9,0,0,0,0.0014955380400980618,0,0.18145692554825416,0,0,1.0021996065698333
7,10,0,0,0,0.0010668259676284392,0,0,0,0,0.00082232779218501548
7,11,0,1,1,-0.0017513591235021402,-0.00047310825516456892,0.90213816662588131,-0.0016112444170016042,-3.1500000000000002e-13,0.11077680128048278
7,12,0,1,1,-0.00084073197620282598,4.8964261900910261e-05,0.42662003721843128,-0.00085203091003944065,3.1500000000000002e-13,0.73554215440011961
7,13,1,2,2,-0.00070611162940428145,-0.00018266661723478691,0.90213816662588131,-0.00067743530649806032,-4.7083884639977676e-05,1.0042169903074487
7,14,1,2,2,-0.0011559249789750107,-0.00018787705550955055,0.42661987310327615,-0.0011347722039435312,-5.1063903455855506e-05,0.0098777007058729587
7,15,2,2,2,0.00024838480548316252,0.0016190692540735347,1.0488498200314553,-1.317424875812111e-05,0.0013464077066487412,0
7,16,2,2,2,-0.0040234461656502773,0.0012345987610092657,1.0488480681637706,-0.0038343354811422288,0.00092529802022385684,-0
7,17,0,0,0,-0.00013620436941314933,0,0.97388132825729912,0,0,0.37341660673285609
7,18,1,2,1,-7.8652038414592977e-05,3.9990817488756737e-05,0.0013106107483323419,-0.00020895503134863873,-7.3730589811098787e-06,1.0034447423508739
7,19,0,1,1,-0.00013881111707181903,5.0223677896485152e-05,0.97388132044291964,-0.00026804393360681559,3.1500000000000002e-13,0.0013411990092032425
7,20,0,0,0,0.0027992444854319353,0,0.9053161303079067,0,0,0.99974902357360673
7,21,0,0,0,0.0044082460758924531,0,0.9053161303079067,0,0,4.9757388748010465e-05
7,22,1,2,2,-0.0013090051436254054,0.00030167796399125822,0.93195238835902461,-0.0012215469905949849,0.0002945998605397974,0.35397214877029337
7,23,1,2,2,-0.0020092712484155555,0.0003904152610705195,0.93195202090742624,-0.002057199774494672,0.0004144729689049189,0.059277502945518146
7,24,0,0,0,0.00030229151108790371,0,0.51252613318260543,0,0,0.35522611908544399
7,25,1,2,2,-0.0034395070193447355,0.00065510070701122586,0.5125234689739413,-0.0033114513791000777,0.00059280358240083419,0.40038041882988479
7,26,2,2,2,-0.0056203190607305937,0.0032364103605120077,1.1262472364975435,-0.00554910221093214,0.0032410165969713632,-0
7,27,2,2,2,-0.0005826396149160736,-0.00042379609159414752,1.1264000967363501,-0.00052516905376443987,-0.00030011189337217538,0
7,28,2,2,2,-0.0010489519592511787,0.0017531298441317599,0.51623001093672183,-0.0010922877956682947,0.001714184211817139,0
7,29,2,2,2,0.0016119279240037348,0.0017289259057836188,0.51622971301512321,0.0015567153017873761,0.0017088724370527308,-0
7,30,0,0,0,0.0020903761103819064,0,0.41667824397748926,0,0,0.99946552021052881
7,31,0,1,1,-9.8483338213048089e-05,-1.9150168155499607e-05,0.41667824397748926,-0.00012171193418809994,-3.1500000000000002e-13,7.0989462365810685e-05
7,32,1,2,2,-0.0013171638910986386,0.0002457595870139313,0.10742247077005002,-0.0013823661925980947,0.00039589925742401083,0.0055419033655998966
7,33,1,2,2,-0.0018837118270002872,0.00014832347247218424,0.10742247077005002,-0.0018587623185115606,0.00031023310982597338,0.11146874646466665
7,34,2,2,2,-0.0020476423730408375,0.0010642208641766049,0.70509293343711743,-0.0020285483097059404,0.0010494219637056791,0
7,35,2,2,2,6.3977765277394366e-05,-8.2820809380014911e-05,0.70512498181767658,3.2031918209019356e-05,-6.2576472062247655e-05,-0
7,36,2,2,2,-0.0011313399566903765,-0.0040068898194854539,1.4691200222894039,-0.0011931488867585622,-0.003705932529435007,-0
7,37,2,2,2,-0.0098533563379892691,0.0076912088465115099,1.4672603022199808,-0.0097295633676738429,0.007301880956563785,0
7,38,0,0,0,0.00038543926667415043,0,0.7536960508035786,0,0,0.4146089564482095
7,39,0,1,1,-8.5532232996030652e-05,-0.00019309293815082071,0,-0.00012754229300138655,-3.1500000000000002e-13,1.0006766127542841
7,40,0,1,1,-0.00010125438861258482,-0.00014770343181492304,0.75369605950739671,-0.00023248798776331464,-3.1500000000000002e-13,0.0001016908509177501
7,41,1,2,2,-9.8386901230105561e-05,-8.4190002049513532e-06,0.53375710836293166,-9.9973582270692179e-05,-6.8935392023701041e-06,1.9085830518456997e-05
7,42,0,0,0,0.00038294596914535862,0,0.53375710836293166,0,0,0.41458224120593423
7,43,2,2,2,-0.0014843809960324447,0.0015934069146656318,0.7155813926849578,-0.0014788336272393583,0.0015923740354979912,-0
7,44,2,2,2,-0.0016178443708346696,0.003366488189656324,0.71558127140957806,-0.0016976226857619563,0.0031943053089703759,0
7,45,0,1,1,-5.2669002924579531e-05,-4.7320082283089313e-05,0.055887896174120502,-0.00013629622279481393,-3.1500000000000002e-13,1.0560958700501613
7,46,1,2,2,-0.0030282611888502514,0.00052465058162926904,0.66072852651839409,-0.003124373173003926,0.00052623518412665187,0.003701749563603422
7,47,0,0,0,0.00035087451955063698,0,0,0,0,0
7,48,0,1,1,-0.00096200043946738378,3.0045848221744654e-05,0.50667774872770299,-0.00096675707879020239,3.1500000000000002e-13,1.0053896548749863
7,49,0,1,1,-0.0022939932772131789,3.0060604871613192e-05,0.66072938029366501,-0.0022910016953857667,3.1500000000000002e-13,0.0038392456254630319
7,50,1,2,2,-0.0030173329765037795,0.00087721699288699289,0.50667774872770299,-0.0029083967627848324,0.00084277313381741787,0.0061817095202703204
7,51,0,1,1,-0.00036035409798597178,2.9009777325595872e-05,0.76966478215293022,-0.00029550007197476586,3.1500000000000002e-13,0.39839433690970683
7,52,1,2,2,-0.0028470955324153189,0.0012092667365089351,0.76966343556842198,-0.0028944233287237142,0.0012129729544632633,0.0051071314668721963
7,53,1,2,2,-4.5092903281481752e-05,-7.3223172301241109e-08,0.58204520975827001,-4.7596723531769203e-05,1.9170759390029857e-06,2.6294280029792309e-05
7,54,0,1,1,-0.0020610068371386221,0.00015935356048985919,0.58204520975827001,-0.0019104773155363124,3.1500000000000002e-13,0.37450771405801198
8,1,0,0,0,0,0,0.3792701998187723,0,0,1.0062491011254595
8,2,0,0,0,0,0,0.0023866167030218953,0,0,0.00244704861392726
8,3,0,0,0,0,0,0.3792701998187723,0,0,0.0060327630479471758
8,4,2,0,2,-0.0029508491767248272,0.0034762574589551776,1.4942310388345512,-0.0029508491767248272,0.0034762574589551776,-0
8,5,2,0,2,-0.0010661018826281436,0.0017087496612358433,1.4942316721179247,-0.0010661018826281436,0.0017087496612358433,0
8,6,1,0,2,-0.0042499572649793158,-0.00068092772543509503,1.184194555715909,-0.0042499572649793158,-0.00068092772543509503,0.73502611542308693
8,7,0,0,0,0,0,0.18160077700924843,0,0,1.007486371613449
8,8,1,0,2,-0.00050324761169669402,1.5182669507605691e-05,1.184194555715909,-0.00050324761169669402,1.5182669507605691e-05,0.00086809051949157082
8,9,0,0,0,0,0,0.18160172068718008,0,0,1.0012853163820494
8,10,0,0,0,0,0,0,0,0,0.0007489399848938723
8,11,0,0,1,-0.0017438155687058837,-3.1500000000000002e-13,0.90234550533706803,-0.0017438155687058837,-3.1500000000000002e-13,0.11055619333803249
8,12,0,0,1,-0.00084085909725678163,3.1500000000000002e-13,0.42667258297613841,-0.00084085909725678163,3.1500000000000002e-13,0.73555607149167823
8,13,1,0,2,-0.00070367773324182576,-0.00017848379081976596,0.90234550533706803,-0.00070367773324182576,-0.00017848379081976596,1.0042169903074487
8,14,1,0,2,-0.0011537273264729544,-0.00018355195050455113,0.42667240057553513,-0.0011537273264729544,-0.00018355195050455113,0.0098777007058729587
8,15,2,0,2,0.00023546665493104059,0.0016120302868367349,1.0487656224568083,0.00023546665493104059,0.0016120302868367349,0
8,16,2,0,2,-0.0040441814313725679,0.0012097740374263683,1.048763679989356,-0.0040441814313725679,0.0012097740374263683,-0
8,17,0,0,0,0,0,0.97394233624136906,0,0,0.3733651420879352
8,18,0,0,1,-4.7683210026579621e-05,3.1500000000000002e-13,0.0013627100616371952,-4.7683210026579621e-05,3.1500000000000002e-13,1.0035713039289127
8,19,0,0,1,-0.00010912573149565079,3.1500000000000002e-13,0.97394233595135138,-0.00010912573149565079,3.1500000000000002e-13,0.0013963112647471718
8,20,0,0,0,0,0,0.90522465099456262,0,0,0.99980313647560404
8,21,0,0,0,0,0,0.90522465099456262,0,0,0.00022777908756830455
8,22,1,0,2,-0.0012682185575372056,0.00032785866934758673,0.93197346063907771,-0.0012682185575372056,0.00032785866934758673,0.35397214877029337
8,23,1,0,2,-0.0020274932898706726,0.00037672878574916533,0.93197312504892804,-0.0020274932898706726,0.00037672878574916533,0.059277502945518146
8,24,0,0,0,0,0,0.51256699897166003,0,0,0.35524007670996421
8,25,1,0,2,-0.0033955598711996309,0.00067961642998857184,0.51256420689068805,-0.0033955598711996309,0.00067961642998857184,0.40038041882988479
8,26,2,0,2,-0.005608555883596815,0.003276677023371036,1.1261834067553489,-0.005608555883596815,0.003276677023371036,-0
8,27,2,0,2,-0.00058028088324236051,-0.00040546917565221856,1.1263889573943362,-0.00058028088324236051,-0.00040546917565221856,0
8,28,2,0,2,-0.0010060747061947138,0.0018023282819407769,0.51619140281831433,-0.0010060747061947138,0.0018023282819407769,0
8,29,2,0,2,0.0016316840669201641,0.0017351190907275711,0.51619100314293642,0.0016316840669201641,0.0017351190907275711,-0
8,30,0,0,0,0,0,0.41666739356294363,0,0,0.99950878665346832
8,31,0,0,1,-0.00010693308724170731,-3.1500000000000002e-13,0.41666739356294363,-0.00010693308724170731,-3.1500000000000002e-13,4.0315046612001574e-05
8,32,1,0,2,-0.0013169138033854886,0.00025737798318178505,0.10741333138139482,-0.0013169138033854886,0.00025737798318178505,0.0055419033655998966
8,33,1,0,2,-0.0018830004210508395,0.00015736190644891347,0.10741333138139482,-0.0018830004210508395,0.00015736190644891347,0.11146874646466665
8,34,2,0,2,-0.0020475899006980902,0.0010649406640372086,0.70506725285555027,-0.0020475899006980902,0.0010649406640372086,0
8,35,2,0,2,6.3826143626538568e-05,-8.3963667686992943e-05,0.70511003467979272,6.3826143626538568e-05,-8.3963667686992943e-05,-0
8,36,2,0,2,-0.0011183791082509506,-0.0040093261479842695,1.46886683817284,-0.0011183791082509506,-0.0040093261479842695,-0
8,37,2,0,2,-0.0098684444143100503,0.0077081458109837251,1.4668551233093876,-0.0098684444143100503,0.0077081458109837251,0
8,38,0,0,0,0,0,0.75385117599289975,0,0,0.41455842133723853
8,39,0,0,1,-0.00010152445601937623,-3.1500000000000002e-13,0,-0.00010152445601937623,-3.1500000000000002e-13,1.0000893184282427
8,40,0,0,1,-0.00010450460319045077,-3.1500000000000002e-13,0.75385121617198692,-0.00010450460319045077,-3.1500000000000002e-13,-1.4078166739151598e-05
8,41,1,0,2,-9.824641197476506e-05,-8.6558247069366065e-06,0.533745900400449,-9.824641197476506e-05,-8.6558247069366065e-06,1.9085830518456997e-05
8,42,0,0,0,0,0,0.533745900400449,0,0,0.41451748110449216
8,43,2,0,2,-0.0014877560324269748,0.0015832777215310893,0.71558521328859681,-0.0014877560324269748,0.0015832777215310893,-0
8,44,2,0,2,-0.0016244415172572252,0.0032970917220079147,0.71558513905334931,-0.0016244415172572252,0.0032970917220079147,0
8,45,0,0,1,-5.0035355382038702e-05,-3.1500000000000002e-13,0.055886674657144114,-5.0035355382038702e-05,-3.1500000000000002e-13,1.0554887297800533
8,46,1,0,2,-0.0030161203975418937,0.00050782819825575978,0.66073494623503104,-0.0030161203975418937,0.00050782819825575978,0.003701749563603422
8,47,0,0,0,0,0,0,0,0,0
8,48,0,0,1,-0.00096731780986301431,3.1500000000000002e-13,0.50666047065250519,-0.00096731780986301431,3.1500000000000002e-13,1.0054076585427394
8,49,0,0,1,-0.0022962293011867516,3.1500000000000002e-13,0.66073566978833653,-0.0022962293011867516,3.1500000000000002e-13,0.0038524350123975825
8,50,1,0,2,-0.003021342201540348,0.00088083396325435749,0.50666047065250519,-0.003021342201540348,0.00088083396325435749,0.0061817095202703204
8,51,0,0,1,-0.00034765050054171508,3.1500000000000002e-13,0.76964809585084215,-0.00034765050054171508,3.1500000000000002e-13,0.39840424053913892
8,52,1,0,2,-0.002866621811377828,0.0011904559052585213,0.76964678084227711,-0.002866621811377828,0.0011904559052585213,0.0051071314668721963
8,53,1,0,2,-4.5267970125859201e-05,-7.2272558252820056e-07,0.58212926445964785,-4.5267970125859201e-05,-7.2272558252820056e-07,2.6294280029792309e-05
8,54,0,0,1,-0.0020530226711028034,3.1500000000000002e-13,0.58212926445964785,-0.0020530226711028034,3.1500000000000002e-13,0.37456824418607865
8,1,0,0,0,0.00060151867001639067,0,0.3792701998187723,0,0,1.0062491011254595
8,2,0,0,0,0.00049410035476567758,0,0.0023866167030218953,0,0,0.00244704861392726
8,3,0,0,0,0.0028855201810477596,0,0.3792701998187723,0,0,0.0060327630479471758
8,4,2,2,2,-0.0029555846479284741,0.003469894697621689,1.4942310388345512,-0.0029508491767248272,0.0034762574589551776,-0
8,5,2,2,2,-0.0010998262237586994,0.0019849534114164008,1.4942316721179247,-0.0010661018826281436,0.0017087496612358433,0
8,6,1,2,2,-0.0043670628918816177,-0.00090017091682785782,1.184194555715909,-0.0042499572649793158,-0.00068092772543509503,0.73502611542308693
8,7,0,0,0,0.0011098450403767553,0,0.18160077700924843,0,0,1.007486371613449
8,8,1,2,2,-0.0002056098724220711,-5.2087848139763022e-05,1.184194555715909,-0.00050324761169669402,1.5182669507605691e-05,0.00086809051949157082
8,9,0,0,0,0.0018167152270060307,0,0.18160172068718008,0,0,1.0012853163820494
8,10,0,0,0,0.0015053103810111184,0,0,0,0,0.0007489399848938723
8,11,0,1,1,-0.0018672876087756621,-0.00039191542630224264,0.90234550533706803,-0.0017438155687058837,-3.1500000000000002e-13,0.11055619333803249
8,12,0,1,1,-0.00083195555802973299,4.8579094118036929e-05,0.42667258297613841,-0.00084085909725678163,3.1500000000000002e-13,0.73555607149167823
8,13,1,2,2,-0.00072839301949647727,-0.00028996392688011461,0.90234550533706803,-0.00070367773324182576,-0.00017848379081976596,1.0042169903074487
8,14,1,2,2,-0.0011722798161343825,-0.00029605214062983573,0.42667240057553513,-0.0011537273264729544,-0.00018355195050455113,0.0098777007058729587
8,15,2,2,2,0.00050169781878754152,0.0018340031845598286,1.0487656224568083,0.00023546665493104059,0.0016120302868367349,0
8,16,2,2,2,-0.0042656542395135529,0.0014621024803820628,1.048763679989356,-0.0040441814313725679,0.0012097740374263683,-0
8,17,0,0,0,-0.00025573055252921966,0,0.97394233624136906,0,0,0.3733651420879352
8,18,0,1,0,0.0001279650742797622,3.1500000000000002e-13,0.0013627100616371952,-4.7683210026579621e-05,3.1500000000000002e-13,1.0035713039289127
8,19,0,1,0,6.8434497838101475e-05,3.1500000000000002e-13,0.97394233595135138,-0.00010912573149565079,3.1500000000000002e-13,0.0013963112647471718
8,20,0,0,0,0.0031992016747793379,0,0.90522465099456262,0,0,0.99980313647560404
8,21,0,0,0,0.0053240579049769919,0,0.90522465099456262,0,0,0.00022777908756830455
8,22,1,2,2,-0.0012904246001952406,0.00029280141440846179,0.93197346063907771,-0.0012682185575372056,0.00032785866934758673,0.35397214877029337
8,23,1,2,2,-0.0020117401213544626,0.00038799681035021297,0.93197312504892804,-0.0020274932898706726,0.00037672878574916533,0.059277502945518146
8,24,0,0,0,0.00037186205961356976,0,0.51256699897166003,0,0,0.35524007670996421
8,25,1,2,2,-0.0034470682026699197,0.00065898282977087735,0.51256420689068805,-0.0033955598711996309,0.00067961642998857184,0.40038041882988479
8,26,2,2,2,-0.0056351079839582789,0.0032965006167323132,1.1261834067553489,-0.005608555883596815,0.003276677023371036,-0
8,27,2,2,2,-0.00061650549346976336,-0.00056155034040831142,1.1263889573943362,-0.00058028088324236051,-0.00040546917565221856,0
8,28,2,2,2,-0.00090638364735072963,0.0019741625552755632,0.51619140281831433,-0.0010060747061947138,0.0018023282819407769,0
8,29,2,2,2,0.0017017145751826652,0.0018054030256334024,0.51619100314293642,0.0016316840669201641,0.0017351190907275711,-0
8,30,0,0,0,0.0023938041492536279,0,0.41666739356294363,0,0,0.99950878665346832
8,31,0,1,1,-9.7665271078041044e-05,-5.6351291521650261e-06,0.41666739356294363,-0.00010693308724170731,-3.1500000000000002e-13,4.0315046612001574e-05
8,32,1,2,2,-0.0012530456360529811,0.00014071783839531216,0.10741333138139482,-0.0013169138033854886,0.00025737798318178505,0.0055419033655998966
8,33,1,2,2,-0.0019073627828113935,2.5078291404718003e-05,0.10741333138139482,-0.0018830004210508395,0.00015736190644891347,0.11146874646466665
8,34,2,2,2,-0.0020661212119649332,0.0010806927380356453,0.70506725285555027,-0.0020475899006980902,0.0010649406640372086,0
8,35,2,2,2,9.4854373631967959e-05,-0.00010605299342953535,0.70511003467979272,6.3826143626538568e-05,-8.3963667686992943e-05,-0
8,36,2,2,2,-0.0010459510342043206,-0.0042964331110731929,1.46886683817284,-0.0011183791082509506,-0.0040093261479842695,-0
8,37,2,2,2,-0.010013700338079624,0.0081224082359856089,1.4668551233093876,-0.0098684444143100503,0.0077081458109837251,0
8,38,0,0,0,0.00043271832998232582,0,0.75385117599289975,0,0,0.41455842133723853
8,39,0,1,1,-6.3474840123401804e-05,-0.00015726579711497534,0,-0.00010152445601937623,-3.1500000000000002e-13,1.0000893184282427
8,40,0,1,0,5.7143373242818493e-06,-3.1500000000000002e-13,0.75385121617198692,-0.00010450460319045077,-3.1500000000000002e-13,-1.4078166739151598e-05
8,41,1,2,2,-9.6533040152101661e-05,-9.9682764648945956e-06,0.533745900400449,-9.824641197476506e-05,-8.6558247069366065e-06,1.9085830518456997e-05
8,42,0,0,0,0.00043955432823720769,0,0.533745900400449,0,0,0.41451748110449216
8,43,2,2,2,-0.001487037151866787,0.0015639764940443587,0.71558521328859681,-0.0014877560324269748,0.0015832777215310893,-0
8,44,2,2,2,-0.0016033318034891695,0.0034201432031942102,0.71558513905334931,-0.0016244415172572252,0.0032970917220079147,0
8,45,0,1,0,4.8282418573334267e-05,-3.1500000000000002e-13,0.055886674657144114,-5.0035355382038702e-05,-3.1500000000000002e-13,1.0554887297800533
8,46,1,2,2,-0.0029341942895860403,0.00056250260520602298,0.66073494623503104,-0.0030161203975418937,0.00050782819825575978,0.003701749563603422
8,47,0,0,0,0.00046620955990866759,0,0,0,0,0
8,48,0,1,1,-0.00096897037723254022,3.042112926472207e-05,0.50666047065250519,-0.00096731780986301431,3.1500000000000002e-13,1.0054076585427394
8,49,0,1,1,-0.0023054790811252641,2.8858133469258758e-05,0.66073566978833653,-0.0022962293011867516,3.1500000000000002e-13,0.0038524350123975825
8,50,1,2,2,-0.0031262790239121709,0.00087066137531833707,0.50666047065250519,-0.003021342201540348,0.00088083396325435749,0.0061817095202703204
8,51,0,1,2,-0.00038674777627006136,-5.1220388170953125e-05,0.76964809585084215,-0.00034765050054171508,3.1500000000000002e-13,0.39840424053913892
8,52,1,2,2,-0.0028504288920132145,0.0011963755325582932,0.76964678084227711,-0.002866621811377828,0.0011904559052585213,0.0051071314668721963
8,53,1,2,2,-4.2882711903322507e-05,-2.9288821798438505e-06,0.58212926445964785,-4.5267970125859201e-05,-7.2272558252820056e-07,2.6294280029792309e-05
8,54,0,1,1,-0.002188458450399328,9.7425519161888091e-05,0.58212926445964785,-0.0020530226711028034,3.1500000000000002e-13,0.37456824418607865
9,1,0,0,0,0,0,0.3792353834847173,0,0,1.0063204839024709
9,2,0,0,0,0,0,0.0024190668432980773,0,0,0.0024800373628228222
9,3,0,0,0,0,0,0.3792353834847173,0,0,0.006225892391219629
9,4,2,0,2,-0.0029575511454606957,0.0034716416639987632,1.4943416161399576,-0.0029575511454606957,0.0034716416639987632,-0
9,5,2,0,2,-0.001099967820775191,0.0019745275933378899,1.4943422465394867,-0.001099967820775191,0.0019745275933378899,0
9,6,1,0,2,-0.0043590896013592931,-0.00091616435046905983,1.1843283205235735,-0.0043590896013592931,-0.00091616435046905983,0.73502611542308693
9,7,0,0,0,0,0,0.18174333820109498,0,0,1.0068934121364641
9,8,1,0,2,-0.00022754399930709532,-8.3489280105100559e-05,1.1843283205235735,-0.00022754399930709532,-8.3489280105100559e-05,0.00086809051949157082
9,9,0,0,0,0,0,0.18174470178840518,0,0,1.0003827826690761
9,10,0,0,0,0,0,0,0,0,0.00065780070012217741
9,11,0,0,1,-0.0018613903672269213,-3.1500000000000002e-13,0.90253799970836568,-0.0018613903672269213,-3.1500000000000002e-13,0.11036990168911121
9,12,0,0,1,-0.00083157712460951467,3.1500000000000002e-13,0.42672254957106165,-0.00083157712460951467,3.1500000000000002e-13,0.73557020239633197
9,13,1,0,2,-0.00072613392164073704,-0.00028888797899684083,0.90253799970836568,-0.00072613392164073704,-0.00028888797899684083,1.0042169903074487
9,14,1,0,2,-0.0011700862892074801,-0.00029483698940547165,0.4267223515246335,-0.0011700862892074801,-0.00029483698940547165,0.0098777007058729587
9,15,2,0,2,0.00047977802571145883,0.0018045326867827068,1.0487162898854163,0.00047977802571145883,0.0018045326867827068,0
9,16,2,0,2,-0.0042932978895759109,0.0014145070266964714,1.0487141205748409,-0.0042932978895759109,0.0014145070266964714,-0
9,17,0,0,0,0,0,0.97402749952291001,0,0,0.37331114254436815
9,18,0,0,0,0,0,0.0013846060287916922,0,0,1.0036283155015984
9,19,0,0,0,0,0,0.97402749281891443,0,0,0.0014229737801862536
9,20,0,0,0,0,0,0.90513426424262078,0,0,0.99988090733912438
9,21,0,0,0,0,0,0.90513426424262078,0,0,0.00039127480455152457
9,22,1,0,2,-0.0012626099492934226,0.00031233664118996655,0.93197404523439764,-0.0012626099492934226,0.00031233664118996655,0.35397214877029337
9,23,1,0,2,-0.0020161486368946925,0.00037513880743424063,0.93197371391302108,-0.0020161486368946925,0.00037513880743424063,0.059277502945518146
9,24,0,0,0,0,0,0.51258080019101704,0,0,0.35525237522390185
9,25,1,0,2,-0.0034165896464069421,0.00071088796829050127,0.51257798116575493,-0.0034165896464069421,0.00071088796829050127,0.40038041882988479
9,26,2,0,2,-0.0056088126284814859,0.0032543061108926243,1.1261351570598208,-0.0056088126284814859,0.0032543061108926243,-0
9,27,2,0,2,-0.00058229386899207828,-0.00052410561344939835,1.1264000225453716,-0.00058229386899207828,-0.00052410561344939835,0
9,28,2,0,2,-0.00096285038107122298,0.0018491536860818466,0.51617132713844438,-0.00096285038107122298,0.0018491536860818466,0
9,29,2,0,2,0.0016720027791984615,0.0017340343784032416,0.51617087458925293,0.0016720027791984615,0.0017340343784032416,-0
9,30,0,0,0,0,0,0.41665909225385528,0,0,0.99955771574128049
9,31,0,0,1,-0.00010879985636551141,-3.1500000000000002e-13,0.41665909225385528,-0.00010879985636551141,-3.1500000000000002e-13,1.0812640346649099e-05
9,32,1,0,2,-0.0012523749195024194,0.00014813095564550054,0.10740464369287685,-0.0012523749195024194,0.00014813095564550054,0.0055419033655998966
9,33,1,0,2,-0.0019064893785342488,2.9902576033103025e-05,0.10740464369287685,-0.0019064893785342488,2.9902576033103025e-05,0.11146874646466665
9,34,2,0,2,-0.0020663268951296131,0.0010822446800064583,0.70503874228337826,-0.0020663268951296131,0.0010822446800064583,0
9,35,2,0,2,9.5104902038518712e-05,-0.00010846044692257226,0.70509381217335154,9.5104902038518712e-05,-0.00010846044692257226,-0
9,36,2,0,2,-0.0010317799982935004,-0.0043015861568142478,1.4685917314738073,-0.0010317799982935004,-0.0043015861568142478,-0
9,37,2,0,2,-0.010030472156261665,0.0081474200192240154,1.4664334427771504,-0.010030472156261665,0.0081474200192240154,0
9,38,0,0,0,0,0,0.75393248221356846,0,0,0.41451213806373621
9,39,0,0,1,-6.887273509369017e-05,-3.1500000000000002e-13,0,-6.887273509369017e-05,-3.1500000000000002e-13,0.99958340431063075
9,40,0,0,0,0,0,0.75393251216379897,0,0,-0.00011050898346967746
9,41,1,0,2,-9.668089161588345e-05,-1.0227603788066157e-05,0.53373454542234866,-9.668089161588345e-05,-1.0227603788066157e-05,1.9085830518456997e-05
9,42,0,0,0,0,0,0.53373454542234866,0,0,0.41445616425857473
9,43,2,0,2,-0.001484610425608171,0.0015747995462849905,0.71558295791714421,-0.001484610425608171,0.0015747995462849905,-0
9,44,2,0,2,-0.0016350895108370215,0.0033651665378399138,0.71558287596041736,-0.0016350895108370215,0.0033651665378399138,0
9,45,0,0,0,0,0,0.055886751012851885,0,0,1.0552158047121487
9,46,1,0,2,-0.0029730273307033567,0.00049661573598183293,0.66074279532829627,-0.0029730273307033567,0.00049661573598183293,0.003701749563603422
9,47,0,0,0,0,0,0,0,0,0
9,48,0,0,1,-0.00096997828420687009,3.1500000000000002e-13,0.50665761579059132,-0.00096997828420687009,3.1500000000000002e-13,1.0054147300383731
9,49,0,0,1,-0.0023006451988547452,3.1500000000000002e-13,0.66074346617034485,-0.0023006451988547452,3.1500000000000002e-13,0.0038571432090663024
9,50,1,0,2,-0.0030716103156752756,0.00089077570820288155,0.50665761579059132,-0.0030716103156752756,0.00089077570820288155,0.0061817095202703204
9,51,1,0,2,-0.00035654274244250922,5.0186866716898694e-05,0.76962020273468679,-0.00035654274244250922,5.0186866716898694e-05,0.39840424053913892
9,52,1,0,2,-0.002863016237907925,0.0012090171101111497,0.76961889208100653,-0.002863016237907925,0.0012090171101111497,0.0051071314668721963
9,53,1,0,2,-4.2929884301805639e-05,-3.5534824722972369e-06,0.58220779887396301,-4.2929884301805639e-05,-3.5534824722972369e-06,2.6294280029792309e-05
9,54,0,0,1,-0.0021261293739668419,3.1500000000000002e-13,0.58220779887396301,-0.0021261293739668419,3.1500000000000002e-13,0.37461738837412384
9,1,0,0,0,0.0011898851232450902,0,0.3792353834847173,0,0,1.0063204839024709
9,2,0,0,0,0.0010801321730801359,0,0.0024190668432980773,0,0,0.0024800373628228222
9,3,0,0,0,0.0036378316932216275,0,0.3792353834847173,0,0,0.006225892391219629
9,4,2,2,2,-0.0029633906893750737,0.003468960252122419,1.4943416161399576,-0.0029575511454606957,0.0034716416639987632,-0
9,5,2,2,2,-0.0011381465038571175,0.0022556385397092052,1.4943422465394867,-0.001099967820775191,0.0019745275933378899,0
9,6,1,2,2,-0.0044545563865285923,-0.0011410333118055914,1.1843283205235735,-0.0043590896013592931,-0.00091616435046905983,0.73502611542308693
9,7,0,0,0,0.0012539017046624551,0,0.18174333820109498,0,0,1.0068934121364641
9,8,1,2,0,2.9955909988995907e-05,-8.3489280105100559e-05,1.1843283205235735,-0.00022754399930709532,-8.3489280105100559e-05,0.00086809051949157082
9,9,0,0,0,0.0020568956848819658,0,0.18174470178840518,0,0,1.0003827826690761
9,10,0,0,0,0.0018836690283439322,0,0,0,0,0.00065780070012217741
9,11,0,1,1,-0.0019817288050443726,-0.00040366037857912657,0.90253799970836568,-0.0018613903672269213,-3.1500000000000002e-13,0.11036990168911121
9,12,0,1,1,-0.00081797739580715941,4.4741276527428306e-05,0.42672254957106165,-0.00083157712460951467,3.1500000000000002e-13,0.73557020239633197
9,13,1,2,1,-0.00074640349167617056,-0.00040726897756373088,0.90253799970836568,-0.00072613392164073704,-0.00028888797899684083,1.0042169903074487
9,14,1,2,2,-0.0011838277258867038,-0.0004139810446737262,0.4267223515246335,-0.0011700862892074801,-0.00029483698940547165,0.0098777007058729587
9,15,2,2,2,0.00067181977921071162,0.0019395326505801504,1.0487162898854163,0.00047977802571145883,0.0018045326867827068,0
9,16,2,2,2,-0.004576870851449949,0.0015666691211252976,1.0487141205748409,-0.0042932978895759109,0.0014145070266964714,-0
9,17,0,0,0,-9.6536846235393105e-05,0,0.97402749952291001,0,0,0.37331114254436815
9,18,0,0,0,0.00085447532485364262,0,0.0013846060287916922,0,0,1.0036283155015984
9,19,0,0,0,0.00079123356269598477,0,0.97402749281891443,0,0,0.0014229737801862536
9,20,0,0,0,0.0034138531638765422,0,0.90513426424262078,0,0,0.99988090733912438
9,21,0,0,0,0.0061949400844537933,0,0.90513426424262078,0,0,0.00039127480455152457
9,22,1,2,2,-0.0012379475112439845,0.00027918701574370644,0.93197404523439764,-0.0012626099492934226,0.00031233664118996655,0.35397214877029337
9,23,1,2,2,-0.0020022916996457322,0.000395331706651868,0.93197371391302108,-0.0020161486368946925,0.00037513880743424063,0.059277502945518146
9,24,0,0,0,0.0003677514394872943,0,0.51258080019101704,0,0,0.35525237522390185
9,25,1,2,2,-0.0034148515739026233,0.00068871396028402111,0.51257798116575493,-0.0034165896464069421,0.00071088796829050127,0.40038041882988479
9,26,2,2,2,-0.005613979407868429,0.0032701406801955309,1.1261351570598208,-0.0056088126284814859,0.0032543061108926243,-0
9,27,2,2,2,-0.00056454228767823986,-0.00061369889676648939,1.1264000225453716,-0.00058229386899207828,-0.00052410561344939835,0
9,28,2,2,2,-0.00098048871365879814,0.0018443110690525154,0.51617132713844438,-0.00096285038107122298,0.0018491536860818466,0
9,29,2,2,2,0.0016796921730329528,0.001703057399090561,0.51617087458925293,0.0016720027791984615,0.0017340343784032416,-0
9,30,0,0,0,0.0026288967682565516,0,0.41665909225385528,0,0,0.99955771574128049
9,31,0,1,1,-0.00011663667669965093,-1.2493709118866895e-05,0.41665909225385528,-0.00010879985636551141,-3.1500000000000002e-13,1.0812640346649099e-05
9,32,1,2,2,-0.0011892220192956239,2.6257582981344395e-05,0.10740464369287685,-0.0012523749195024194,0.00014813095564550054,0.0055419033655998966
9,33,1,2,2,-0.001929472864146188,-0.00010762025344137041,0.10740464369287685,-0.0019064893785342488,2.9902576033103025e-05,0.11146874646466665
9,34,2,2,2,-0.0020840636397932363,0.0011007399970102709,0.70503874228337826,-0.0020663268951296131,0.0010822446800064583,0
9,35,2,2,2,0.00012452815460135794,-0.00013496173797779141,0.70509381217335154,9.5104902038518712e-05,-0.00010846044692257226,-0
9,36,2,2,2,-0.0009450424039805324,-0.0045793797759901183,1.4685917314738073,-0.0010317799982935004,-0.0043015861568142478,-0
9,37,2,2,2,-0.010179505457506456,0.0085791835168261398,1.4664334427771504,-0.010030472156261665,0.0081474200192240154,0
9,38,0,0,0,0.00050535468318668329,0,0.75393248221356846,0,0,0.41451213806373621
9,39,0,1,0,1.1279669046334201e-05,-3.1500000000000002e-13,0,-6.887273509369017e-05,-3.1500000000000002e-13,0.99958340431063075
9,40,0,0,0,0.00018470352779066741,0,0.75393251216379897,0,0,-0.00011050898346967746
9,41,1,2,2,-9.5012857817119859e-05,-1.1646484775929919e-05,0.53373454542234866,-9.668089161588345e-05,-1.0227603788066157e-05,1.9085830518456997e-05
9,42,0,0,0,0.00051699888154581601,0,0.53373454542234866,0,0,0.41445616425857473
9,43,2,2,2,-0.001477896248951865,0.0015712732316696303,0.71558295791714421,-0.001484610425608171,0.0015747995462849905,-0
9,44,2,2,2,-0.0016564462907808016,0.003390293627622274,0.71558287596041736,-0.0016350895108370215,0.0033651665378399138,0
9,45,0,0,0,-2.0634857888314687e-05,0,0.055886751012851885,0,0,1.0552158047121487
9,46,1,2,2,-0.0029715784505596372,0.00048757647154101694,0.66074279532829627,-0.0029730273307033567,0.00049661573598183293,0.003701749563603422
9,47,0,0,0,0.00038892879118729155,0,0,0,0,0
9,48,0,1,1,-0.00096840827210482915,1.2387500164547767e-05,0.50665761579059132,-0.00096997828420687009,3.1500000000000002e-13,1.0054147300383731
9,49,0,1,1,-0.0023021711074579479,1.2362494216831345e-05,0.66074346617034485,-0.0023006451988547452,3.1500000000000002e-13,0.0038571432090663024
9,50,1,2,2,-0.0030725129710846913,0.00090582966031293153,0.50665761579059132,-0.0030716103156752756,0.00089077570820288155,0.0061817095202703204
9,51,1,2,2,-0.00035866471200724149,1.1887978595921897e-05,0.76962020273468679,-0.00035654274244250922,5.0186866716898694e-05,0.39840424053913892
9,52,1,2,2,-0.0028626297568963683,0.0012162290063671135,0.76961889208100653,-0.002863016237907925,0.0012090171101111497,0.0051071314668721963
9,53,1,2,2,-3.9923665685761882e-05,-6.0519698201788104e-06,0.58220779887396301,-4.2929884301805639e-05,-3.5534824722972369e-06,2.6294280029792309e-05
9,54,0,1,1,-0.0021729401755632002,0.00014777259427991153,0.58220779887396301,-0.0021261293739668419,3.1500000000000002e-13,0.37461738837412384
10,1,0,0,0,0,0,0.37920372787941348,0,0,1.0063763984058023
10,2,0,0,0,0,0,0.0024463365093977552,0,0,0.0025077182251873045
10,3,0,0,0,0,0,0.37920372787941348,0,0,0.006406969292923617
10,4,2,0,2,-0.002964343922882192,0.0034691148981708039,1.4944418103897561,-0.002964343922882192,0.0034691148981708039,-0
10,5,2,0,2,-0.0011347592085284009,0.00224161440388137,1.4944424376183432,-0.0011347592085284009,0.00224161440388137,0
10,6,1,0,2,-0.0044463780774887983,-0.0012096139711850326,1.1844489076409419,-0.0044463780774887983,-0.0012096139711850326,0.73502611542308693
10,7,0,0,0,0,0,0.18179318977228792,0,0,1.0062099097261368
10,8,0,0,0,0,0,1.1844489076409419,0,0,0.00079783702560758411
10,9,0,0,0,0,0,0.18179274494229164,0,0,0.99941524860167419
10,10,0,0,0,0,0,0,0,0,0.00054048102359328747
10,11,0,0,1,-0.0019783060593493514,-3.1500000000000002e-13,0.90275164376340133,-0.0019783060593493514,-3.1500000000000002e-13,0.11018063065853545
10,12,1,0,2,-0.00081599821133735654,-2.7052500081261013e-05,0.42680649388851116,-0.00081599821133735654,-2.7052500081261013e-05,0.73557020239633197
10,13,0,0,1,-0.00074663260136417309,-3.1500000000000002e-13,0.90275164376340133,-0.00074663260136417309,-3.1500000000000002e-13,1.0039949046444512
10,14,1,0,2,-0.0011817353458278019,-0.00045731909291230435,0.42680628035814472,-0.0011817353458278019,-0.00045731909291230435,0.0098777007058729587
10,15,2,0,2,0.00066217994070121781,0.001928194828455848,1.0486926807324393,0.00066217994070121781,0.001928194828455848,0
10,16,2,0,2,-0.004578605578746754,0.0015575053681495742,1.0486902344747127,-0.004578605578746754,0.0015575053681495742,-0
10,17,0,0,0,0,0,0.97411067509537386,0,0,0.37326222921327762
10,18,0,0,0,0,0,0.0014030025796767564,0,0,1.0036761600236013
10,19,0,0,0,0,0,0.97411059570109992,0,0,0.0014477220106225964
10,20,0,0,0,0,0,0.9050425032715631,0,0,0.99996171930140798
10,21,0,0,0,0,0,0.9050425032715631,0,0,0.00054918809713659644
10,22,1,0,2,-0.0012379539444111896,0.00028020016306676293,0.93196944383752356,-0.0012379539444111896,0.00028020016306676293,0.35397214877029337
10,23,1,0,2,-0.0020023276021258487,0.00039015280216679496,0.9319691117040283,-0.0020023276021258487,0.00039015280216679496,0.059277502945518146
10,24,0,0,0,0,0,0.51256749920920763,0,0,0.35525103363636412
10,25,1,0,2,-0.0034150249280285568,0.00069183506831738074,0.51256468784169451,-0.0034150249280285568,0.00069183506831738074,0.40038041882988479
10,26,2,0,2,-0.0056115359141850688,0.0032669925361288842,1.1260982752682362,-0.0056115359141850688,0.0032669925361288842,-0
10,27,2,0,2,-0.00057371035363574597,-0.00059688155845315596,1.1263995409261736,-0.00057371035363574597,-0.00059688155845315596,0
10,28,2,0,2,-0.00098064688483464214,0.001843464117460979,0.51616865031579207,-0.00098064688483464214,0.001843464117460979,0
10,29,2,0,2,0.0016751904718529313,0.0017071189311531614,0.51616820357426174,0.0016751904718529313,0.0017071189311531614,-0
10,30,0,0,0,0,0,0.41666250169051877,0,0,0.99965492102540998
10,31,0,0,1,-0.00011651717758111366,-3.1500000000000002e-13,0.41666457192279455,-0.00011651717758111366,-3.1500000000000002e-13,0.99999247631476307
10,32,1,0,2,-0.0011891724223426481,3.9287430913761154e-05,0.10739568578545508,-0.0011891724223426481,3.9287430913761154e-05,0.0055419033655998966
10,33,1,0,2,-0.0019296431683109279,-0.00010200908168031791,0.10739568578545508,-0.0019296431683109279,-0.00010200908168031791,0.11146874646466665
10,34,2,0,2,-0.0020817996178635442,0.0010986563498920226,0.70501169288322085,-0.0020817996178635442,0.0010986563498920226,0
10,35,2,0,2,0.00012066145570573091,-0.0001318381452901683,0.70507848260157679,0.00012066145570573091,-0.0001318381452901683,-0
10,36,2,0,2,-0.00094231498499157331,-0.004572988781921597,1.4683234642710175,-0.00094231498499157331,-0.004572988781921597,-0
10,37,2,0,2,-0.010175676291764109,0.0085789452984768484,1.466029094613692,-0.010175676291764109,0.0085789452984768484,0
10,38,0,0,0,0,0,0.75400590320117866,0,0,0.41446432090813612
10,39,0,0,0,0,0,0,0,0,0.99893364060703227
10,40,0,0,0,0,0,0.75400591979548326,0,0,-0.00022117465720976272
10,41,1,0,2,-9.4905175270450592e-05,-1.1731517101234323e-05,0.5337240224361286,-9.4905175270450592e-05,-1.1731517101234323e-05,1.9085830518456997e-05
10,42,0,0,0,0,0,0.5337240224361286,0,0,0.41439505609371718
10,43,2,0,2,-0.0014787249557590913,0.001571920300199084,0.71558329964625833,-0.0014787249557590913,0.001571920300199084,-0
10,44,2,0,2,-0.0016536640637473108,0.0033868804609643718,0.71558320394024588,-0.0016536640637473108,0.0033868804609643718,0
10,45,0,0,0,0,0,0.055887352518797097,0,0,1.0551478094411537
10,46,1,0,2,-0.0029724599084556187,0.00048834627687529002,0.66074437744961845,-0.0029724599084556187,0.00048834627687529002,0.003701749563603422
10,47,0,0,0,0,0,0,0,0,0
10,48,0,0,1,-0.00096813223513670407,3.1500000000000002e-13,0.50665481462868056,-0.00096813223513670407,3.1500000000000002e-13,1.0054239041859421
10,49,0,0,1,-0.0023011590854019196,3.1500000000000002e-13,0.66074504721573046,-0.0023011590854019196,3.1500000000000002e-13,0.0038643100037048981
10,50,1,0,2,-0.0030717290378797549,0.00090225412248096212,0.50665481462868056,-0.0030717290378797549,0.00090225412248096212,0.0061817095202703204
10,51,1,0,2,-0.000359267836595589,1.8955430938212609e-05,0.76963015544272706,-0.000359267836595589,1.8955430938212609e-05,0.39840424053913892
10,52,1,0,2,-0.002862611924314213,0.0012146641506028827,0.76962884560779277,-0.002862611924314213,0.0012146641506028827,0.0051071314668721963
10,53,1,0,2,-3.9755977414962804e-05,-6.3021346064959053e-06,0.58228913419638439,-3.9755977414962804e-05,-6.3021346064959053e-06,2.6294280029792309e-05
10,54,0,0,1,-0.002178848787925737,3.1500000000000002e-13,0.58228913419638439,-0.002178848787925737,3.1500000000000002e-13,0.37466608466469808
